000005.jpg,chair,131.0,164.0,27.0,76.0
000005.jpg,chair,94.0,190.0,39.0,65.0
000005.jpg,chair,16.0,185.0,28.0,78.0
000005.jpg,chair,120.0,147.0,24.0,63.0
000005.jpg,chair,132.0,121.0,16.0,20.0
000007.jpg,car,144.0,128.0,161.0,188.0
000009.jpg,horse,76.0,150.0,90.0,94.0
000009.jpg,person,85.0,127.0,35.0,85.0
000009.jpg,person,137.0,159.0,19.0,78.0
000009.jpg,person,124.0,157.0,17.0,78.0
000012.jpg,car,114.0,123.0,87.0,116.0
000016.jpg,bicycle,133.0,122.0,143.0,180.0
000017.jpg,person,108.0,80.0,44.0,84.0
000017.jpg,horse,115.0,127.0,146.0,159.0
000019.jpg,cat,160.0,103.0,113.0,100.0
000019.jpg,cat,62.0,111.0,114.0,87.0
000020.jpg,car,121.0,126.0,202.0,120.0
000021.jpg,dog,61.0,140.0,121.0,69.0
000021.jpg,person,182.0,116.0,84.0,200.0
000021.jpg,person,72.0,100.0,83.0,127.0
000021.jpg,person,51.0,134.0,87.0,107.0
000023.jpg,bicycle,85.0,164.0,158.0,121.0
000023.jpg,bicycle,189.0,161.0,70.0,125.0
000023.jpg,bicycle,31.0,152.0,59.0,144.0
000023.jpg,person,40.0,83.0,77.0,165.0
000023.jpg,person,82.0,104.0,161.0,206.0
000023.jpg,person,187.0,109.0,73.0,217.0
000024.jpg,train,153.0,138.0,131.0,55.0
000026.jpg,car,96.0,113.0,111.0,59.0
000030.jpg,bicycle,48.0,148.0,65.0,50.0
000030.jpg,person,45.0,135.0,44.0,79.0
000030.jpg,person,167.0,128.0,69.0,91.0
000032.jpg,aeroplane,107.0,104.0,121.0,84.0
000032.jpg,aeroplane,74.0,84.0,29.0,28.0
000032.jpg,person,91.0,163.0,8.0,39.0
000032.jpg,person,16.0,170.0,8.0,39.0
000033.jpg,aeroplane,114.0,113.0,220.0,95.0
000033.jpg,aeroplane,202.0,130.0,27.0,16.0
000033.jpg,aeroplane,165.0,126.0,39.0,21.0
000034.jpg,train,148.0,127.0,152.0,104.0
000034.jpg,train,147.0,86.0,119.0,34.0
000035.jpg,person,43.0,136.0,85.0,158.0
000035.jpg,person,153.0,124.0,111.0,131.0
000035.jpg,person,217.0,153.0,14.0,73.0
000035.jpg,diningtable,113.0,203.0,223.0,42.0
000036.jpg,dog,117.0,95.0,197.0,119.0
000039.jpg,tvmonitor,112.0,110.0,84.0,113.0
000041.jpg,tvmonitor,178.0,52.0,31.0,40.0
000041.jpg,person,117.0,133.0,41.0,141.0
000041.jpg,person,88.0,132.0,28.0,65.0
000042.jpg,train,171.0,109.0,106.0,176.0
000042.jpg,train,53.0,112.0,105.0,176.0
000044.jpg,chair,83.0,111.0,165.0,221.0
000044.jpg,cat,92.0,106.0,95.0,75.0
000046.jpg,bird,178.0,134.0,72.0,59.0
000047.jpg,car,106.0,105.0,199.0,209.0
000047.jpg,chair,207.0,135.0,22.0,40.0
000048.jpg,bird,104.0,128.0,139.0,160.0
000048.jpg,person,91.0,112.0,179.0,224.0
000050.jpg,chair,201.0,122.0,39.0,61.0
000050.jpg,chair,131.0,89.0,17.0,24.0
000050.jpg,bottle,166.0,136.0,9.0,44.0
000050.jpg,bottle,184.0,124.0,10.0,32.0
000050.jpg,bottle,126.0,128.0,9.0,40.0
000050.jpg,bottle,136.0,125.0,8.0,39.0
000050.jpg,person,81.0,141.0,101.0,167.0
000050.jpg,person,20.0,120.0,39.0,156.0
000050.jpg,person,99.0,79.0,33.0,77.0
000050.jpg,person,155.0,90.0,54.0,104.0
000051.jpg,motorbike,191.0,153.0,66.0,142.0
000051.jpg,motorbike,119.0,73.0,144.0,146.0
000051.jpg,person,197.0,76.0,22.0,80.0
000052.jpg,pottedplant,195.0,166.0,20.0,21.0
000052.jpg,pottedplant,140.0,171.0,19.0,22.0
000052.jpg,pottedplant,92.0,172.0,20.0,24.0
000052.jpg,pottedplant,34.0,174.0,21.0,20.0
000052.jpg,pottedplant,38.0,77.0,20.0,24.0
000052.jpg,pottedplant,92.0,75.0,18.0,23.0
000060.jpg,car,96.0,158.0,191.0,131.0
000060.jpg,car,108.0,100.0,214.0,116.0
000060.jpg,car,95.0,56.0,189.0,76.0
000060.jpg,car,112.0,47.0,185.0,85.0
000060.jpg,car,151.0,35.0,124.0,62.0
000061.jpg,boat,159.0,98.0,73.0,180.0
000061.jpg,boat,104.0,157.0,43.0,26.0
000063.jpg,dog,112.0,116.0,115.0,96.0
000063.jpg,chair,113.0,112.0,158.0,223.0
000064.jpg,bird,102.0,117.0,203.0,214.0
000065.jpg,dog,90.0,146.0,177.0,154.0
000066.jpg,person,98.0,125.0,9.0,26.0
000066.jpg,person,116.0,132.0,14.0,46.0
000066.jpg,person,126.0,134.0,12.0,42.0
000072.jpg,motorbike,125.0,122.0,197.0,180.0
000072.jpg,motorbike,122.0,40.0,200.0,42.0
000073.jpg,pottedplant,148.0,135.0,152.0,142.0
000073.jpg,pottedplant,20.0,137.0,37.0,137.0
000073.jpg,boat,193.0,109.0,63.0,79.0
000073.jpg,person,50.0,144.0,74.0,160.0
000077.jpg,cat,166.0,112.0,116.0,223.0
000077.jpg,cat,69.0,112.0,136.0,223.0
000078.jpg,dog,110.0,130.0,206.0,180.0
000078.jpg,dog,119.0,75.0,154.0,105.0
000081.jpg,sofa,156.0,148.0,102.0,83.0
000081.jpg,sofa,51.0,164.0,95.0,105.0
000081.jpg,person,121.0,130.0,64.0,50.0
000081.jpg,person,179.0,138.0,46.0,81.0
000081.jpg,person,52.0,166.0,49.0,115.0
000081.jpg,person,23.0,127.0,20.0,32.0
000081.jpg,person,164.0,195.0,60.0,59.0
000081.jpg,person,118.0,183.0,61.0,77.0
000081.jpg,person,133.0,212.0,24.0,24.0
000083.jpg,car,125.0,115.0,151.0,186.0
000083.jpg,person,183.0,46.0,25.0,89.0
000083.jpg,person,74.0,43.0,25.0,68.0
000083.jpg,person,17.0,75.0,33.0,124.0
000083.jpg,person,39.0,69.0,24.0,73.0
000083.jpg,person,26.0,72.0,23.0,75.0
000089.jpg,person,45.0,108.0,73.0,208.0
000089.jpg,person,118.0,176.0,148.0,95.0
000089.jpg,person,176.0,152.0,55.0,135.0
000089.jpg,chair,76.0,102.0,132.0,144.0
000091.jpg,car,72.0,157.0,31.0,26.0
000091.jpg,car,42.0,154.0,11.0,12.0
000091.jpg,car,49.0,157.0,16.0,14.0
000093.jpg,dog,116.0,125.0,76.0,85.0
000093.jpg,chair,124.0,113.0,200.0,221.0
000095.jpg,train,103.0,117.0,188.0,162.0
000095.jpg,train,26.0,124.0,51.0,76.0
000099.jpg,cat,73.0,98.0,142.0,105.0
000101.jpg,chair,119.0,82.0,73.0,86.0
000101.jpg,person,99.0,134.0,161.0,181.0
000102.jpg,sofa,205.0,146.0,38.0,83.0
000102.jpg,sofa,106.0,122.0,103.0,84.0
000104.jpg,tvmonitor,202.0,126.0,43.0,104.0
000104.jpg,person,164.0,137.0,68.0,174.0
000104.jpg,person,64.0,114.0,126.0,219.0
000107.jpg,sheep,218.0,120.0,13.0,32.0
000107.jpg,cow,141.0,98.0,17.0,17.0
000107.jpg,sheep,112.0,94.0,8.0,14.0
000109.jpg,bird,112.0,109.0,208.0,197.0
000110.jpg,person,42.0,163.0,14.0,48.0
000110.jpg,person,31.0,172.0,14.0,67.0
000110.jpg,person,18.0,160.0,9.0,42.0
000112.jpg,dog,117.0,112.0,139.0,69.0
000112.jpg,chair,203.0,81.0,20.0,16.0
000113.jpg,person,141.0,122.0,34.0,107.0
000117.jpg,aeroplane,112.0,110.0,223.0,163.0
000118.jpg,cat,100.0,141.0,52.0,166.0
000120.jpg,dog,113.0,111.0,168.0,87.0
000121.jpg,tvmonitor,163.0,88.0,100.0,143.0
000121.jpg,tvmonitor,61.0,90.0,103.0,146.0
000122.jpg,cat,110.0,115.0,186.0,212.0
000123.jpg,train,80.0,109.0,160.0,188.0
000125.jpg,bicycle,207.0,147.0,34.0,34.0
000125.jpg,person,202.0,123.0,14.0,21.0
000125.jpg,person,179.0,144.0,15.0,38.0
000125.jpg,person,165.0,146.0,13.0,38.0
000129.jpg,bicycle,109.0,157.0,124.0,134.0
000129.jpg,bicycle,196.0,166.0,56.0,116.0
000129.jpg,bicycle,23.0,130.0,44.0,131.0
000129.jpg,person,22.0,82.0,44.0,162.0
000129.jpg,person,116.0,104.0,133.0,207.0
000129.jpg,person,197.0,113.0,55.0,210.0
000130.jpg,boat,113.0,75.0,222.0,148.0
000131.jpg,car,107.0,123.0,212.0,112.0
000131.jpg,person,66.0,94.0,22.0,19.0
000131.jpg,person,92.0,92.0,19.0,22.0
000132.jpg,bus,72.0,114.0,106.0,158.0
000133.jpg,person,120.0,116.0,167.0,216.0
000133.jpg,horse,119.0,163.0,102.0,122.0
000133.jpg,person,24.0,23.0,27.0,45.0
000133.jpg,horse,45.0,36.0,48.0,21.0
000134.jpg,car,109.0,134.0,218.0,130.0
000138.jpg,person,36.0,115.0,66.0,155.0
000138.jpg,person,96.0,107.0,62.0,135.0
000138.jpg,person,149.0,130.0,97.0,188.0
000138.jpg,person,193.0,144.0,61.0,159.0
000140.jpg,dog,110.0,125.0,125.0,86.0
000140.jpg,sofa,112.0,144.0,223.0,161.0
000141.jpg,bird,99.0,120.0,176.0,183.0
000142.jpg,car,110.0,104.0,197.0,111.0
000143.jpg,cat,150.0,127.0,148.0,193.0
000146.jpg,person,122.0,138.0,58.0,90.0
000147.jpg,chair,22.0,84.0,14.0,28.0
000147.jpg,chair,43.0,88.0,17.0,24.0
000147.jpg,chair,72.0,92.0,13.0,17.0
000147.jpg,chair,106.0,96.0,9.0,15.0
000147.jpg,chair,141.0,94.0,11.0,17.0
000147.jpg,chair,174.0,92.0,13.0,22.0
000147.jpg,chair,202.0,88.0,13.0,25.0
000150.jpg,horse,113.0,115.0,60.0,125.0
000150.jpg,person,164.0,54.0,12.0,36.0
000150.jpg,person,191.0,54.0,9.0,39.0
000150.jpg,person,217.0,51.0,7.0,30.0
000150.jpg,person,222.0,51.0,5.0,33.0
000153.jpg,car,133.0,101.0,54.0,26.0
000153.jpg,car,68.0,38.0,13.0,8.0
000153.jpg,car,37.0,71.0,32.0,7.0
000153.jpg,car,15.0,69.0,27.0,8.0
000154.jpg,boat,95.0,115.0,138.0,128.0
000154.jpg,boat,201.0,137.0,8.0,13.0
000156.jpg,sofa,95.0,127.0,152.0,167.0
000156.jpg,car,208.0,74.0,29.0,24.0
000156.jpg,car,188.0,77.0,14.0,17.0
000158.jpg,bird,104.0,87.0,32.0,74.0
000159.jpg,person,116.0,58.0,23.0,51.0
000159.jpg,car,112.0,117.0,223.0,213.0
000161.jpg,car,123.0,122.0,153.0,204.0
000161.jpg,car,42.0,139.0,24.0,53.0
000162.jpg,tvmonitor,154.0,157.0,33.0,43.0
000162.jpg,person,113.0,153.0,51.0,135.0
000163.jpg,person,81.0,91.0,115.0,159.0
000163.jpg,motorbike,108.0,131.0,193.0,149.0
000164.jpg,motorbike,108.0,150.0,114.0,116.0
000164.jpg,person,165.0,125.0,69.0,192.0
000165.jpg,person,132.0,128.0,184.0,193.0
000169.jpg,car,113.0,105.0,205.0,172.0
000169.jpg,person,59.0,18.0,26.0,32.0
000169.jpg,car,210.0,68.0,27.0,104.0
000169.jpg,person,193.0,40.0,11.0,28.0
000169.jpg,person,211.0,36.0,15.0,24.0
000169.jpg,car,26.0,60.0,41.0,58.0
000170.jpg,bottle,44.0,79.0,10.0,39.0
000170.jpg,bottle,26.0,88.0,14.0,40.0
000170.jpg,bottle,151.0,106.0,13.0,35.0
000170.jpg,bottle,195.0,105.0,8.0,23.0
000170.jpg,person,10.0,89.0,18.0,69.0
000170.jpg,person,104.0,119.0,205.0,205.0
000171.jpg,dog,39.0,156.0,76.0,52.0
000171.jpg,person,140.0,115.0,168.0,211.0
000173.jpg,person,107.0,84.0,93.0,109.0
000173.jpg,horse,113.0,123.0,102.0,187.0
000174.jpg,person,127.0,114.0,127.0,221.0
000177.jpg,diningtable,116.0,157.0,180.0,133.0
000177.jpg,person,189.0,157.0,70.0,134.0
000177.jpg,person,174.0,134.0,60.0,165.0
000177.jpg,person,156.0,90.0,39.0,70.0
000177.jpg,person,138.0,78.0,26.0,50.0
000177.jpg,person,95.0,69.0,44.0,57.0
000177.jpg,person,65.0,78.0,17.0,43.0
000177.jpg,person,52.0,95.0,37.0,86.0
000177.jpg,person,22.0,145.0,43.0,157.0
000180.jpg,car,114.0,139.0,216.0,147.0
000184.jpg,boat,140.0,89.0,22.0,51.0
000184.jpg,boat,174.0,99.0,13.0,26.0
000184.jpg,boat,210.0,103.0,10.0,22.0
000184.jpg,boat,70.0,112.0,139.0,223.0
000187.jpg,tvmonitor,54.0,129.0,107.0,144.0
000189.jpg,bird,117.0,115.0,177.0,183.0
000190.jpg,bus,207.0,140.0,33.0,45.0
000190.jpg,bus,125.0,142.0,39.0,25.0
000190.jpg,bus,69.0,146.0,13.0,38.0
000190.jpg,bus,45.0,155.0,45.0,59.0
000190.jpg,bus,13.0,156.0,24.0,62.0
000190.jpg,person,143.0,152.0,5.0,17.0
000190.jpg,person,126.0,152.0,3.0,16.0
000190.jpg,person,123.0,150.0,2.0,7.0
000190.jpg,person,117.0,153.0,4.0,17.0
000190.jpg,person,113.0,153.0,4.0,14.0
000190.jpg,person,94.0,154.0,4.0,15.0
000190.jpg,person,86.0,155.0,4.0,20.0
000190.jpg,person,81.0,155.0,3.0,17.0
000192.jpg,person,106.0,131.0,108.0,186.0
000192.jpg,chair,11.0,175.0,21.0,97.0
000193.jpg,person,130.0,113.0,188.0,222.0
000193.jpg,person,51.0,121.0,101.0,207.0
000193.jpg,sofa,112.0,149.0,223.0,149.0
000194.jpg,horse,114.0,130.0,107.0,188.0
000194.jpg,person,111.0,78.0,62.0,117.0
000194.jpg,person,202.0,104.0,13.0,55.0
000198.jpg,train,100.0,125.0,56.0,70.0
000200.jpg,person,29.0,84.0,34.0,133.0
000200.jpg,person,43.0,136.0,73.0,175.0
000200.jpg,person,88.0,122.0,44.0,203.0
000200.jpg,person,140.0,121.0,78.0,207.0
000200.jpg,person,200.0,118.0,49.0,212.0
000200.jpg,bottle,169.0,207.0,11.0,33.0
000200.jpg,bottle,110.0,160.0,13.0,58.0
000203.jpg,chair,49.0,167.0,52.0,112.0
000207.jpg,bus,38.0,118.0,75.0,52.0
000208.jpg,diningtable,37.0,116.0,74.0,79.0
000208.jpg,chair,186.0,179.0,76.0,91.0
000208.jpg,chair,67.0,99.0,28.0,63.0
000208.jpg,chair,43.0,113.0,32.0,79.0
000208.jpg,chair,8.0,128.0,14.0,36.0
000208.jpg,sofa,143.0,137.0,104.0,94.0
000209.jpg,cat,93.0,135.0,173.0,179.0
000210.jpg,car,175.0,131.0,12.0,8.0
000210.jpg,person,204.0,134.0,11.0,14.0
000210.jpg,person,147.0,132.0,5.0,7.0
000210.jpg,person,12.0,136.0,10.0,16.0
000211.jpg,cow,65.0,182.0,88.0,52.0
000214.jpg,horse,158.0,112.0,132.0,223.0
000215.jpg,cat,108.0,118.0,87.0,158.0
000218.jpg,dog,142.0,107.0,58.0,128.0
000218.jpg,chair,69.0,59.0,43.0,116.0
000218.jpg,person,57.0,75.0,113.0,149.0
000219.jpg,motorbike,145.0,179.0,128.0,59.0
000220.jpg,car,113.0,125.0,190.0,99.0
000220.jpg,car,208.0,84.0,33.0,32.0
000220.jpg,person,129.0,100.0,21.0,24.0
000221.jpg,car,113.0,111.0,161.0,119.0
000222.jpg,diningtable,108.0,162.0,56.0,66.0
000222.jpg,person,137.0,183.0,50.0,82.0
000222.jpg,person,76.0,182.0,51.0,83.0
000222.jpg,bottle,102.0,146.0,6.0,26.0
000222.jpg,bottle,107.0,140.0,5.0,26.0
000222.jpg,person,161.0,109.0,16.0,40.0
000222.jpg,person,77.0,123.0,12.0,18.0
000222.jpg,person,82.0,122.0,21.0,32.0
000222.jpg,person,126.0,121.0,26.0,30.0
000222.jpg,person,140.0,130.0,18.0,29.0
000222.jpg,person,155.0,161.0,25.0,72.0
000222.jpg,person,60.0,164.0,31.0,81.0
000222.jpg,person,211.0,197.0,25.0,55.0
000222.jpg,chair,170.0,185.0,13.0,79.0
000222.jpg,chair,170.0,145.0,10.0,31.0
000224.jpg,tvmonitor,57.0,148.0,82.0,106.0
000224.jpg,bottle,202.0,185.0,44.0,78.0
000225.jpg,sheep,108.0,121.0,103.0,112.0
000225.jpg,sheep,11.0,35.0,20.0,40.0
000228.jpg,aeroplane,91.0,104.0,99.0,98.0
000229.jpg,diningtable,116.0,174.0,146.0,99.0
000229.jpg,person,198.0,176.0,39.0,91.0
000229.jpg,person,173.0,137.0,41.0,82.0
000229.jpg,person,184.0,101.0,24.0,41.0
000229.jpg,person,129.0,102.0,44.0,48.0
000229.jpg,person,80.0,119.0,28.0,66.0
000229.jpg,person,62.0,145.0,52.0,100.0
000229.jpg,person,24.0,168.0,47.0,112.0
000229.jpg,bottle,165.0,200.0,13.0,41.0
000229.jpg,bottle,21.0,85.0,7.0,22.0
000229.jpg,chair,215.0,141.0,17.0,56.0
000232.jpg,cow,95.0,127.0,147.0,145.0
000232.jpg,person,108.0,37.0,10.0,36.0
000232.jpg,boat,202.0,57.0,43.0,29.0
000232.jpg,boat,20.0,42.0,39.0,26.0
000232.jpg,boat,41.0,47.0,32.0,13.0
000233.jpg,sheep,170.0,111.0,92.0,96.0
000233.jpg,car,101.0,58.0,202.0,114.0
000235.jpg,chair,125.0,188.0,33.0,72.0
000235.jpg,chair,91.0,209.0,60.0,29.0
000235.jpg,chair,22.0,199.0,43.0,50.0
000235.jpg,chair,192.0,168.0,24.0,42.0
000235.jpg,diningtable,71.0,191.0,106.0,65.0
000235.jpg,sofa,195.0,133.0,19.0,37.0
000235.jpg,pottedplant,86.0,120.0,7.0,41.0
000236.jpg,bird,81.0,142.0,84.0,85.0
000241.jpg,boat,192.0,138.0,65.0,58.0
000241.jpg,boat,45.0,96.0,37.0,62.0
000241.jpg,boat,133.0,105.0,46.0,50.0
000242.jpg,cat,112.0,98.0,222.0,191.0
000244.jpg,sheep,61.0,145.0,18.0,19.0
000245.jpg,car,113.0,126.0,211.0,96.0
000245.jpg,person,142.0,93.0,12.0,19.0
000246.jpg,dog,88.0,106.0,121.0,159.0
000249.jpg,chair,56.0,174.0,52.0,96.0
000249.jpg,chair,60.0,127.0,23.0,21.0
000249.jpg,chair,80.0,122.0,21.0,17.0
000249.jpg,chair,100.0,172.0,45.0,96.0
000249.jpg,chair,131.0,164.0,22.0,84.0
000249.jpg,chair,131.0,116.0,20.0,17.0
000249.jpg,chair,153.0,117.0,31.0,73.0
000249.jpg,diningtable,95.0,161.0,99.0,84.0
000250.jpg,diningtable,106.0,163.0,212.0,122.0
000250.jpg,bottle,55.0,126.0,24.0,103.0
000251.jpg,car,37.0,218.0,73.0,12.0
000251.jpg,car,21.0,207.0,40.0,11.0
000251.jpg,car,92.0,209.0,89.0,29.0
000251.jpg,car,202.0,211.0,45.0,27.0
000251.jpg,person,30.0,201.0,9.0,18.0
000251.jpg,person,10.0,195.0,8.0,13.0
000251.jpg,person,15.0,199.0,9.0,14.0
000256.jpg,aeroplane,112.0,107.0,216.0,89.0
000257.jpg,tvmonitor,59.0,17.0,45.0,33.0
000257.jpg,person,54.0,154.0,90.0,139.0
000257.jpg,person,145.0,132.0,133.0,183.0
000259.jpg,person,150.0,112.0,147.0,223.0
000259.jpg,person,61.0,82.0,120.0,163.0
000262.jpg,car,189.0,167.0,70.0,114.0
000263.jpg,car,112.0,123.0,201.0,44.0
000263.jpg,car,21.0,191.0,41.0,65.0
000266.jpg,dog,141.0,116.0,165.0,215.0
000266.jpg,sofa,112.0,112.0,223.0,224.0
000268.jpg,aeroplane,138.0,129.0,115.0,120.0
000268.jpg,aeroplane,59.0,132.0,117.0,185.0
000269.jpg,bottle,87.0,197.0,9.0,38.0
000269.jpg,bottle,140.0,188.0,13.0,45.0
000269.jpg,bottle,112.0,9.0,9.0,17.0
000269.jpg,bottle,74.0,9.0,8.0,18.0
000269.jpg,bottle,66.0,10.0,7.0,18.0
000269.jpg,person,162.0,91.0,121.0,106.0
000269.jpg,person,75.0,108.0,69.0,136.0
000269.jpg,person,54.0,157.0,74.0,134.0
000269.jpg,person,143.0,118.0,84.0,134.0
000269.jpg,person,165.0,150.0,98.0,147.0
000270.jpg,train,133.0,105.0,131.0,44.0
000275.jpg,person,128.0,82.0,64.0,117.0
000275.jpg,horse,112.0,126.0,170.0,151.0
000276.jpg,person,107.0,108.0,60.0,70.0
000276.jpg,person,126.0,196.0,59.0,57.0
000276.jpg,person,51.0,196.0,65.0,57.0
000278.jpg,dog,178.0,159.0,92.0,131.0
000278.jpg,person,118.0,139.0,137.0,171.0
000282.jpg,chair,183.0,190.0,67.0,66.0
000282.jpg,person,180.0,121.0,67.0,117.0
000282.jpg,person,132.0,129.0,56.0,190.0
000282.jpg,person,45.0,122.0,88.0,205.0
000282.jpg,person,79.0,154.0,107.0,141.0
000285.jpg,person,154.0,135.0,107.0,178.0
000285.jpg,person,60.0,141.0,87.0,166.0
000285.jpg,chair,181.0,173.0,30.0,103.0
000285.jpg,chair,78.0,178.0,49.0,93.0
000288.jpg,person,221.0,153.0,7.0,71.0
000288.jpg,person,207.0,150.0,16.0,81.0
000288.jpg,person,192.0,132.0,9.0,59.0
000288.jpg,person,199.0,130.0,4.0,50.0
000288.jpg,person,189.0,138.0,8.0,57.0
000288.jpg,person,186.0,150.0,7.0,38.0
000288.jpg,person,173.0,142.0,13.0,73.0
000288.jpg,person,159.0,142.0,22.0,56.0
000288.jpg,person,5.0,154.0,9.0,102.0
000288.jpg,person,8.0,119.0,14.0,90.0
000288.jpg,car,24.0,117.0,21.0,42.0
000288.jpg,bus,101.0,101.0,141.0,173.0
000289.jpg,car,86.0,111.0,129.0,89.0
000294.jpg,bird,176.0,113.0,56.0,213.0
000294.jpg,bird,50.0,139.0,50.0,166.0
000296.jpg,car,208.0,98.0,33.0,36.0
000296.jpg,boat,113.0,110.0,186.0,66.0
000298.jpg,person,116.0,113.0,71.0,189.0
000302.jpg,car,221.0,178.0,5.0,26.0
000302.jpg,car,215.0,157.0,5.0,13.0
000302.jpg,car,170.0,169.0,89.0,69.0
000302.jpg,car,126.0,152.0,32.0,30.0
000302.jpg,car,20.0,184.0,39.0,80.0
000302.jpg,person,71.0,182.0,23.0,73.0
000302.jpg,motorbike,75.0,191.0,41.0,56.0
000303.jpg,car,115.0,95.0,217.0,143.0
000303.jpg,car,216.0,70.0,16.0,56.0
000303.jpg,car,212.0,48.0,25.0,15.0
000303.jpg,car,21.0,52.0,41.0,30.0
000303.jpg,car,19.0,63.0,37.0,30.0
000303.jpg,car,12.0,91.0,22.0,51.0
000304.jpg,tvmonitor,97.0,75.0,96.0,64.0
000305.jpg,bicycle,105.0,164.0,188.0,120.0
000305.jpg,person,128.0,124.0,179.0,177.0
000306.jpg,cow,52.0,66.0,25.0,51.0
000306.jpg,cow,66.0,78.0,30.0,64.0
000306.jpg,cow,121.0,85.0,29.0,52.0
000306.jpg,cow,153.0,82.0,34.0,57.0
000307.jpg,pottedplant,112.0,113.0,223.0,222.0
000307.jpg,pottedplant,9.0,180.0,17.0,87.0
000308.jpg,person,176.0,87.0,37.0,54.0
000308.jpg,person,119.0,117.0,38.0,87.0
000308.jpg,person,87.0,142.0,44.0,100.0
000308.jpg,person,87.0,84.0,28.0,32.0
000308.jpg,person,110.0,78.0,27.0,28.0
000308.jpg,diningtable,96.0,135.0,163.0,108.0
000311.jpg,car,108.0,118.0,173.0,186.0
000312.jpg,train,113.0,112.0,223.0,222.0
000317.jpg,car,118.0,118.0,129.0,44.0
000318.jpg,car,170.0,83.0,51.0,60.0
000318.jpg,car,112.0,76.0,45.0,42.0
000320.jpg,car,192.0,8.0,19.0,9.0
000320.jpg,car,172.0,8.0,19.0,7.0
000320.jpg,car,150.0,7.0,27.0,13.0
000320.jpg,person,111.0,129.0,222.0,189.0
000321.jpg,person,99.0,140.0,138.0,130.0
000322.jpg,person,108.0,113.0,204.0,223.0
000323.jpg,person,174.0,113.0,100.0,222.0
000323.jpg,person,71.0,113.0,131.0,222.0
000325.jpg,aeroplane,134.0,79.0,179.0,82.0
000328.jpg,horse,71.0,139.0,89.0,80.0
000328.jpg,horse,11.0,114.0,22.0,81.0
000328.jpg,horse,167.0,113.0,60.0,93.0
000328.jpg,horse,134.0,114.0,16.0,48.0
000328.jpg,person,65.0,97.0,26.0,111.0
000328.jpg,person,85.0,78.0,17.0,44.0
000328.jpg,person,174.0,92.0,23.0,90.0
000328.jpg,person,136.0,92.0,21.0,58.0
000329.jpg,car,136.0,149.0,12.0,15.0
000329.jpg,car,103.0,154.0,10.0,11.0
000329.jpg,car,119.0,147.0,7.0,8.0
000331.jpg,chair,162.0,160.0,121.0,111.0
000331.jpg,chair,59.0,145.0,46.0,91.0
000331.jpg,chair,15.0,194.0,29.0,60.0
000331.jpg,person,151.0,162.0,125.0,95.0
000332.jpg,horse,76.0,105.0,103.0,143.0
000334.jpg,car,69.0,107.0,106.0,50.0
000336.jpg,dog,107.0,113.0,210.0,218.0
000337.jpg,bicycle,53.0,128.0,38.0,73.0
000337.jpg,bicycle,145.0,164.0,94.0,118.0
000337.jpg,person,22.0,42.0,17.0,49.0
000337.jpg,person,63.0,17.0,19.0,29.0
000337.jpg,person,63.0,47.0,24.0,62.0
000337.jpg,person,119.0,36.0,21.0,51.0
000337.jpg,person,52.0,104.0,43.0,97.0
000337.jpg,person,143.0,117.0,75.0,198.0
000337.jpg,person,91.0,62.0,25.0,34.0
000337.jpg,person,110.0,73.0,12.0,41.0
000338.jpg,person,93.0,70.0,9.0,17.0
000338.jpg,car,104.0,93.0,135.0,87.0
000340.jpg,bird,175.0,148.0,51.0,139.0
000340.jpg,bird,58.0,88.0,51.0,130.0
000343.jpg,car,115.0,119.0,208.0,149.0
000344.jpg,bottle,118.0,99.0,130.0,197.0
000347.jpg,horse,117.0,110.0,161.0,217.0
000349.jpg,diningtable,128.0,147.0,114.0,138.0
000349.jpg,chair,179.0,146.0,71.0,142.0
000349.jpg,chair,144.0,66.0,34.0,41.0
000349.jpg,chair,69.0,116.0,47.0,124.0
000349.jpg,chair,110.0,160.0,71.0,128.0
000349.jpg,tvmonitor,20.0,40.0,39.0,77.0
000352.jpg,person,41.0,94.0,52.0,107.0
000352.jpg,person,76.0,95.0,35.0,108.0
000352.jpg,person,114.0,102.0,50.0,134.0
000352.jpg,person,178.0,137.0,92.0,174.0
000352.jpg,sofa,115.0,142.0,219.0,164.0
000354.jpg,cat,114.0,147.0,91.0,155.0
000355.jpg,car,101.0,111.0,181.0,173.0
000359.jpg,dog,169.0,167.0,65.0,95.0
000359.jpg,person,81.0,111.0,136.0,210.0
000359.jpg,chair,119.0,114.0,198.0,153.0
000363.jpg,bird,62.0,85.0,72.0,151.0
000363.jpg,bird,148.0,153.0,152.0,142.0
000367.jpg,bottle,112.0,116.0,20.0,84.0
000367.jpg,bottle,162.0,142.0,26.0,139.0
000367.jpg,bottle,183.0,156.0,13.0,94.0
000367.jpg,bottle,137.0,139.0,18.0,128.0
000367.jpg,car,208.0,123.0,31.0,27.0
000367.jpg,car,112.0,188.0,223.0,72.0
000367.jpg,person,105.0,99.0,54.0,119.0
000370.jpg,boat,78.0,108.0,71.0,91.0
000370.jpg,boat,149.0,113.0,79.0,81.0
000372.jpg,person,141.0,106.0,41.0,186.0
000372.jpg,horse,173.0,91.0,30.0,28.0
000372.jpg,horse,74.0,109.0,78.0,189.0
000373.jpg,car,114.0,178.0,202.0,49.0
000374.jpg,motorbike,123.0,137.0,202.0,173.0
000374.jpg,person,99.0,103.0,86.0,204.0
000374.jpg,person,39.0,51.0,38.0,97.0
000374.jpg,person,149.0,43.0,17.0,48.0
000374.jpg,person,138.0,45.0,11.0,48.0
000374.jpg,person,104.0,37.0,14.0,26.0
000374.jpg,person,16.0,51.0,13.0,50.0
000374.jpg,person,217.0,48.0,12.0,54.0
000374.jpg,person,206.0,46.0,11.0,48.0
000374.jpg,person,165.0,43.0,6.0,37.0
000379.jpg,bicycle,110.0,107.0,178.0,194.0
000380.jpg,bicycle,112.0,113.0,222.0,220.0
000381.jpg,diningtable,114.0,153.0,220.0,142.0
000381.jpg,chair,67.0,95.0,39.0,49.0
000381.jpg,chair,24.0,124.0,47.0,69.0
000381.jpg,chair,33.0,197.0,66.0,52.0
000381.jpg,bottle,98.0,10.0,11.0,13.0
000382.jpg,boat,50.0,149.0,96.0,149.0
000382.jpg,person,65.0,126.0,11.0,15.0
000387.jpg,car,109.0,92.0,214.0,159.0
000391.jpg,pottedplant,117.0,123.0,183.0,201.0
000394.jpg,diningtable,156.0,168.0,136.0,111.0
000394.jpg,person,63.0,137.0,100.0,173.0
000394.jpg,person,77.0,99.0,154.0,170.0
000394.jpg,person,207.0,29.0,20.0,27.0
000394.jpg,person,199.0,30.0,9.0,23.0
000395.jpg,bird,119.0,111.0,146.0,146.0
000396.jpg,car,98.0,128.0,120.0,53.0
000400.jpg,cat,102.0,121.0,192.0,197.0
000403.jpg,cat,144.0,138.0,147.0,168.0
000404.jpg,car,118.0,138.0,117.0,156.0
000406.jpg,car,38.0,179.0,27.0,17.0
000406.jpg,person,52.0,179.0,7.0,24.0
000406.jpg,person,45.0,183.0,8.0,19.0
000406.jpg,person,109.0,176.0,5.0,17.0
000406.jpg,person,128.0,179.0,5.0,11.0
000406.jpg,car,198.0,181.0,14.0,14.0
000407.jpg,person,126.0,70.0,55.0,98.0
000407.jpg,horse,109.0,119.0,158.0,147.0
000408.jpg,cow,119.0,137.0,177.0,172.0
000411.jpg,person,133.0,163.0,29.0,61.0
000411.jpg,person,202.0,164.0,32.0,57.0
000411.jpg,person,164.0,151.0,17.0,28.0
000411.jpg,person,97.0,170.0,29.0,71.0
000411.jpg,person,35.0,172.0,33.0,71.0
000411.jpg,person,9.0,173.0,17.0,68.0
000411.jpg,person,72.0,167.0,23.0,76.0
000411.jpg,person,55.0,149.0,11.0,24.0
000411.jpg,person,46.0,144.0,12.0,13.0
000411.jpg,person,152.0,146.0,10.0,20.0
000416.jpg,sheep,163.0,116.0,31.0,65.0
000416.jpg,sheep,99.0,126.0,35.0,48.0
000416.jpg,sheep,126.0,119.0,57.0,54.0
000417.jpg,cow,122.0,136.0,87.0,175.0
000419.jpg,motorbike,114.0,108.0,207.0,169.0
000419.jpg,person,10.0,71.0,17.0,122.0
000419.jpg,person,38.0,19.0,22.0,36.0
000419.jpg,person,215.0,53.0,18.0,103.0
000420.jpg,car,124.0,112.0,178.0,190.0
000424.jpg,bird,45.0,129.0,31.0,39.0
000424.jpg,bird,106.0,155.0,43.0,39.0
000424.jpg,bird,163.0,159.0,33.0,30.0
000424.jpg,bird,201.0,139.0,34.0,34.0
000427.jpg,motorbike,95.0,100.0,155.0,168.0
000428.jpg,person,101.0,138.0,134.0,161.0
000428.jpg,diningtable,158.0,199.0,133.0,48.0
000428.jpg,chair,83.0,161.0,148.0,127.0
000430.jpg,cat,113.0,98.0,221.0,194.0
000431.jpg,aeroplane,118.0,134.0,208.0,162.0
000431.jpg,car,47.0,196.0,18.0,14.0
000433.jpg,chair,154.0,135.0,112.0,171.0
000433.jpg,person,146.0,125.0,116.0,182.0
000435.jpg,horse,142.0,136.0,99.0,126.0
000435.jpg,person,120.0,118.0,29.0,135.0
000438.jpg,person,151.0,131.0,86.0,186.0
000439.jpg,train,69.0,127.0,138.0,28.0
000443.jpg,person,27.0,81.0,43.0,145.0
000443.jpg,dog,113.0,93.0,68.0,73.0
000446.jpg,person,121.0,144.0,67.0,138.0
000446.jpg,person,110.0,125.0,110.0,173.0
000448.jpg,diningtable,132.0,151.0,153.0,147.0
000448.jpg,person,122.0,67.0,38.0,66.0
000448.jpg,person,88.0,71.0,22.0,40.0
000448.jpg,person,52.0,55.0,24.0,24.0
000448.jpg,person,45.0,149.0,80.0,150.0
000448.jpg,person,61.0,113.0,80.0,116.0
000448.jpg,person,13.0,76.0,21.0,66.0
000448.jpg,person,136.0,76.0,47.0,73.0
000448.jpg,person,170.0,89.0,39.0,81.0
000448.jpg,person,189.0,133.0,69.0,138.0
000448.jpg,person,159.0,179.0,69.0,89.0
000450.jpg,train,108.0,103.0,171.0,175.0
000454.jpg,dog,103.0,118.0,206.0,213.0
000459.jpg,chair,91.0,47.0,78.0,60.0
000459.jpg,diningtable,118.0,140.0,212.0,165.0
000460.jpg,chair,164.0,131.0,95.0,182.0
000461.jpg,car,74.0,111.0,141.0,88.0
000462.jpg,cow,104.0,113.0,208.0,222.0
000463.jpg,motorbike,111.0,155.0,47.0,113.0
000463.jpg,person,113.0,133.0,28.0,146.0
000463.jpg,car,220.0,74.0,8.0,40.0
000464.jpg,cow,86.0,127.0,87.0,28.0
000464.jpg,cow,89.0,111.0,109.0,42.0
000468.jpg,person,73.0,144.0,145.0,160.0
000468.jpg,person,113.0,155.0,218.0,138.0
000469.jpg,car,105.0,102.0,196.0,171.0
000470.jpg,horse,136.0,127.0,99.0,147.0
000470.jpg,horse,109.0,121.0,75.0,131.0
000470.jpg,horse,211.0,119.0,26.0,84.0
000470.jpg,person,71.0,108.0,13.0,59.0
000474.jpg,car,112.0,154.0,177.0,121.0
000474.jpg,boat,26.0,65.0,38.0,57.0
000474.jpg,boat,103.0,73.0,25.0,46.0
000474.jpg,boat,158.0,79.0,18.0,26.0
000474.jpg,boat,198.0,93.0,17.0,9.0
000476.jpg,person,108.0,144.0,104.0,157.0
000476.jpg,dog,138.0,201.0,89.0,47.0
000476.jpg,sofa,86.0,149.0,168.0,113.0
000477.jpg,bus,7.0,79.0,13.0,71.0
000477.jpg,bus,20.0,82.0,14.0,32.0
000477.jpg,car,32.0,96.0,7.0,15.0
000477.jpg,bicycle,52.0,147.0,5.0,41.0
000477.jpg,person,53.0,123.0,17.0,72.0
000477.jpg,person,74.0,127.0,13.0,77.0
000477.jpg,person,83.0,114.0,6.0,50.0
000477.jpg,person,95.0,142.0,17.0,102.0
000477.jpg,person,108.0,133.0,11.0,81.0
000477.jpg,person,124.0,134.0,19.0,106.0
000477.jpg,person,135.0,142.0,20.0,106.0
000477.jpg,person,143.0,150.0,17.0,125.0
000477.jpg,person,152.0,151.0,20.0,145.0
000477.jpg,person,164.0,156.0,30.0,135.0
000477.jpg,person,186.0,154.0,31.0,140.0
000477.jpg,person,208.0,154.0,33.0,140.0
000480.jpg,person,159.0,160.0,56.0,127.0
000480.jpg,person,77.0,161.0,51.0,124.0
000480.jpg,person,27.0,163.0,50.0,120.0
000480.jpg,aeroplane,109.0,117.0,217.0,154.0
000482.jpg,train,193.0,128.0,62.0,84.0
000482.jpg,train,70.0,129.0,140.0,185.0
000482.jpg,person,20.0,80.0,11.0,23.0
000483.jpg,horse,119.0,124.0,95.0,160.0
000483.jpg,person,123.0,78.0,51.0,114.0
000484.jpg,pottedplant,65.0,76.0,61.0,103.0
000484.jpg,pottedplant,114.0,123.0,185.0,201.0
000486.jpg,cat,111.0,96.0,181.0,170.0
000489.jpg,bird,117.0,124.0,33.0,26.0
000491.jpg,cow,103.0,113.0,205.0,223.0
000492.jpg,chair,174.0,188.0,54.0,73.0
000492.jpg,chair,169.0,169.0,35.0,66.0
000492.jpg,chair,54.0,198.0,97.0,53.0
000492.jpg,diningtable,84.0,180.0,144.0,87.0
000494.jpg,car,111.0,116.0,220.0,179.0
000496.jpg,diningtable,214.0,166.0,19.0,72.0
000496.jpg,chair,202.0,158.0,28.0,65.0
000498.jpg,bottle,63.0,47.0,117.0,89.0
000498.jpg,person,108.0,168.0,60.0,108.0
000499.jpg,person,135.0,107.0,65.0,133.0
000499.jpg,motorbike,127.0,137.0,129.0,110.0
000500.jpg,bicycle,164.0,165.0,64.0,118.0
000500.jpg,person,69.0,127.0,58.0,194.0
000500.jpg,person,136.0,62.0,15.0,38.0
000500.jpg,person,108.0,62.0,10.0,38.0
000500.jpg,person,94.0,61.0,9.0,20.0
000500.jpg,person,87.0,53.0,6.0,15.0
000500.jpg,person,49.0,56.0,12.0,23.0
000500.jpg,person,39.0,54.0,10.0,20.0
000501.jpg,dog,107.0,115.0,188.0,211.0
000503.jpg,sofa,196.0,154.0,57.0,139.0
000503.jpg,sofa,34.0,151.0,55.0,128.0
000508.jpg,bird,209.0,56.0,29.0,90.0
000508.jpg,bird,148.0,154.0,74.0,141.0
000508.jpg,bird,110.0,83.0,73.0,110.0
000508.jpg,bird,39.0,128.0,61.0,136.0
000508.jpg,bird,99.0,136.0,60.0,121.0
000509.jpg,car,105.0,113.0,209.0,223.0
000513.jpg,boat,101.0,107.0,57.0,42.0
000514.jpg,aeroplane,120.0,112.0,208.0,223.0
000515.jpg,bicycle,9.0,147.0,17.0,56.0
000515.jpg,person,7.0,109.0,13.0,116.0
000515.jpg,car,48.0,112.0,39.0,27.0
000515.jpg,car,75.0,110.0,17.0,20.0
000516.jpg,cat,160.0,100.0,129.0,92.0
000516.jpg,person,112.0,115.0,224.0,219.0
000516.jpg,sofa,112.0,113.0,223.0,223.0
000518.jpg,person,179.0,42.0,16.0,40.0
000518.jpg,person,5.0,149.0,9.0,41.0
000518.jpg,bus,111.0,130.0,206.0,158.0
000519.jpg,boat,121.0,108.0,50.0,80.0
000519.jpg,boat,197.0,128.0,54.0,27.0
000519.jpg,boat,38.0,111.0,65.0,75.0
000520.jpg,person,137.0,119.0,174.0,167.0
000522.jpg,car,105.0,119.0,178.0,85.0
000523.jpg,person,106.0,80.0,38.0,69.0
000523.jpg,person,154.0,135.0,55.0,103.0
000523.jpg,person,221.0,112.0,6.0,21.0
000523.jpg,person,210.0,108.0,11.0,12.0
000523.jpg,person,198.0,107.0,8.0,7.0
000523.jpg,person,189.0,105.0,11.0,9.0
000523.jpg,horse,122.0,136.0,189.0,94.0
000524.jpg,horse,122.0,144.0,81.0,112.0
000524.jpg,person,126.0,110.0,27.0,111.0
000525.jpg,motorbike,211.0,136.0,27.0,55.0
000525.jpg,motorbike,71.0,130.0,54.0,45.0
000525.jpg,person,211.0,113.0,26.0,68.0
000525.jpg,person,61.0,112.0,29.0,72.0
000526.jpg,person,87.0,134.0,25.0,103.0
000526.jpg,person,104.0,136.0,39.0,153.0
000526.jpg,person,157.0,132.0,81.0,166.0
000526.jpg,person,183.0,131.0,30.0,147.0
000526.jpg,chair,204.0,165.0,30.0,81.0
000528.jpg,cat,99.0,113.0,87.0,145.0
000530.jpg,person,62.0,117.0,123.0,132.0
000530.jpg,person,130.0,131.0,177.0,164.0
000530.jpg,person,127.0,51.0,39.0,48.0
000530.jpg,person,218.0,56.0,11.0,26.0
000530.jpg,sofa,124.0,144.0,199.0,134.0
000531.jpg,person,52.0,125.0,80.0,199.0
000531.jpg,person,115.0,121.0,95.0,204.0
000531.jpg,person,194.0,110.0,60.0,152.0
000531.jpg,bottle,179.0,148.0,27.0,102.0
000531.jpg,bottle,114.0,139.0,23.0,65.0
000535.jpg,bicycle,122.0,119.0,71.0,68.0
000535.jpg,bicycle,28.0,123.0,53.0,76.0
000535.jpg,person,117.0,88.0,49.0,110.0
000535.jpg,person,16.0,94.0,31.0,108.0
000535.jpg,person,67.0,90.0,18.0,69.0
000537.jpg,dog,114.0,115.0,128.0,217.0
000540.jpg,train,102.0,131.0,83.0,137.0
000541.jpg,car,59.0,137.0,17.0,12.0
000541.jpg,car,110.0,135.0,20.0,10.0
000541.jpg,car,114.0,137.0,16.0,12.0
000541.jpg,car,120.0,138.0,17.0,12.0
000541.jpg,car,133.0,139.0,34.0,17.0
000541.jpg,car,49.0,130.0,13.0,3.0
000541.jpg,car,53.0,142.0,34.0,13.0
000541.jpg,person,73.0,144.0,6.0,11.0
000543.jpg,car,102.0,128.0,184.0,154.0
000543.jpg,car,26.0,72.0,30.0,30.0
000543.jpg,car,179.0,99.0,90.0,93.0
000544.jpg,cat,174.0,108.0,92.0,91.0
000544.jpg,cat,69.0,132.0,137.0,175.0
000545.jpg,person,125.0,145.0,72.0,159.0
000545.jpg,person,184.0,95.0,26.0,34.0
000545.jpg,person,194.0,94.0,13.0,34.0
000545.jpg,person,94.0,94.0,16.0,31.0
000545.jpg,person,77.0,84.0,8.0,12.0
000545.jpg,person,34.0,85.0,8.0,14.0
000545.jpg,car,69.0,84.0,16.0,8.0
000549.jpg,cat,102.0,123.0,203.0,202.0
000550.jpg,diningtable,129.0,176.0,166.0,97.0
000550.jpg,chair,184.0,87.0,28.0,33.0
000550.jpg,chair,165.0,114.0,40.0,36.0
000550.jpg,chair,86.0,107.0,37.0,60.0
000550.jpg,chair,59.0,137.0,35.0,69.0
000550.jpg,chair,60.0,201.0,105.0,46.0
000550.jpg,chair,217.0,192.0,14.0,64.0
000552.jpg,aeroplane,112.0,129.0,221.0,92.0
000552.jpg,aeroplane,117.0,82.0,147.0,62.0
000554.jpg,person,85.0,114.0,64.0,136.0
000554.jpg,sofa,112.0,168.0,223.0,111.0
000554.jpg,car,144.0,50.0,42.0,20.0
000554.jpg,car,168.0,58.0,54.0,24.0
000554.jpg,car,149.0,71.0,59.0,28.0
000554.jpg,car,60.0,55.0,39.0,23.0
000554.jpg,car,174.0,84.0,40.0,29.0
000555.jpg,sofa,59.0,122.0,116.0,112.0
000555.jpg,person,134.0,73.0,30.0,70.0
000555.jpg,person,130.0,165.0,117.0,116.0
000555.jpg,person,42.0,164.0,83.0,119.0
000555.jpg,person,61.0,103.0,68.0,99.0
000555.jpg,person,94.0,88.0,47.0,82.0
000555.jpg,chair,136.0,85.0,31.0,54.0
000555.jpg,chair,207.0,102.0,35.0,65.0
000555.jpg,person,197.0,92.0,53.0,75.0
000559.jpg,bottle,26.0,183.0,19.0,63.0
000559.jpg,tvmonitor,119.0,81.0,95.0,130.0
000563.jpg,boat,138.0,112.0,128.0,27.0
000564.jpg,diningtable,131.0,162.0,185.0,123.0
000564.jpg,bottle,17.0,68.0,8.0,16.0
000564.jpg,bottle,23.0,85.0,7.0,28.0
000564.jpg,bottle,6.0,82.0,6.0,26.0
000564.jpg,chair,86.0,106.0,28.0,38.0
000564.jpg,chair,127.0,99.0,25.0,34.0
000564.jpg,chair,208.0,99.0,28.0,42.0
000564.jpg,chair,189.0,162.0,51.0,124.0
000564.jpg,chair,140.0,167.0,72.0,114.0
000564.jpg,chair,37.0,167.0,72.0,113.0
000565.jpg,bicycle,107.0,139.0,164.0,168.0
000577.jpg,horse,108.0,112.0,214.0,223.0
000579.jpg,car,213.0,111.0,12.0,12.0
000579.jpg,car,128.0,116.0,21.0,18.0
000579.jpg,car,35.0,123.0,69.0,58.0
000579.jpg,motorbike,165.0,155.0,45.0,90.0
000579.jpg,person,158.0,129.0,33.0,92.0
000579.jpg,person,168.0,134.0,37.0,98.0
000581.jpg,sheep,92.0,161.0,59.0,73.0
000582.jpg,dog,112.0,92.0,222.0,184.0
000583.jpg,motorbike,113.0,136.0,214.0,131.0
000583.jpg,motorbike,131.0,55.0,49.0,60.0
000583.jpg,person,124.0,45.0,39.0,42.0
000583.jpg,person,54.0,68.0,8.0,45.0
000583.jpg,person,64.0,60.0,9.0,32.0
000583.jpg,person,73.0,54.0,7.0,13.0
000588.jpg,sheep,131.0,188.0,25.0,27.0
000588.jpg,sheep,119.0,176.0,18.0,23.0
000588.jpg,sheep,124.0,165.0,12.0,16.0
000588.jpg,sheep,144.0,169.0,11.0,23.0
000588.jpg,sheep,78.0,179.0,11.0,20.0
000588.jpg,sheep,71.0,167.0,14.0,14.0
000588.jpg,sheep,5.0,181.0,9.0,18.0
000589.jpg,person,87.0,112.0,108.0,223.0
000589.jpg,person,34.0,118.0,19.0,84.0
000589.jpg,person,8.0,125.0,14.0,109.0
000590.jpg,car,157.0,148.0,135.0,151.0
000591.jpg,person,8.0,154.0,13.0,49.0
000591.jpg,person,20.0,146.0,22.0,44.0
000591.jpg,person,28.0,149.0,13.0,42.0
000591.jpg,person,39.0,158.0,11.0,60.0
000591.jpg,person,56.0,144.0,16.0,48.0
000591.jpg,person,215.0,146.0,7.0,24.0
000591.jpg,chair,83.0,146.0,10.0,28.0
000591.jpg,chair,75.0,145.0,12.0,31.0
000591.jpg,chair,106.0,144.0,8.0,26.0
000591.jpg,diningtable,91.0,148.0,14.0,24.0
000592.jpg,chair,173.0,194.0,41.0,59.0
000592.jpg,chair,211.0,176.0,26.0,33.0
000592.jpg,chair,210.0,201.0,27.0,46.0
000592.jpg,sofa,130.0,138.0,84.0,70.0
000592.jpg,sofa,169.0,176.0,88.0,80.0
000592.jpg,pottedplant,74.0,110.0,33.0,40.0
000592.jpg,tvmonitor,134.0,97.0,20.0,17.0
000592.jpg,sofa,36.0,187.0,67.0,73.0
000592.jpg,chair,45.0,194.0,9.0,61.0
000592.jpg,chair,35.0,202.0,24.0,45.0
000597.jpg,person,149.0,114.0,21.0,34.0
000597.jpg,person,214.0,112.0,17.0,24.0
000597.jpg,person,191.0,147.0,35.0,82.0
000597.jpg,chair,113.0,144.0,20.0,35.0
000597.jpg,chair,151.0,168.0,30.0,47.0
000597.jpg,chair,195.0,162.0,29.0,44.0
000597.jpg,chair,221.0,164.0,5.0,24.0
000597.jpg,chair,29.0,158.0,26.0,47.0
000597.jpg,tvmonitor,96.0,117.0,18.0,19.0
000597.jpg,tvmonitor,56.0,128.0,12.0,27.0
000598.jpg,tvmonitor,159.0,187.0,57.0,74.0
000598.jpg,chair,97.0,168.0,39.0,74.0
000598.jpg,tvmonitor,54.0,110.0,30.0,31.0
000599.jpg,chair,61.0,174.0,95.0,99.0
000599.jpg,sofa,122.0,136.0,113.0,83.0
000601.jpg,pottedplant,179.0,54.0,90.0,107.0
000601.jpg,pottedplant,132.0,72.0,113.0,100.0
000601.jpg,pottedplant,101.0,130.0,201.0,187.0
000605.jpg,car,158.0,110.0,29.0,10.0
000608.jpg,boat,80.0,47.0,36.0,76.0
000608.jpg,boat,97.0,118.0,183.0,105.0
000609.jpg,dog,107.0,122.0,199.0,84.0
000610.jpg,aeroplane,123.0,123.0,202.0,135.0
000612.jpg,person,159.0,144.0,130.0,159.0
000612.jpg,person,59.0,137.0,116.0,175.0
000612.jpg,train,112.0,48.0,223.0,95.0
000613.jpg,diningtable,150.0,154.0,147.0,140.0
000613.jpg,chair,200.0,187.0,48.0,74.0
000613.jpg,chair,36.0,185.0,57.0,77.0
000613.jpg,person,48.0,149.0,69.0,150.0
000613.jpg,person,60.0,123.0,42.0,99.0
000613.jpg,person,74.0,110.0,26.0,81.0
000613.jpg,person,92.0,95.0,29.0,67.0
000613.jpg,person,101.0,86.0,17.0,35.0
000613.jpg,person,68.0,56.0,19.0,59.0
000613.jpg,person,127.0,72.0,25.0,30.0
000613.jpg,person,158.0,64.0,15.0,11.0
000613.jpg,person,176.0,65.0,14.0,15.0
000613.jpg,person,211.0,79.0,15.0,27.0
000613.jpg,person,172.0,154.0,73.0,138.0
000613.jpg,person,175.0,101.0,49.0,63.0
000613.jpg,person,159.0,92.0,24.0,57.0
000613.jpg,person,154.0,85.0,13.0,36.0
000619.jpg,bird,135.0,112.0,142.0,209.0
000620.jpg,car,93.0,160.0,85.0,83.0
000620.jpg,car,27.0,178.0,9.0,8.0
000620.jpg,car,12.0,181.0,8.0,8.0
000622.jpg,cow,125.0,127.0,110.0,151.0
000625.jpg,chair,187.0,183.0,41.0,36.0
000625.jpg,chair,188.0,150.0,43.0,44.0
000625.jpg,chair,219.0,147.0,9.0,38.0
000625.jpg,chair,219.0,182.0,11.0,36.0
000625.jpg,chair,123.0,146.0,11.0,43.0
000625.jpg,chair,123.0,181.0,12.0,33.0
000625.jpg,chair,76.0,143.0,15.0,41.0
000625.jpg,chair,76.0,178.0,15.0,33.0
000625.jpg,chair,37.0,144.0,16.0,42.0
000625.jpg,chair,34.0,178.0,8.0,35.0
000625.jpg,chair,32.0,33.0,13.0,37.0
000625.jpg,chair,31.0,71.0,15.0,47.0
000625.jpg,chair,81.0,36.0,16.0,40.0
000625.jpg,chair,80.0,70.0,14.0,41.0
000625.jpg,chair,129.0,35.0,12.0,39.0
000625.jpg,chair,130.0,76.0,15.0,47.0
000625.jpg,chair,174.0,35.0,11.0,39.0
000625.jpg,chair,173.0,71.0,11.0,41.0
000625.jpg,chair,220.0,34.0,8.0,36.0
000625.jpg,chair,220.0,72.0,9.0,42.0
000625.jpg,person,197.0,150.0,41.0,51.0
000625.jpg,person,144.0,151.0,46.0,46.0
000625.jpg,person,144.0,182.0,46.0,36.0
000625.jpg,person,93.0,178.0,40.0,35.0
000625.jpg,person,97.0,144.0,41.0,44.0
000625.jpg,person,54.0,139.0,39.0,47.0
000625.jpg,person,53.0,179.0,39.0,32.0
000625.jpg,person,53.0,72.0,46.0,47.0
000625.jpg,person,51.0,33.0,44.0,48.0
000625.jpg,person,100.0,33.0,45.0,45.0
000625.jpg,person,102.0,80.0,50.0,59.0
000625.jpg,person,147.0,39.0,43.0,53.0
000625.jpg,person,157.0,83.0,60.0,53.0
000625.jpg,person,195.0,34.0,43.0,47.0
000625.jpg,person,199.0,81.0,50.0,57.0
000625.jpg,person,13.0,35.0,25.0,45.0
000625.jpg,person,26.0,78.0,50.0,56.0
000626.jpg,person,102.0,90.0,77.0,154.0
000626.jpg,tvmonitor,66.0,51.0,36.0,62.0
000626.jpg,tvmonitor,33.0,48.0,38.0,47.0
000626.jpg,tvmonitor,91.0,38.0,16.0,41.0
000628.jpg,car,112.0,184.0,112.0,57.0
000628.jpg,car,202.0,179.0,44.0,54.0
000628.jpg,car,17.0,176.0,34.0,30.0
000628.jpg,pottedplant,47.0,158.0,13.0,26.0
000628.jpg,person,150.0,157.0,13.0,31.0
000632.jpg,tvmonitor,142.0,129.0,31.0,47.0
000632.jpg,sofa,177.0,194.0,94.0,60.0
000632.jpg,chair,54.0,150.0,52.0,100.0
000633.jpg,tvmonitor,164.0,108.0,60.0,70.0
000633.jpg,person,76.0,119.0,151.0,211.0
000635.jpg,train,129.0,147.0,119.0,115.0
000635.jpg,train,12.0,134.0,11.0,17.0
000637.jpg,bicycle,111.0,112.0,214.0,222.0
000645.jpg,bird,142.0,125.0,164.0,196.0
000645.jpg,bird,110.0,156.0,108.0,137.0
000647.jpg,aeroplane,136.0,102.0,124.0,111.0
000648.jpg,person,179.0,142.0,4.0,16.0
000648.jpg,person,193.0,141.0,5.0,14.0
000648.jpg,person,197.0,140.0,4.0,16.0
000648.jpg,person,200.0,140.0,4.0,17.0
000648.jpg,bus,86.0,127.0,145.0,103.0
000648.jpg,aeroplane,180.0,94.0,65.0,71.0
000648.jpg,car,7.0,151.0,12.0,15.0
000653.jpg,car,209.0,64.0,30.0,29.0
000653.jpg,car,186.0,65.0,38.0,31.0
000653.jpg,car,161.0,67.0,43.0,33.0
000653.jpg,car,71.0,62.0,56.0,19.0
000653.jpg,car,24.0,80.0,47.0,46.0
000653.jpg,car,100.0,121.0,198.0,130.0
000654.jpg,sheep,86.0,103.0,34.0,30.0
000654.jpg,sheep,46.0,122.0,59.0,62.0
000654.jpg,sheep,60.0,135.0,72.0,65.0
000654.jpg,person,196.0,66.0,23.0,64.0
000654.jpg,person,177.0,66.0,25.0,65.0
000654.jpg,person,155.0,72.0,21.0,35.0
000654.jpg,person,64.0,67.0,26.0,52.0
000654.jpg,person,48.0,67.0,19.0,53.0
000654.jpg,dog,152.0,142.0,39.0,44.0
000656.jpg,dog,152.0,79.0,97.0,76.0
000657.jpg,aeroplane,126.0,112.0,26.0,13.0
000657.jpg,aeroplane,102.0,114.0,22.0,12.0
000657.jpg,aeroplane,79.0,120.0,26.0,13.0
000657.jpg,aeroplane,118.0,136.0,26.0,13.0
000657.jpg,aeroplane,96.0,139.0,21.0,13.0
000660.jpg,sofa,150.0,134.0,148.0,166.0
000660.jpg,sofa,32.0,110.0,63.0,131.0
000661.jpg,sofa,101.0,136.0,95.0,60.0
000661.jpg,pottedplant,53.0,86.0,47.0,64.0
000661.jpg,chair,70.0,106.0,21.0,23.0
000663.jpg,bus,114.0,105.0,215.0,208.0
000663.jpg,car,19.0,30.0,30.0,25.0
000663.jpg,car,208.0,17.0,32.0,13.0
000663.jpg,car,212.0,26.0,24.0,20.0
000663.jpg,car,211.0,39.0,26.0,18.0
000663.jpg,car,212.0,69.0,24.0,50.0
000667.jpg,horse,181.0,185.0,66.0,47.0
000667.jpg,horse,176.0,188.0,72.0,51.0
000671.jpg,bicycle,109.0,179.0,151.0,63.0
000672.jpg,car,114.0,119.0,216.0,129.0
000675.jpg,train,26.0,126.0,26.0,94.0
000675.jpg,train,6.0,120.0,12.0,150.0
000675.jpg,train,113.0,120.0,155.0,124.0
000676.jpg,sheep,119.0,109.0,185.0,105.0
000677.jpg,person,134.0,110.0,180.0,171.0
000680.jpg,bird,119.0,115.0,47.0,58.0
000682.jpg,bird,165.0,128.0,83.0,72.0
000684.jpg,chair,113.0,112.0,77.0,49.0
000684.jpg,chair,21.0,146.0,39.0,18.0
000684.jpg,person,43.0,66.0,23.0,32.0
000684.jpg,person,36.0,116.0,70.0,56.0
000684.jpg,bottle,39.0,88.0,14.0,23.0
000684.jpg,person,95.0,93.0,98.0,95.0
000684.jpg,person,153.0,79.0,46.0,114.0
000684.jpg,person,193.0,87.0,45.0,154.0
000684.jpg,person,201.0,83.0,47.0,164.0
000685.jpg,motorbike,115.0,112.0,216.0,222.0
000686.jpg,motorbike,175.0,117.0,96.0,125.0
000686.jpg,motorbike,71.0,122.0,129.0,124.0
000688.jpg,car,114.0,127.0,220.0,194.0
000688.jpg,person,38.0,34.0,11.0,48.0
000688.jpg,person,50.0,30.0,8.0,46.0
000688.jpg,person,56.0,28.0,8.0,54.0
000688.jpg,person,44.0,29.0,14.0,54.0
000688.jpg,person,26.0,30.0,17.0,58.0
000688.jpg,person,11.0,34.0,20.0,67.0
000689.jpg,train,112.0,122.0,222.0,195.0
000690.jpg,bicycle,56.0,164.0,110.0,103.0
000690.jpg,cat,138.0,102.0,25.0,70.0
000690.jpg,person,126.0,137.0,49.0,170.0
000694.jpg,person,148.0,157.0,43.0,134.0
000694.jpg,person,108.0,151.0,38.0,145.0
000694.jpg,person,187.0,160.0,38.0,128.0
000694.jpg,person,175.0,104.0,19.0,53.0
000694.jpg,person,61.0,139.0,48.0,78.0
000695.jpg,horse,117.0,147.0,137.0,143.0
000695.jpg,person,113.0,91.0,30.0,134.0
000695.jpg,horse,211.0,132.0,26.0,74.0
000695.jpg,horse,113.0,79.0,71.0,30.0
000695.jpg,person,218.0,85.0,13.0,57.0
000699.jpg,dog,82.0,171.0,138.0,101.0
000699.jpg,dog,105.0,113.0,118.0,195.0
000699.jpg,dog,175.0,145.0,73.0,136.0
000699.jpg,chair,112.0,113.0,224.0,223.0
000700.jpg,car,15.0,160.0,20.0,19.0
000700.jpg,car,4.0,162.0,7.0,32.0
000700.jpg,car,185.0,157.0,11.0,8.0
000700.jpg,car,200.0,156.0,15.0,9.0
000700.jpg,car,82.0,173.0,37.0,26.0
000700.jpg,car,135.0,195.0,158.0,59.0
000700.jpg,car,110.0,156.0,14.0,10.0
000702.jpg,horse,150.0,143.0,89.0,131.0
000702.jpg,horse,92.0,145.0,77.0,112.0
000702.jpg,person,198.0,113.0,21.0,48.0
000702.jpg,person,35.0,136.0,4.0,12.0
000702.jpg,person,29.0,135.0,5.0,15.0
000702.jpg,person,24.0,136.0,4.0,14.0
000705.jpg,cat,110.0,113.0,218.0,192.0
000707.jpg,tvmonitor,68.0,75.0,24.0,17.0
000707.jpg,tvmonitor,196.0,177.0,42.0,95.0
000707.jpg,chair,65.0,102.0,36.0,47.0
000709.jpg,person,102.0,124.0,96.0,173.0
000709.jpg,person,115.0,122.0,123.0,175.0
000709.jpg,sofa,94.0,141.0,162.0,135.0
000709.jpg,chair,190.0,128.0,43.0,111.0
000710.jpg,cat,110.0,100.0,49.0,42.0
000710.jpg,chair,147.0,145.0,69.0,126.0
000710.jpg,chair,94.0,194.0,146.0,60.0
000710.jpg,pottedplant,69.0,85.0,24.0,54.0
000711.jpg,pottedplant,66.0,56.0,79.0,111.0
000711.jpg,pottedplant,155.0,193.0,36.0,56.0
000712.jpg,train,86.0,120.0,170.0,118.0
000713.jpg,boat,75.0,160.0,78.0,96.0
000713.jpg,boat,147.0,143.0,129.0,73.0
000714.jpg,bird,141.0,119.0,112.0,163.0
000717.jpg,chair,113.0,195.0,40.0,58.0
000717.jpg,person,121.0,113.0,35.0,180.0
000717.jpg,person,95.0,142.0,26.0,127.0
000717.jpg,person,36.0,171.0,59.0,103.0
000717.jpg,person,155.0,150.0,40.0,146.0
000717.jpg,person,211.0,150.0,27.0,148.0
000717.jpg,person,191.0,148.0,30.0,144.0
000717.jpg,person,44.0,155.0,46.0,136.0
000717.jpg,person,9.0,122.0,15.0,64.0
000720.jpg,dog,117.0,128.0,39.0,98.0
000726.jpg,bottle,54.0,170.0,92.0,58.0
000726.jpg,person,96.0,127.0,54.0,194.0
000726.jpg,person,127.0,137.0,192.0,174.0
000728.jpg,cow,131.0,124.0,185.0,196.0
000729.jpg,pottedplant,114.0,113.0,216.0,220.0
000730.jpg,aeroplane,112.0,96.0,220.0,122.0
000731.jpg,bird,128.0,199.0,67.0,51.0
000731.jpg,person,107.0,100.0,195.0,134.0
000731.jpg,person,57.0,61.0,112.0,122.0
000733.jpg,person,80.0,105.0,112.0,184.0
000733.jpg,motorbike,137.0,164.0,172.0,120.0
000738.jpg,aeroplane,111.0,121.0,222.0,75.0
000739.jpg,person,202.0,121.0,43.0,206.0
000739.jpg,person,194.0,137.0,42.0,174.0
000739.jpg,person,154.0,131.0,64.0,185.0
000739.jpg,person,129.0,128.0,43.0,191.0
000739.jpg,person,93.0,128.0,39.0,191.0
000739.jpg,person,65.0,132.0,43.0,184.0
000739.jpg,person,25.0,120.0,47.0,208.0
000740.jpg,boat,155.0,108.0,51.0,114.0
000740.jpg,boat,71.0,112.0,48.0,100.0
000742.jpg,boat,180.0,98.0,9.0,26.0
000742.jpg,boat,155.0,100.0,5.0,22.0
000742.jpg,boat,70.0,159.0,139.0,126.0
000742.jpg,person,114.0,117.0,38.0,102.0
000746.jpg,dog,118.0,131.0,151.0,186.0
000748.jpg,bus,109.0,133.0,176.0,112.0
000750.jpg,person,119.0,112.0,211.0,223.0
000752.jpg,sofa,112.0,153.0,224.0,142.0
000752.jpg,person,162.0,147.0,123.0,136.0
000752.jpg,person,28.0,152.0,56.0,144.0
000753.jpg,diningtable,133.0,168.0,119.0,112.0
000753.jpg,bottle,101.0,93.0,13.0,49.0
000753.jpg,bottle,124.0,157.0,10.0,40.0
000753.jpg,bottle,123.0,133.0,9.0,30.0
000753.jpg,person,138.0,97.0,40.0,76.0
000753.jpg,person,171.0,107.0,43.0,89.0
000753.jpg,person,191.0,141.0,67.0,164.0
000753.jpg,person,72.0,94.0,29.0,67.0
000753.jpg,person,55.0,144.0,60.0,158.0
000754.jpg,bus,48.0,108.0,45.0,76.0
000754.jpg,bus,24.0,107.0,7.0,19.0
000754.jpg,bicycle,55.0,121.0,25.0,29.0
000754.jpg,car,79.0,118.0,12.0,17.0
000755.jpg,bicycle,169.0,134.0,14.0,8.0
000755.jpg,bicycle,158.0,126.0,12.0,8.0
000755.jpg,bicycle,151.0,132.0,13.0,11.0
000755.jpg,bicycle,134.0,126.0,9.0,10.0
000755.jpg,bicycle,128.0,132.0,11.0,10.0
000755.jpg,bicycle,118.0,132.0,4.0,7.0
000755.jpg,bicycle,111.0,133.0,10.0,10.0
000755.jpg,bicycle,98.0,132.0,9.0,11.0
000755.jpg,bicycle,86.0,132.0,8.0,9.0
000755.jpg,bicycle,74.0,132.0,8.0,7.0
000755.jpg,bicycle,64.0,131.0,8.0,8.0
000755.jpg,bicycle,56.0,131.0,7.0,8.0
000755.jpg,bicycle,48.0,130.0,6.0,9.0
000755.jpg,bicycle,42.0,132.0,6.0,5.0
000755.jpg,person,169.0,126.0,9.0,15.0
000755.jpg,person,156.0,120.0,8.0,14.0
000755.jpg,person,150.0,126.0,7.0,14.0
000755.jpg,person,134.0,120.0,6.0,13.0
000755.jpg,person,127.0,125.0,8.0,13.0
000755.jpg,person,114.0,123.0,5.0,8.0
000755.jpg,person,110.0,127.0,7.0,14.0
000755.jpg,person,97.0,126.0,7.0,13.0
000755.jpg,person,85.0,126.0,6.0,10.0
000755.jpg,person,74.0,127.0,5.0,8.0
000755.jpg,person,63.0,125.0,6.0,10.0
000755.jpg,person,56.0,127.0,4.0,8.0
000755.jpg,person,48.0,127.0,4.0,8.0
000755.jpg,person,41.0,125.0,4.0,8.0
000756.jpg,dog,133.0,114.0,183.0,220.0
000760.jpg,horse,66.0,142.0,75.0,67.0
000760.jpg,horse,97.0,137.0,45.0,36.0
000760.jpg,horse,132.0,141.0,54.0,69.0
000760.jpg,horse,153.0,145.0,69.0,80.0
000760.jpg,horse,181.0,148.0,51.0,51.0
000760.jpg,person,63.0,122.0,17.0,64.0
000760.jpg,person,103.0,125.0,13.0,56.0
000760.jpg,person,133.0,99.0,17.0,28.0
000760.jpg,person,152.0,116.0,18.0,69.0
000760.jpg,person,175.0,109.0,17.0,41.0
000761.jpg,chair,159.0,186.0,50.0,75.0
000761.jpg,tvmonitor,41.0,188.0,65.0,72.0
000761.jpg,sofa,131.0,138.0,129.0,108.0
000763.jpg,aeroplane,113.0,110.0,208.0,65.0
000764.jpg,horse,100.0,118.0,129.0,129.0
000767.jpg,cow,112.0,95.0,196.0,189.0
000768.jpg,bus,189.0,115.0,47.0,108.0
000768.jpg,bus,90.0,112.0,151.0,170.0
000770.jpg,cow,125.0,162.0,137.0,124.0
000770.jpg,person,81.0,129.0,42.0,180.0
000770.jpg,bicycle,10.0,119.0,18.0,81.0
000770.jpg,motorbike,158.0,146.0,110.0,139.0
000771.jpg,chair,94.0,96.0,76.0,63.0
000771.jpg,sofa,191.0,129.0,65.0,88.0
000772.jpg,dog,127.0,139.0,194.0,170.0
000774.jpg,train,119.0,93.0,162.0,135.0
000776.jpg,car,112.0,123.0,208.0,187.0
000777.jpg,dog,106.0,130.0,81.0,113.0
000777.jpg,person,131.0,71.0,61.0,140.0
000780.jpg,chair,188.0,188.0,35.0,72.0
000780.jpg,chair,160.0,129.0,30.0,36.0
000780.jpg,chair,205.0,143.0,21.0,44.0
000780.jpg,chair,103.0,123.0,36.0,33.0
000780.jpg,chair,44.0,129.0,39.0,30.0
000780.jpg,chair,54.0,191.0,71.0,66.0
000780.jpg,pottedplant,106.0,149.0,43.0,44.0
000782.jpg,bus,112.0,148.0,223.0,149.0
000782.jpg,person,79.0,175.0,30.0,27.0
000786.jpg,cow,84.0,128.0,93.0,130.0
000786.jpg,cow,61.0,138.0,63.0,84.0
000786.jpg,person,100.0,142.0,29.0,40.0
000787.jpg,car,122.0,112.0,136.0,112.0
000791.jpg,train,120.0,116.0,164.0,169.0
000793.jpg,person,136.0,85.0,12.0,50.0
000793.jpg,person,114.0,87.0,13.0,41.0
000793.jpg,person,102.0,85.0,8.0,42.0
000793.jpg,person,195.0,97.0,29.0,115.0
000793.jpg,person,33.0,81.0,9.0,30.0
000793.jpg,person,47.0,79.0,8.0,31.0
000793.jpg,person,65.0,108.0,40.0,122.0
000793.jpg,person,127.0,85.0,10.0,47.0
000793.jpg,bicycle,103.0,131.0,71.0,72.0
000793.jpg,bus,12.0,64.0,22.0,33.0
000794.jpg,cat,117.0,143.0,37.0,38.0
000796.jpg,bird,131.0,130.0,113.0,118.0
000797.jpg,dog,86.0,150.0,139.0,148.0
000797.jpg,person,110.0,139.0,159.0,165.0
000797.jpg,sofa,74.0,129.0,146.0,189.0
000799.jpg,horse,133.0,118.0,181.0,212.0
000799.jpg,person,164.0,169.0,121.0,110.0
000800.jpg,car,126.0,111.0,42.0,26.0
000800.jpg,car,211.0,113.0,26.0,19.0
000800.jpg,car,43.0,108.0,16.0,13.0
000800.jpg,car,24.0,107.0,15.0,11.0
000802.jpg,person,13.0,123.0,26.0,72.0
000802.jpg,bicycle,21.0,144.0,41.0,59.0
000804.jpg,chair,83.0,123.0,40.0,27.0
000804.jpg,chair,53.0,189.0,63.0,62.0
000804.jpg,sofa,176.0,165.0,95.0,92.0
000805.jpg,dog,115.0,107.0,195.0,155.0
000805.jpg,person,204.0,67.0,40.0,58.0
000806.jpg,person,152.0,174.0,144.0,101.0
000806.jpg,person,36.0,179.0,71.0,90.0
000808.jpg,cow,110.0,112.0,151.0,223.0
000810.jpg,person,145.0,116.0,155.0,216.0
000812.jpg,bicycle,106.0,170.0,124.0,109.0
000812.jpg,person,114.0,123.0,95.0,202.0
000812.jpg,person,179.0,27.0,28.0,30.0
000812.jpg,person,53.0,9.0,20.0,16.0
000814.jpg,person,105.0,126.0,135.0,196.0
000814.jpg,person,28.0,180.0,51.0,87.0
000815.jpg,aeroplane,172.0,110.0,87.0,49.0
000815.jpg,aeroplane,74.0,102.0,140.0,79.0
000816.jpg,bicycle,118.0,155.0,128.0,108.0
000816.jpg,person,103.0,134.0,70.0,158.0
000818.jpg,train,178.0,127.0,92.0,65.0
000818.jpg,car,8.0,150.0,14.0,18.0
000820.jpg,sheep,123.0,134.0,84.0,100.0
000820.jpg,sheep,170.0,34.0,29.0,17.0
000822.jpg,motorbike,73.0,153.0,59.0,108.0
000822.jpg,motorbike,131.0,147.0,55.0,93.0
000823.jpg,car,88.0,143.0,132.0,70.0
000826.jpg,boat,100.0,112.0,190.0,194.0
000827.jpg,cow,104.0,118.0,16.0,31.0
000827.jpg,cow,125.0,122.0,27.0,28.0
000828.jpg,person,10.0,104.0,18.0,49.0
000828.jpg,person,27.0,104.0,23.0,52.0
000828.jpg,person,48.0,102.0,18.0,39.0
000828.jpg,person,188.0,86.0,56.0,88.0
000828.jpg,person,63.0,145.0,103.0,159.0
000828.jpg,person,159.0,132.0,130.0,184.0
000829.jpg,bus,150.0,133.0,105.0,68.0
000829.jpg,bus,45.0,138.0,89.0,71.0
000829.jpg,car,166.0,6.0,13.0,11.0
000829.jpg,car,59.0,85.0,38.0,33.0
000829.jpg,car,219.0,85.0,11.0,21.0
000829.jpg,car,30.0,16.0,13.0,16.0
000829.jpg,bicycle,22.0,185.0,29.0,30.0
000829.jpg,person,215.0,199.0,11.0,22.0
000829.jpg,person,215.0,210.0,18.0,24.0
000830.jpg,diningtable,107.0,165.0,102.0,112.0
000830.jpg,chair,92.0,178.0,49.0,92.0
000830.jpg,chair,134.0,164.0,43.0,87.0
000830.jpg,chair,127.0,126.0,30.0,44.0
000831.jpg,train,108.0,112.0,104.0,113.0
000832.jpg,bird,127.0,121.0,148.0,207.0
000834.jpg,cow,151.0,63.0,29.0,24.0
000834.jpg,cow,126.0,52.0,29.0,18.0
000834.jpg,cow,25.0,75.0,40.0,35.0
000834.jpg,cow,55.0,89.0,48.0,30.0
000834.jpg,cow,47.0,65.0,36.0,16.0
000834.jpg,person,109.0,185.0,131.0,78.0
000842.jpg,dog,130.0,137.0,187.0,174.0
000842.jpg,person,164.0,87.0,121.0,172.0
000843.jpg,tvmonitor,108.0,116.0,64.0,62.0
000843.jpg,person,174.0,120.0,34.0,168.0
000845.jpg,aeroplane,112.0,101.0,217.0,73.0
000847.jpg,diningtable,62.0,174.0,124.0,99.0
000847.jpg,person,107.0,137.0,140.0,174.0
000848.jpg,person,66.0,149.0,102.0,151.0
000848.jpg,sofa,58.0,167.0,116.0,113.0
000848.jpg,chair,151.0,128.0,13.0,40.0
000848.jpg,chair,184.0,167.0,79.0,114.0
000848.jpg,person,172.0,169.0,68.0,110.0
000849.jpg,dog,102.0,117.0,152.0,166.0
000850.jpg,bird,123.0,84.0,54.0,82.0
000851.jpg,motorbike,113.0,132.0,134.0,108.0
000851.jpg,person,107.0,121.0,57.0,159.0
000854.jpg,sofa,131.0,137.0,111.0,63.0
000854.jpg,chair,29.0,157.0,56.0,89.0
000854.jpg,chair,212.0,180.0,24.0,74.0
000854.jpg,pottedplant,23.0,75.0,45.0,148.0
000854.jpg,person,156.0,140.0,35.0,91.0
000854.jpg,person,129.0,138.0,24.0,93.0
000854.jpg,person,108.0,135.0,24.0,90.0
000854.jpg,person,42.0,151.0,54.0,93.0
000855.jpg,bus,112.0,179.0,84.0,56.0
000855.jpg,bicycle,195.0,197.0,21.0,13.0
000855.jpg,person,154.0,195.0,6.0,14.0
000855.jpg,car,51.0,188.0,29.0,14.0
000855.jpg,car,31.0,188.0,14.0,10.0
000855.jpg,car,21.0,187.0,10.0,8.0
000855.jpg,car,12.0,186.0,11.0,7.0
000857.jpg,cat,132.0,47.0,53.0,63.0
000859.jpg,person,172.0,113.0,103.0,195.0
000859.jpg,person,76.0,130.0,141.0,185.0
000859.jpg,sofa,171.0,162.0,106.0,123.0
000859.jpg,chair,49.0,155.0,96.0,137.0
000860.jpg,car,114.0,120.0,155.0,131.0
000860.jpg,person,113.0,38.0,26.0,32.0
000860.jpg,person,147.0,51.0,27.0,44.0
000862.jpg,person,140.0,84.0,6.0,12.0
000862.jpg,boat,147.0,90.0,22.0,11.0
000863.jpg,train,144.0,114.0,135.0,172.0
000863.jpg,train,37.0,106.0,62.0,189.0
000865.jpg,diningtable,156.0,130.0,43.0,60.0
000865.jpg,chair,195.0,125.0,26.0,51.0
000865.jpg,chair,170.0,133.0,31.0,60.0
000865.jpg,chair,183.0,129.0,28.0,54.0
000865.jpg,chair,121.0,187.0,55.0,74.0
000865.jpg,pottedplant,49.0,111.0,32.0,32.0
000865.jpg,bottle,152.0,102.0,4.0,13.0
000865.jpg,person,118.0,142.0,66.0,163.0
000865.jpg,person,28.0,126.0,54.0,99.0
000867.jpg,pottedplant,120.0,64.0,35.0,43.0
000868.jpg,sofa,90.0,177.0,178.0,95.0
000868.jpg,pottedplant,201.0,134.0,14.0,14.0
000871.jpg,car,112.0,121.0,216.0,106.0
000872.jpg,aeroplane,88.0,90.0,175.0,162.0
000872.jpg,aeroplane,187.0,114.0,43.0,45.0
000874.jpg,person,87.0,113.0,172.0,223.0
000876.jpg,cat,110.0,121.0,116.0,200.0
000876.jpg,cat,148.0,49.0,61.0,79.0
000878.jpg,bicycle,95.0,167.0,78.0,114.0
000878.jpg,person,91.0,121.0,49.0,172.0
000879.jpg,horse,82.0,140.0,73.0,167.0
000879.jpg,person,128.0,151.0,30.0,145.0
000880.jpg,bird,148.0,27.0,22.0,25.0
000880.jpg,bird,31.0,170.0,16.0,50.0
000880.jpg,bird,58.0,110.0,11.0,29.0
000880.jpg,cow,183.0,97.0,27.0,49.0
000880.jpg,cow,159.0,89.0,23.0,39.0
000882.jpg,dog,130.0,124.0,187.0,201.0
000885.jpg,bicycle,81.0,194.0,151.0,60.0
000885.jpg,person,111.0,115.0,212.0,218.0
000887.jpg,aeroplane,112.0,104.0,201.0,139.0
000888.jpg,car,145.0,145.0,25.0,26.0
000888.jpg,car,63.0,170.0,61.0,72.0
000888.jpg,car,94.0,146.0,15.0,25.0
000889.jpg,pottedplant,67.0,173.0,89.0,89.0
000889.jpg,pottedplant,145.0,184.0,72.0,43.0
000889.jpg,pottedplant,154.0,89.0,83.0,176.0
000892.jpg,person,174.0,169.0,34.0,110.0
000892.jpg,motorbike,120.0,175.0,69.0,97.0
000895.jpg,person,90.0,128.0,66.0,172.0
000895.jpg,person,41.0,133.0,59.0,145.0
000896.jpg,aeroplane,58.0,144.0,114.0,63.0
000898.jpg,sofa,112.0,142.0,223.0,147.0
000898.jpg,person,145.0,128.0,24.0,23.0
000899.jpg,train,127.0,128.0,171.0,70.0
000900.jpg,sheep,135.0,121.0,37.0,80.0
000900.jpg,sheep,82.0,132.0,29.0,58.0
000900.jpg,sheep,65.0,126.0,39.0,49.0
000902.jpg,dog,90.0,112.0,117.0,129.0
000902.jpg,dog,172.0,80.0,102.0,76.0
000902.jpg,dog,106.0,39.0,69.0,40.0
000902.jpg,dog,191.0,36.0,67.0,20.0
000902.jpg,person,36.0,79.0,69.0,157.0
000902.jpg,person,157.0,23.0,30.0,44.0
000903.jpg,person,121.0,88.0,197.0,153.0
000903.jpg,chair,95.0,138.0,158.0,172.0
000904.jpg,cow,129.0,128.0,45.0,57.0
000904.jpg,person,41.0,105.0,66.0,75.0
000904.jpg,horse,69.0,176.0,136.0,97.0
000906.jpg,car,114.0,158.0,174.0,102.0
000906.jpg,person,79.0,113.0,14.0,37.0
000906.jpg,person,179.0,111.0,11.0,16.0
000906.jpg,person,184.0,111.0,13.0,23.0
000906.jpg,boat,52.0,90.0,103.0,177.0
000906.jpg,boat,91.0,65.0,161.0,128.0
000906.jpg,boat,177.0,53.0,84.0,103.0
000906.jpg,car,207.0,126.0,34.0,58.0
000908.jpg,aeroplane,112.0,130.0,224.0,188.0
000911.jpg,car,25.0,161.0,49.0,119.0
000911.jpg,bus,103.0,116.0,137.0,167.0
000911.jpg,bicycle,184.0,168.0,22.0,49.0
000911.jpg,person,194.0,145.0,20.0,93.0
000912.jpg,cat,146.0,123.0,155.0,202.0
000915.jpg,diningtable,67.0,188.0,111.0,71.0
000915.jpg,person,139.0,133.0,94.0,182.0
000915.jpg,person,85.0,110.0,85.0,96.0
000915.jpg,chair,54.0,137.0,37.0,42.0
000915.jpg,chair,73.0,89.0,18.0,16.0
000917.jpg,pottedplant,62.0,111.0,123.0,220.0
000917.jpg,bird,136.0,117.0,24.0,32.0
000917.jpg,chair,60.0,113.0,118.0,223.0
000918.jpg,person,118.0,115.0,212.0,217.0
000918.jpg,chair,113.0,127.0,222.0,188.0
000919.jpg,dog,88.0,139.0,140.0,168.0
000920.jpg,train,112.0,116.0,223.0,196.0
000920.jpg,person,137.0,79.0,22.0,78.0
000921.jpg,cat,149.0,110.0,151.0,128.0
000921.jpg,chair,95.0,86.0,77.0,94.0
000921.jpg,chair,144.0,113.0,160.0,222.0
000923.jpg,tvmonitor,64.0,93.0,36.0,39.0
000923.jpg,sofa,135.0,171.0,140.0,107.0
000923.jpg,pottedplant,180.0,42.0,87.0,81.0
000923.jpg,pottedplant,18.0,79.0,23.0,72.0
000923.jpg,tvmonitor,196.0,127.0,31.0,59.0
000923.jpg,pottedplant,92.0,31.0,14.0,22.0
000926.jpg,person,102.0,116.0,202.0,217.0
000926.jpg,person,135.0,162.0,18.0,25.0
000926.jpg,person,128.0,148.0,19.0,19.0
000926.jpg,person,115.0,151.0,22.0,20.0
000926.jpg,person,125.0,168.0,20.0,19.0
000926.jpg,person,105.0,168.0,26.0,20.0
000926.jpg,person,85.0,169.0,20.0,21.0
000926.jpg,person,86.0,155.0,23.0,24.0
000926.jpg,person,98.0,151.0,20.0,16.0
000929.jpg,diningtable,112.0,131.0,224.0,185.0
000929.jpg,bottle,125.0,79.0,15.0,82.0
000929.jpg,bottle,118.0,35.0,10.0,43.0
000929.jpg,chair,19.0,65.0,27.0,41.0
000929.jpg,chair,195.0,77.0,38.0,53.0
000929.jpg,chair,192.0,55.0,30.0,50.0
000931.jpg,boat,73.0,191.0,54.0,22.0
000934.jpg,aeroplane,112.0,110.0,224.0,172.0
000935.jpg,car,40.0,134.0,20.0,22.0
000935.jpg,car,79.0,98.0,6.0,8.0
000935.jpg,car,196.0,119.0,14.0,10.0
000935.jpg,car,179.0,123.0,17.0,12.0
000935.jpg,car,11.0,81.0,11.0,7.0
000935.jpg,car,4.0,83.0,5.0,10.0
000936.jpg,aeroplane,145.0,24.0,22.0,36.0
000936.jpg,aeroplane,152.0,88.0,22.0,34.0
000936.jpg,aeroplane,159.0,117.0,20.0,34.0
000936.jpg,aeroplane,127.0,155.0,20.0,31.0
000936.jpg,aeroplane,80.0,203.0,21.0,35.0
000937.jpg,car,170.0,44.0,41.0,33.0
000937.jpg,person,190.0,40.0,7.0,10.0
000937.jpg,car,203.0,59.0,42.0,32.0
000937.jpg,car,110.0,93.0,178.0,144.0
000943.jpg,chair,144.0,184.0,159.0,79.0
000943.jpg,person,164.0,135.0,119.0,108.0
000943.jpg,person,164.0,123.0,54.0,72.0
000943.jpg,person,133.0,117.0,53.0,59.0
000943.jpg,person,117.0,111.0,34.0,44.0
000943.jpg,person,50.0,121.0,31.0,75.0
000943.jpg,person,40.0,132.0,79.0,181.0
000943.jpg,sofa,24.0,198.0,47.0,49.0
000943.jpg,person,158.0,79.0,20.0,31.0
000943.jpg,person,34.0,89.0,23.0,42.0
000943.jpg,person,136.0,80.0,15.0,28.0
000946.jpg,train,90.0,117.0,166.0,105.0
000946.jpg,train,198.0,112.0,52.0,41.0
000947.jpg,dog,119.0,116.0,170.0,193.0
000948.jpg,tvmonitor,205.0,61.0,39.0,77.0
000948.jpg,chair,69.0,115.0,117.0,219.0
000948.jpg,person,115.0,132.0,52.0,158.0
000949.jpg,bicycle,151.0,148.0,98.0,120.0
000949.jpg,bicycle,51.0,135.0,98.0,112.0
000949.jpg,person,156.0,100.0,121.0,168.0
000949.jpg,person,53.0,99.0,104.0,155.0
000950.jpg,chair,54.0,153.0,21.0,39.0
000950.jpg,chair,28.0,187.0,29.0,66.0
000950.jpg,chair,158.0,152.0,21.0,42.0
000950.jpg,chair,183.0,177.0,28.0,55.0
000950.jpg,diningtable,110.0,175.0,173.0,88.0
000951.jpg,bottle,106.0,60.0,9.0,32.0
000954.jpg,bird,90.0,152.0,178.0,130.0
000954.jpg,bird,27.0,11.0,52.0,21.0
000958.jpg,dog,92.0,145.0,183.0,156.0
000962.jpg,cat,111.0,153.0,219.0,142.0
000962.jpg,pottedplant,184.0,45.0,42.0,88.0
000964.jpg,bird,102.0,131.0,54.0,147.0
000964.jpg,bird,104.0,100.0,43.0,106.0
000965.jpg,dog,99.0,167.0,85.0,79.0
000965.jpg,cat,136.0,73.0,50.0,21.0
000965.jpg,sofa,112.0,131.0,222.0,185.0
000966.jpg,train,120.0,114.0,202.0,168.0
000966.jpg,person,144.0,107.0,13.0,25.0
000967.jpg,person,199.0,181.0,22.0,83.0
000967.jpg,person,79.0,178.0,26.0,91.0
000967.jpg,person,88.0,184.0,31.0,80.0
000967.jpg,person,11.0,165.0,12.0,64.0
000967.jpg,train,117.0,136.0,214.0,125.0
000971.jpg,bus,93.0,119.0,81.0,67.0
000971.jpg,person,150.0,127.0,9.0,33.0
000971.jpg,person,160.0,131.0,12.0,35.0
000971.jpg,person,168.0,130.0,9.0,35.0
000971.jpg,person,180.0,126.0,8.0,22.0
000971.jpg,person,205.0,117.0,10.0,14.0
000971.jpg,person,199.0,159.0,51.0,131.0
000971.jpg,person,36.0,130.0,8.0,27.0
000971.jpg,person,8.0,158.0,15.0,75.0
000971.jpg,person,22.0,138.0,11.0,24.0
000971.jpg,person,14.0,140.0,11.0,45.0
000972.jpg,car,101.0,120.0,185.0,103.0
000973.jpg,bicycle,116.0,114.0,205.0,167.0
000977.jpg,car,73.0,190.0,13.0,16.0
000977.jpg,car,29.0,192.0,26.0,32.0
000977.jpg,car,99.0,190.0,38.0,50.0
000977.jpg,car,123.0,189.0,16.0,20.0
000977.jpg,car,161.0,197.0,34.0,54.0
000977.jpg,car,175.0,199.0,57.0,49.0
000980.jpg,bird,138.0,123.0,172.0,185.0
000982.jpg,aeroplane,92.0,113.0,125.0,183.0
000982.jpg,person,204.0,205.0,40.0,38.0
000982.jpg,person,125.0,78.0,11.0,11.0
000982.jpg,person,156.0,97.0,17.0,52.0
000987.jpg,person,132.0,105.0,86.0,191.0
000987.jpg,person,109.0,43.0,24.0,71.0
000987.jpg,person,185.0,45.0,17.0,72.0
000987.jpg,car,51.0,73.0,101.0,131.0
000987.jpg,motorbike,107.0,135.0,197.0,174.0
000989.jpg,tvmonitor,36.0,99.0,26.0,40.0
000991.jpg,person,114.0,95.0,104.0,110.0
000991.jpg,horse,117.0,137.0,74.0,165.0
000993.jpg,train,130.0,94.0,68.0,64.0
000993.jpg,train,193.0,61.0,31.0,44.0
000996.jpg,chair,196.0,111.0,40.0,48.0
000996.jpg,chair,153.0,106.0,31.0,33.0
000996.jpg,chair,119.0,99.0,20.0,23.0
000996.jpg,chair,97.0,94.0,18.0,23.0
000996.jpg,chair,99.0,176.0,73.0,96.0
000996.jpg,chair,44.0,174.0,62.0,97.0
000996.jpg,chair,17.0,160.0,34.0,66.0
000996.jpg,chair,50.0,79.0,27.0,42.0
000996.jpg,diningtable,113.0,159.0,222.0,130.0
000996.jpg,person,25.0,54.0,33.0,101.0
000997.jpg,sofa,46.0,171.0,91.0,107.0
000997.jpg,tvmonitor,188.0,105.0,35.0,39.0
000999.jpg,bottle,156.0,162.0,33.0,39.0
000999.jpg,person,84.0,116.0,166.0,217.0
001001.jpg,cat,87.0,131.0,118.0,186.0
001001.jpg,person,166.0,137.0,50.0,152.0
001001.jpg,person,150.0,112.0,148.0,223.0
001002.jpg,boat,171.0,194.0,105.0,44.0
001002.jpg,boat,94.0,175.0,66.0,22.0
001002.jpg,boat,37.0,165.0,48.0,25.0
001002.jpg,boat,9.0,160.0,16.0,15.0
001004.jpg,bird,85.0,104.0,41.0,27.0
001008.jpg,motorbike,116.0,130.0,36.0,75.0
001009.jpg,cat,119.0,115.0,209.0,217.0
001009.jpg,cat,60.0,108.0,116.0,162.0
001010.jpg,tvmonitor,104.0,45.0,68.0,84.0
001011.jpg,tvmonitor,106.0,30.0,41.0,59.0
001011.jpg,person,166.0,113.0,117.0,222.0
001012.jpg,aeroplane,119.0,109.0,37.0,60.0
001014.jpg,dog,151.0,168.0,52.0,112.0
001014.jpg,dog,109.0,186.0,84.0,69.0
001014.jpg,person,100.0,139.0,122.0,170.0
001014.jpg,chair,112.0,154.0,135.0,141.0
001015.jpg,bird,46.0,100.0,6.0,20.0
001015.jpg,bird,100.0,114.0,10.0,20.0
001015.jpg,bird,181.0,134.0,12.0,14.0
001017.jpg,motorbike,99.0,174.0,52.0,61.0
001017.jpg,person,96.0,137.0,77.0,91.0
001018.jpg,sofa,165.0,170.0,119.0,91.0
001018.jpg,sofa,212.0,152.0,24.0,44.0
001018.jpg,chair,173.0,196.0,39.0,57.0
001018.jpg,chair,85.0,195.0,48.0,56.0
001018.jpg,chair,22.0,191.0,43.0,65.0
001018.jpg,chair,64.0,180.0,38.0,79.0
001018.jpg,chair,99.0,143.0,21.0,33.0
001018.jpg,chair,72.0,141.0,24.0,33.0
001018.jpg,chair,101.0,133.0,13.0,26.0
001018.jpg,diningtable,31.0,162.0,62.0,75.0
001024.jpg,tvmonitor,123.0,27.0,138.0,53.0
001024.jpg,person,87.0,121.0,172.0,206.0
001027.jpg,chair,102.0,134.0,23.0,59.0
001027.jpg,chair,152.0,119.0,9.0,29.0
001027.jpg,chair,126.0,144.0,22.0,62.0
001027.jpg,chair,138.0,163.0,39.0,66.0
001027.jpg,sofa,202.0,193.0,44.0,63.0
001027.jpg,bicycle,34.0,112.0,16.0,37.0
001027.jpg,tvmonitor,10.0,174.0,19.0,57.0
001028.jpg,chair,201.0,116.0,33.0,34.0
001028.jpg,person,97.0,164.0,137.0,121.0
001028.jpg,person,114.0,117.0,220.0,208.0
001028.jpg,person,211.0,88.0,26.0,29.0
001028.jpg,person,183.0,91.0,28.0,26.0
001028.jpg,person,167.0,88.0,20.0,22.0
001036.jpg,person,42.0,167.0,27.0,112.0
001036.jpg,person,8.0,165.0,15.0,116.0
001036.jpg,person,83.0,83.0,38.0,62.0
001036.jpg,person,163.0,113.0,122.0,221.0
001036.jpg,person,106.0,168.0,112.0,112.0
001041.jpg,bird,95.0,120.0,63.0,76.0
001042.jpg,dog,116.0,169.0,34.0,42.0
001042.jpg,dog,154.0,174.0,17.0,38.0
001042.jpg,dog,103.0,168.0,21.0,45.0
001042.jpg,person,83.0,148.0,32.0,88.0
001042.jpg,person,137.0,152.0,26.0,110.0
001042.jpg,person,173.0,149.0,21.0,103.0
001043.jpg,cat,122.0,107.0,189.0,202.0
001045.jpg,bottle,162.0,62.0,67.0,123.0
001050.jpg,person,119.0,110.0,28.0,69.0
001050.jpg,bicycle,118.0,132.0,27.0,57.0
001052.jpg,car,111.0,114.0,164.0,108.0
001053.jpg,dog,107.0,110.0,181.0,211.0
001056.jpg,dog,130.0,168.0,111.0,113.0
001056.jpg,dog,79.0,101.0,156.0,201.0
001057.jpg,car,80.0,125.0,155.0,199.0
001057.jpg,person,58.0,80.0,21.0,35.0
001057.jpg,person,97.0,78.0,37.0,33.0
001060.jpg,car,204.0,117.0,40.0,17.0
001060.jpg,bicycle,76.0,128.0,13.0,22.0
001060.jpg,person,77.0,120.0,13.0,36.0
001061.jpg,bird,173.0,48.0,56.0,57.0
001061.jpg,person,181.0,147.0,76.0,155.0
001061.jpg,person,72.0,112.0,143.0,223.0
001062.jpg,tvmonitor,138.0,72.0,126.0,115.0
001064.jpg,horse,98.0,123.0,178.0,175.0
001064.jpg,person,124.0,74.0,52.0,118.0
001066.jpg,person,190.0,80.0,31.0,48.0
001066.jpg,person,60.0,58.0,29.0,89.0
001068.jpg,motorbike,111.0,114.0,192.0,198.0
001069.jpg,car,157.0,63.0,78.0,36.0
001069.jpg,car,26.0,89.0,52.0,38.0
001071.jpg,person,82.0,95.0,67.0,100.0
001071.jpg,person,164.0,99.0,60.0,98.0
001071.jpg,horse,85.0,128.0,72.0,129.0
001071.jpg,horse,155.0,140.0,98.0,128.0
001071.jpg,car,10.0,99.0,17.0,21.0
001072.jpg,sofa,112.0,151.0,151.0,56.0
001072.jpg,person,107.0,139.0,70.0,81.0
001073.jpg,cow,46.0,127.0,42.0,42.0
001073.jpg,cow,69.0,125.0,17.0,39.0
001073.jpg,cow,114.0,116.0,25.0,50.0
001073.jpg,cow,140.0,124.0,33.0,57.0
001073.jpg,cow,168.0,117.0,44.0,53.0
001073.jpg,cow,206.0,116.0,35.0,39.0
001074.jpg,bird,111.0,103.0,156.0,121.0
001077.jpg,tvmonitor,54.0,119.0,83.0,116.0
001078.jpg,cat,55.0,142.0,109.0,164.0
001079.jpg,person,106.0,117.0,43.0,78.0
001079.jpg,person,141.0,124.0,53.0,73.0
001079.jpg,person,190.0,139.0,46.0,103.0
001079.jpg,person,76.0,126.0,43.0,87.0
001079.jpg,person,33.0,148.0,64.0,128.0
001079.jpg,pottedplant,102.0,50.0,30.0,98.0
001079.jpg,diningtable,108.0,186.0,215.0,76.0
001082.jpg,cat,125.0,137.0,60.0,91.0
001082.jpg,pottedplant,99.0,29.0,77.0,57.0
001083.jpg,train,108.0,82.0,69.0,90.0
001084.jpg,horse,116.0,148.0,68.0,132.0
001084.jpg,person,114.0,102.0,89.0,110.0
001091.jpg,person,199.0,159.0,49.0,109.0
001091.jpg,person,152.0,142.0,77.0,107.0
001091.jpg,person,74.0,158.0,73.0,116.0
001091.jpg,person,19.0,204.0,37.0,41.0
001091.jpg,diningtable,124.0,207.0,200.0,34.0
001091.jpg,pottedplant,173.0,60.0,44.0,52.0
001091.jpg,pottedplant,85.0,62.0,33.0,48.0
001091.jpg,pottedplant,73.0,119.0,58.0,53.0
001091.jpg,pottedplant,179.0,138.0,52.0,70.0
001092.jpg,dog,131.0,132.0,146.0,180.0
001092.jpg,person,213.0,112.0,23.0,223.0
001093.jpg,car,119.0,119.0,191.0,177.0
001093.jpg,car,64.0,29.0,31.0,14.0
001093.jpg,car,117.0,28.0,7.0,7.0
001093.jpg,car,102.0,27.0,7.0,6.0
001097.jpg,person,21.0,135.0,41.0,178.0
001097.jpg,person,50.0,142.0,70.0,165.0
001097.jpg,person,99.0,176.0,42.0,96.0
001097.jpg,person,155.0,152.0,76.0,144.0
001097.jpg,person,189.0,125.0,70.0,198.0
001101.jpg,person,82.0,91.0,37.0,101.0
001101.jpg,person,49.0,121.0,96.0,204.0
001101.jpg,person,158.0,131.0,43.0,156.0
001101.jpg,person,194.0,139.0,56.0,167.0
001101.jpg,motorbike,186.0,173.0,77.0,102.0
001102.jpg,aeroplane,71.0,50.0,112.0,99.0
001102.jpg,aeroplane,114.0,144.0,220.0,160.0
001102.jpg,aeroplane,190.0,62.0,68.0,51.0
001104.jpg,dog,88.0,113.0,176.0,221.0
001106.jpg,chair,77.0,145.0,62.0,100.0
001106.jpg,chair,153.0,142.0,42.0,96.0
001106.jpg,chair,180.0,160.0,56.0,113.0
001106.jpg,chair,181.0,122.0,37.0,65.0
001106.jpg,diningtable,187.0,149.0,73.0,84.0
001107.jpg,aeroplane,113.0,108.0,215.0,87.0
001109.jpg,person,173.0,117.0,101.0,215.0
001109.jpg,person,68.0,136.0,135.0,176.0
001110.jpg,cat,63.0,113.0,110.0,139.0
001110.jpg,cat,168.0,117.0,109.0,155.0
001112.jpg,train,163.0,101.0,37.0,85.0
001112.jpg,car,42.0,124.0,29.0,23.0
001112.jpg,car,53.0,120.0,20.0,19.0
001112.jpg,pottedplant,99.0,205.0,36.0,37.0
001112.jpg,pottedplant,136.0,212.0,41.0,24.0
001113.jpg,person,196.0,62.0,45.0,67.0
001113.jpg,person,196.0,125.0,37.0,155.0
001113.jpg,person,147.0,121.0,69.0,148.0
001119.jpg,car,133.0,132.0,42.0,25.0
001121.jpg,boat,104.0,118.0,143.0,211.0
001124.jpg,bus,100.0,121.0,30.0,50.0
001124.jpg,car,159.0,137.0,13.0,8.0
001125.jpg,car,157.0,150.0,75.0,66.0
001125.jpg,car,117.0,134.0,46.0,38.0
001125.jpg,car,50.0,171.0,99.0,106.0
001125.jpg,person,81.0,124.0,16.0,48.0
001125.jpg,person,144.0,156.0,18.0,108.0
001127.jpg,dog,55.0,136.0,72.0,122.0
001127.jpg,dog,110.0,127.0,45.0,91.0
001127.jpg,dog,174.0,106.0,95.0,76.0
001127.jpg,sofa,112.0,101.0,224.0,200.0
001129.jpg,sofa,112.0,124.0,223.0,200.0
001129.jpg,person,161.0,90.0,127.0,117.0
001129.jpg,person,42.0,91.0,83.0,97.0
001130.jpg,cow,92.0,111.0,82.0,95.0
001136.jpg,boat,120.0,118.0,208.0,99.0
001136.jpg,bird,161.0,45.0,56.0,29.0
001136.jpg,bird,121.0,84.0,19.0,30.0
001136.jpg,bird,153.0,86.0,15.0,10.0
001136.jpg,bird,36.0,165.0,36.0,29.0
001136.jpg,bird,34.0,207.0,15.0,14.0
001136.jpg,bird,69.0,167.0,19.0,9.0
001136.jpg,bird,133.0,167.0,21.0,10.0
001136.jpg,bird,176.0,185.0,21.0,13.0
001136.jpg,bird,103.0,207.0,17.0,14.0
001137.jpg,person,100.0,151.0,44.0,145.0
001137.jpg,person,132.0,137.0,47.0,174.0
001140.jpg,dog,173.0,161.0,39.0,43.0
001140.jpg,dog,64.0,171.0,60.0,75.0
001140.jpg,person,128.0,104.0,54.0,151.0
001142.jpg,pottedplant,37.0,153.0,73.0,137.0
001142.jpg,pottedplant,60.0,99.0,39.0,91.0
001142.jpg,pottedplant,114.0,81.0,11.0,37.0
001142.jpg,pottedplant,103.0,79.0,14.0,31.0
001142.jpg,pottedplant,81.0,82.0,9.0,30.0
001142.jpg,pottedplant,89.0,84.0,7.0,27.0
001142.jpg,pottedplant,96.0,82.0,7.0,30.0
001143.jpg,cow,116.0,115.0,214.0,195.0
001144.jpg,aeroplane,113.0,114.0,222.0,157.0
001145.jpg,dog,45.0,156.0,88.0,129.0
001145.jpg,person,125.0,119.0,113.0,134.0
001145.jpg,person,110.0,72.0,69.0,144.0
001145.jpg,person,181.0,209.0,87.0,30.0
001147.jpg,person,116.0,113.0,214.0,223.0
001148.jpg,car,105.0,106.0,12.0,12.0
001149.jpg,sofa,123.0,131.0,114.0,98.0
001149.jpg,tvmonitor,50.0,71.0,32.0,41.0
001149.jpg,pottedplant,32.0,114.0,63.0,220.0
001151.jpg,dog,92.0,147.0,100.0,146.0
001151.jpg,person,155.0,112.0,74.0,221.0
001151.jpg,person,123.0,67.0,48.0,132.0
001152.jpg,bus,125.0,113.0,198.0,223.0
001152.jpg,person,118.0,150.0,36.0,149.0
001152.jpg,person,55.0,161.0,36.0,127.0
001152.jpg,person,167.0,128.0,26.0,37.0
001154.jpg,sofa,39.0,182.0,78.0,85.0
001154.jpg,pottedplant,68.0,151.0,17.0,26.0
001156.jpg,cat,115.0,113.0,141.0,137.0
001158.jpg,chair,172.0,105.0,104.0,208.0
001158.jpg,chair,58.0,108.0,116.0,213.0
001160.jpg,aeroplane,109.0,81.0,22.0,28.0
001161.jpg,train,125.0,112.0,199.0,223.0
001164.jpg,diningtable,107.0,163.0,146.0,119.0
001164.jpg,person,184.0,131.0,72.0,118.0
001164.jpg,person,31.0,135.0,56.0,120.0
001164.jpg,person,64.0,102.0,34.0,63.0
001164.jpg,person,124.0,89.0,41.0,54.0
001164.jpg,chair,179.0,188.0,50.0,73.0
001164.jpg,chair,98.0,194.0,56.0,59.0
001164.jpg,chair,142.0,167.0,30.0,79.0
001164.jpg,pottedplant,216.0,61.0,16.0,36.0
001166.jpg,tvmonitor,159.0,78.0,22.0,36.0
001168.jpg,person,90.0,112.0,180.0,223.0
001168.jpg,person,174.0,134.0,99.0,180.0
001170.jpg,person,99.0,146.0,107.0,156.0
001170.jpg,person,183.0,154.0,82.0,140.0
001170.jpg,sofa,55.0,166.0,109.0,116.0
001171.jpg,motorbike,107.0,187.0,74.0,73.0
001171.jpg,person,16.0,102.0,28.0,125.0
001171.jpg,person,84.0,114.0,38.0,112.0
001171.jpg,person,172.0,134.0,85.0,179.0
001172.jpg,train,113.0,109.0,209.0,170.0
001174.jpg,sofa,56.0,194.0,112.0,61.0
001174.jpg,chair,156.0,154.0,29.0,66.0
001174.jpg,chair,127.0,162.0,33.0,70.0
001174.jpg,chair,74.0,148.0,20.0,54.0
001174.jpg,diningtable,125.0,159.0,84.0,70.0
001175.jpg,person,109.0,144.0,111.0,105.0
001175.jpg,person,93.0,119.0,44.0,36.0
001175.jpg,tvmonitor,181.0,90.0,40.0,44.0
001176.jpg,boat,213.0,167.0,6.0,38.0
001176.jpg,boat,162.0,126.0,80.0,154.0
001176.jpg,boat,43.0,131.0,15.0,144.0
001176.jpg,boat,100.0,183.0,25.0,10.0
001176.jpg,boat,70.0,169.0,16.0,38.0
001176.jpg,boat,26.0,158.0,22.0,62.0
001176.jpg,boat,191.0,169.0,17.0,29.0
001182.jpg,cow,118.0,132.0,125.0,87.0
001182.jpg,cow,71.0,92.0,53.0,35.0
001184.jpg,bicycle,65.0,190.0,56.0,46.0
001185.jpg,cat,109.0,156.0,41.0,74.0
001185.jpg,person,82.0,135.0,95.0,177.0
001185.jpg,diningtable,158.0,179.0,133.0,91.0
001185.jpg,bottle,213.0,115.0,22.0,73.0
001186.jpg,bicycle,105.0,115.0,16.0,23.0
001186.jpg,person,103.0,104.0,23.0,33.0
001187.jpg,chair,75.0,204.0,125.0,40.0
001187.jpg,chair,165.0,193.0,108.0,61.0
001187.jpg,sofa,139.0,149.0,151.0,56.0
001191.jpg,sheep,67.0,113.0,133.0,222.0
001192.jpg,dog,149.0,146.0,35.0,87.0
001192.jpg,dog,82.0,102.0,30.0,76.0
001194.jpg,bicycle,79.0,155.0,94.0,96.0
001199.jpg,motorbike,180.0,188.0,87.0,72.0
001199.jpg,motorbike,108.0,165.0,138.0,118.0
001200.jpg,train,110.0,109.0,206.0,207.0
001201.jpg,motorbike,113.0,157.0,51.0,81.0
001201.jpg,person,123.0,91.0,36.0,110.0
001203.jpg,dog,115.0,100.0,189.0,189.0
001204.jpg,sofa,125.0,169.0,177.0,108.0
001204.jpg,tvmonitor,221.0,103.0,6.0,35.0
001204.jpg,chair,214.0,137.0,20.0,44.0
001205.jpg,boat,90.0,113.0,101.0,125.0
001206.jpg,person,157.0,86.0,69.0,171.0
001206.jpg,dog,91.0,139.0,29.0,111.0
001207.jpg,bird,140.0,135.0,168.0,178.0
001209.jpg,dog,105.0,100.0,34.0,85.0
001211.jpg,cat,185.0,160.0,78.0,128.0
001211.jpg,dog,62.0,65.0,122.0,122.0
001211.jpg,chair,101.0,140.0,197.0,168.0
001212.jpg,person,91.0,148.0,86.0,97.0
001212.jpg,person,126.0,55.0,66.0,80.0
001212.jpg,person,142.0,88.0,36.0,95.0
001212.jpg,person,196.0,134.0,56.0,174.0
001212.jpg,pottedplant,194.0,46.0,30.0,58.0
001212.jpg,pottedplant,181.0,56.0,24.0,43.0
001212.jpg,pottedplant,93.0,18.0,27.0,32.0
001214.jpg,chair,41.0,162.0,44.0,100.0
001214.jpg,chair,11.0,180.0,20.0,88.0
001214.jpg,tvmonitor,100.0,104.0,18.0,35.0
001214.jpg,tvmonitor,73.0,107.0,37.0,35.0
001214.jpg,sofa,166.0,161.0,116.0,125.0
001215.jpg,bicycle,113.0,116.0,198.0,147.0
001221.jpg,train,124.0,109.0,108.0,127.0
001221.jpg,person,123.0,119.0,20.0,16.0
001221.jpg,person,92.0,124.0,9.0,6.0
001224.jpg,bicycle,65.0,146.0,39.0,85.0
001224.jpg,bicycle,116.0,151.0,39.0,79.0
001224.jpg,bicycle,170.0,161.0,47.0,89.0
001224.jpg,bicycle,141.0,141.0,36.0,71.0
001224.jpg,person,64.0,101.0,42.0,98.0
001224.jpg,person,113.0,111.0,41.0,112.0
001224.jpg,person,170.0,114.0,48.0,105.0
001224.jpg,person,140.0,109.0,34.0,102.0
001224.jpg,person,54.0,27.0,14.0,52.0
001224.jpg,person,172.0,22.0,12.0,42.0
001225.jpg,dog,117.0,140.0,117.0,90.0
001226.jpg,dog,135.0,109.0,177.0,151.0
001229.jpg,bottle,139.0,91.0,92.0,73.0
001229.jpg,person,99.0,134.0,185.0,179.0
001229.jpg,person,190.0,159.0,68.0,130.0
001230.jpg,aeroplane,105.0,114.0,148.0,56.0
001231.jpg,chair,119.0,102.0,38.0,51.0
001231.jpg,chair,53.0,121.0,57.0,72.0
001231.jpg,sofa,178.0,165.0,92.0,118.0
001233.jpg,cat,108.0,144.0,130.0,160.0
001234.jpg,person,109.0,102.0,96.0,192.0
001234.jpg,person,96.0,149.0,135.0,149.0
001234.jpg,dog,27.0,202.0,53.0,22.0
001234.jpg,tvmonitor,32.0,149.0,59.0,47.0
001236.jpg,horse,112.0,133.0,163.0,141.0
001236.jpg,person,119.0,79.0,39.0,126.0
001237.jpg,car,85.0,110.0,68.0,34.0
001239.jpg,dog,96.0,66.0,95.0,60.0
001239.jpg,dog,136.0,153.0,69.0,142.0
001239.jpg,dog,90.0,120.0,75.0,127.0
001240.jpg,person,30.0,112.0,60.0,223.0
001240.jpg,person,101.0,159.0,181.0,129.0
001240.jpg,person,189.0,187.0,70.0,73.0
001241.jpg,horse,122.0,125.0,204.0,197.0
001241.jpg,person,154.0,116.0,139.0,215.0
001241.jpg,person,216.0,116.0,16.0,36.0
001241.jpg,person,17.0,179.0,33.0,90.0
001241.jpg,person,5.0,139.0,10.0,36.0
001241.jpg,person,76.0,27.0,13.0,16.0
001241.jpg,person,66.0,26.0,8.0,12.0
001241.jpg,person,57.0,22.0,7.0,12.0
001247.jpg,boat,156.0,93.0,99.0,39.0
001248.jpg,person,15.0,105.0,30.0,139.0
001248.jpg,person,115.0,89.0,18.0,143.0
001248.jpg,person,127.0,36.0,9.0,21.0
001248.jpg,person,132.0,85.0,35.0,132.0
001248.jpg,person,140.0,109.0,29.0,146.0
001248.jpg,person,157.0,104.0,18.0,155.0
001248.jpg,person,175.0,106.0,34.0,186.0
001248.jpg,person,200.0,109.0,45.0,194.0
001248.jpg,person,70.0,152.0,19.0,29.0
001248.jpg,person,44.0,155.0,21.0,26.0
001250.jpg,bird,111.0,112.0,43.0,74.0
001254.jpg,person,133.0,91.0,30.0,127.0
001254.jpg,horse,135.0,117.0,80.0,121.0
001258.jpg,car,117.0,113.0,144.0,116.0
001258.jpg,car,162.0,85.0,48.0,46.0
001259.jpg,person,112.0,155.0,28.0,106.0
001259.jpg,person,97.0,155.0,23.0,102.0
001259.jpg,bicycle,88.0,171.0,28.0,72.0
001260.jpg,bird,92.0,67.0,35.0,33.0
001263.jpg,chair,69.0,137.0,41.0,70.0
001263.jpg,chair,111.0,128.0,34.0,70.0
001263.jpg,sofa,205.0,172.0,37.0,79.0
001263.jpg,diningtable,95.0,130.0,49.0,69.0
001265.jpg,person,110.0,115.0,209.0,190.0
001266.jpg,motorbike,107.0,142.0,213.0,165.0
001266.jpg,person,99.0,119.0,84.0,209.0
001266.jpg,person,175.0,113.0,98.0,223.0
001268.jpg,car,79.0,113.0,132.0,104.0
001268.jpg,car,169.0,81.0,100.0,78.0
001269.jpg,person,111.0,143.0,126.0,162.0
001270.jpg,aeroplane,107.0,113.0,187.0,68.0
001272.jpg,bottle,95.0,78.0,27.0,62.0
001272.jpg,bottle,108.0,113.0,53.0,60.0
001272.jpg,person,128.0,118.0,164.0,212.0
001273.jpg,bird,113.0,123.0,173.0,129.0
001274.jpg,cat,110.0,121.0,55.0,66.0
001277.jpg,aeroplane,112.0,108.0,223.0,174.0
001279.jpg,person,76.0,108.0,106.0,187.0
001279.jpg,person,115.0,149.0,85.0,97.0
001279.jpg,person,119.0,149.0,208.0,150.0
001279.jpg,chair,206.0,191.0,36.0,66.0
001281.jpg,car,126.0,119.0,101.0,76.0
001281.jpg,person,116.0,105.0,11.0,15.0
001284.jpg,person,83.0,149.0,45.0,151.0
001284.jpg,person,138.0,125.0,62.0,113.0
001284.jpg,person,157.0,142.0,67.0,145.0
001284.jpg,person,179.0,146.0,89.0,156.0
001284.jpg,person,28.0,146.0,56.0,156.0
001284.jpg,person,194.0,68.0,13.0,29.0
001286.jpg,motorbike,117.0,154.0,205.0,140.0
001287.jpg,horse,45.0,121.0,88.0,99.0
001287.jpg,person,152.0,141.0,144.0,166.0
001288.jpg,aeroplane,111.0,93.0,160.0,87.0
001288.jpg,aeroplane,191.0,193.0,63.0,29.0
001288.jpg,aeroplane,115.0,192.0,54.0,28.0
001289.jpg,bird,115.0,104.0,89.0,65.0
001290.jpg,car,113.0,138.0,202.0,91.0
001292.jpg,bottle,174.0,157.0,22.0,98.0
001292.jpg,person,83.0,120.0,111.0,164.0
001292.jpg,person,114.0,44.0,11.0,35.0
001292.jpg,person,90.0,47.0,13.0,12.0
001292.jpg,car,85.0,47.0,32.0,21.0
001293.jpg,dog,102.0,115.0,201.0,217.0
001294.jpg,car,163.0,108.0,36.0,35.0
001294.jpg,car,48.0,102.0,13.0,11.0
001294.jpg,car,6.0,102.0,11.0,12.0
001294.jpg,car,110.0,100.0,7.0,5.0
001298.jpg,person,167.0,76.0,53.0,79.0
001298.jpg,person,116.0,134.0,59.0,67.0
001298.jpg,person,71.0,110.0,45.0,93.0
001298.jpg,boat,96.0,76.0,190.0,149.0
001299.jpg,cow,70.0,98.0,99.0,173.0
001299.jpg,cow,138.0,145.0,56.0,75.0
001299.jpg,cow,190.0,147.0,47.0,96.0
001304.jpg,person,107.0,100.0,22.0,36.0
001304.jpg,bicycle,106.0,115.0,22.0,28.0
001309.jpg,bicycle,113.0,164.0,99.0,120.0
001309.jpg,person,111.0,115.0,104.0,206.0
001310.jpg,sheep,100.0,160.0,54.0,84.0
001310.jpg,person,144.0,124.0,53.0,141.0
001310.jpg,person,38.0,92.0,17.0,53.0
001310.jpg,person,14.0,89.0,11.0,20.0
001310.jpg,sheep,18.0,111.0,19.0,25.0
001311.jpg,bicycle,214.0,95.0,11.0,44.0
001311.jpg,bicycle,201.0,107.0,15.0,48.0
001311.jpg,bicycle,160.0,122.0,21.0,65.0
001311.jpg,bicycle,108.0,178.0,57.0,92.0
001311.jpg,bicycle,43.0,169.0,76.0,111.0
001311.jpg,person,215.0,78.0,14.0,61.0
001311.jpg,person,201.0,86.0,17.0,67.0
001311.jpg,person,161.0,98.0,24.0,86.0
001311.jpg,person,107.0,140.0,47.0,131.0
001311.jpg,person,43.0,120.0,61.0,154.0
001312.jpg,cow,108.0,95.0,215.0,189.0
001314.jpg,cat,98.0,109.0,135.0,216.0
001315.jpg,sofa,113.0,154.0,223.0,66.0
001315.jpg,person,104.0,108.0,146.0,158.0
001316.jpg,dog,146.0,130.0,157.0,187.0
001323.jpg,train,115.0,152.0,201.0,80.0
001324.jpg,dog,48.0,127.0,44.0,194.0
001324.jpg,dog,136.0,118.0,88.0,188.0
001325.jpg,boat,96.0,122.0,122.0,65.0
001325.jpg,boat,170.0,123.0,82.0,50.0
001325.jpg,boat,196.0,36.0,50.0,68.0
001325.jpg,boat,59.0,191.0,114.0,36.0
001325.jpg,boat,141.0,206.0,159.0,29.0
001325.jpg,boat,192.0,191.0,57.0,35.0
001325.jpg,person,110.0,87.0,22.0,34.0
001325.jpg,boat,159.0,185.0,88.0,31.0
001325.jpg,boat,33.0,123.0,45.0,28.0
001326.jpg,sofa,118.0,112.0,212.0,223.0
001327.jpg,person,68.0,124.0,134.0,200.0
001330.jpg,car,86.0,115.0,15.0,24.0
001330.jpg,car,141.0,104.0,17.0,12.0
001330.jpg,car,114.0,142.0,78.0,87.0
001330.jpg,person,70.0,133.0,14.0,76.0
001332.jpg,aeroplane,30.0,22.0,37.0,21.0
001333.jpg,motorbike,80.0,125.0,21.0,39.0
001333.jpg,person,90.0,97.0,12.0,42.0
001333.jpg,person,80.0,100.0,21.0,34.0
001334.jpg,car,113.0,107.0,212.0,130.0
001334.jpg,car,218.0,68.0,13.0,13.0
001334.jpg,car,16.0,65.0,29.0,13.0
001334.jpg,car,31.0,63.0,24.0,11.0
001334.jpg,car,52.0,65.0,13.0,17.0
001337.jpg,horse,107.0,140.0,85.0,149.0
001337.jpg,person,111.0,95.0,113.0,103.0
001341.jpg,bird,126.0,111.0,151.0,144.0
001343.jpg,tvmonitor,178.0,85.0,54.0,62.0
001343.jpg,tvmonitor,110.0,112.0,20.0,23.0
001343.jpg,chair,114.0,152.0,23.0,65.0
001343.jpg,sofa,44.0,153.0,81.0,63.0
001343.jpg,sofa,11.0,185.0,20.0,78.0
001345.jpg,chair,190.0,127.0,29.0,54.0
001345.jpg,chair,144.0,128.0,31.0,57.0
001345.jpg,chair,168.0,115.0,30.0,50.0
001346.jpg,bottle,149.0,159.0,21.0,129.0
001346.jpg,person,149.0,114.0,102.0,220.0
001346.jpg,person,60.0,112.0,114.0,222.0
001348.jpg,bird,107.0,88.0,67.0,106.0
001350.jpg,chair,28.0,167.0,55.0,114.0
001350.jpg,person,84.0,146.0,69.0,156.0
001350.jpg,person,135.0,157.0,50.0,133.0
001350.jpg,person,172.0,145.0,69.0,154.0
001350.jpg,person,113.0,155.0,75.0,139.0
001352.jpg,person,93.0,116.0,9.0,21.0
001352.jpg,person,77.0,112.0,11.0,38.0
001352.jpg,person,10.0,132.0,8.0,20.0
001352.jpg,person,6.0,142.0,10.0,24.0
001352.jpg,person,6.0,150.0,11.0,29.0
001352.jpg,person,7.0,175.0,13.0,36.0
001352.jpg,person,19.0,140.0,7.0,28.0
001352.jpg,person,26.0,151.0,12.0,45.0
001352.jpg,person,39.0,155.0,19.0,41.0
001352.jpg,chair,52.0,186.0,14.0,38.0
001352.jpg,chair,69.0,209.0,15.0,30.0
001352.jpg,chair,30.0,196.0,21.0,54.0
001352.jpg,person,68.0,157.0,15.0,63.0
001352.jpg,person,98.0,186.0,13.0,74.0
001352.jpg,person,115.0,183.0,22.0,80.0
001352.jpg,person,101.0,146.0,12.0,54.0
001352.jpg,person,115.0,136.0,7.0,45.0
001352.jpg,person,124.0,138.0,6.0,46.0
001352.jpg,person,131.0,136.0,9.0,50.0
001352.jpg,person,130.0,142.0,10.0,46.0
001352.jpg,person,142.0,140.0,10.0,42.0
001352.jpg,person,151.0,136.0,6.0,49.0
001352.jpg,person,157.0,141.0,8.0,43.0
001352.jpg,person,161.0,164.0,9.0,72.0
001352.jpg,person,180.0,153.0,12.0,60.0
001352.jpg,person,172.0,141.0,6.0,54.0
001352.jpg,person,190.0,170.0,8.0,83.0
001352.jpg,person,192.0,131.0,8.0,34.0
001352.jpg,person,203.0,124.0,8.0,22.0
001352.jpg,person,217.0,138.0,11.0,24.0
001352.jpg,car,65.0,139.0,86.0,59.0
001352.jpg,person,204.0,140.0,9.0,15.0
001352.jpg,person,220.0,187.0,8.0,73.0
001352.jpg,person,205.0,187.0,26.0,71.0
001352.jpg,person,159.0,211.0,20.0,26.0
001360.jpg,car,102.0,125.0,198.0,124.0
001361.jpg,bird,104.0,124.0,169.0,200.0
001362.jpg,person,123.0,119.0,202.0,210.0
001362.jpg,sofa,112.0,121.0,222.0,206.0
001364.jpg,car,106.0,112.0,151.0,166.0
001365.jpg,bird,165.0,111.0,42.0,34.0
001371.jpg,car,97.0,142.0,27.0,29.0
001371.jpg,car,123.0,138.0,13.0,15.0
001371.jpg,car,146.0,143.0,31.0,27.0
001371.jpg,car,161.0,137.0,8.0,19.0
001371.jpg,car,37.0,134.0,20.0,11.0
001375.jpg,bird,150.0,107.0,148.0,204.0
001378.jpg,person,56.0,147.0,110.0,137.0
001378.jpg,bird,156.0,111.0,98.0,141.0
001383.jpg,train,119.0,134.0,148.0,104.0
001384.jpg,car,95.0,139.0,109.0,110.0
001384.jpg,car,175.0,37.0,54.0,53.0
001384.jpg,car,133.0,69.0,33.0,32.0
001384.jpg,car,193.0,12.0,29.0,20.0
001384.jpg,car,43.0,155.0,13.0,18.0
001385.jpg,bus,122.0,105.0,83.0,51.0
001385.jpg,car,63.0,116.0,34.0,22.0
001385.jpg,car,30.0,116.0,19.0,21.0
001386.jpg,motorbike,110.0,128.0,216.0,187.0
001386.jpg,car,149.0,58.0,13.0,9.0
001386.jpg,car,130.0,55.0,13.0,13.0
001386.jpg,car,215.0,54.0,15.0,14.0
001386.jpg,car,220.0,61.0,7.0,14.0
001387.jpg,cat,123.0,114.0,201.0,190.0
001387.jpg,cat,176.0,135.0,97.0,146.0
001388.jpg,sofa,112.0,113.0,223.0,223.0
001388.jpg,person,110.0,111.0,166.0,212.0
001390.jpg,person,95.0,80.0,14.0,87.0
001390.jpg,person,41.0,96.0,20.0,118.0
001390.jpg,person,116.0,84.0,21.0,84.0
001390.jpg,sofa,17.0,160.0,34.0,128.0
001390.jpg,person,132.0,87.0,22.0,98.0
001393.jpg,diningtable,86.0,170.0,118.0,108.0
001393.jpg,chair,18.0,170.0,34.0,108.0
001393.jpg,person,172.0,154.0,86.0,140.0
001393.jpg,person,155.0,145.0,49.0,134.0
001393.jpg,person,108.0,96.0,39.0,45.0
001393.jpg,person,33.0,151.0,53.0,146.0
001393.jpg,bottle,121.0,113.0,9.0,29.0
001393.jpg,bottle,107.0,110.0,6.0,22.0
001393.jpg,bottle,99.0,111.0,8.0,27.0
001393.jpg,bottle,96.0,117.0,7.0,24.0
001393.jpg,bottle,91.0,126.0,6.0,26.0
001393.jpg,person,86.0,166.0,52.0,116.0
001395.jpg,cat,120.0,119.0,208.0,210.0
001397.jpg,dog,115.0,86.0,58.0,64.0
001400.jpg,aeroplane,138.0,116.0,131.0,53.0
001402.jpg,sofa,147.0,110.0,103.0,140.0
001402.jpg,sofa,83.0,147.0,165.0,154.0
001402.jpg,bicycle,208.0,52.0,27.0,44.0
001404.jpg,cat,112.0,114.0,173.0,202.0
001405.jpg,horse,120.0,111.0,128.0,168.0
001405.jpg,person,137.0,121.0,92.0,163.0
001406.jpg,dog,115.0,149.0,132.0,147.0
001406.jpg,person,94.0,101.0,186.0,159.0
001406.jpg,sofa,112.0,112.0,224.0,222.0
001408.jpg,bottle,98.0,155.0,43.0,91.0
001408.jpg,person,96.0,111.0,117.0,125.0
001408.jpg,bottle,24.0,53.0,20.0,44.0
001408.jpg,person,183.0,24.0,83.0,48.0
001408.jpg,person,140.0,101.0,167.0,125.0
001408.jpg,pottedplant,102.0,29.0,44.0,58.0
001409.jpg,car,155.0,106.0,107.0,112.0
001409.jpg,person,140.0,72.0,12.0,20.0
001409.jpg,person,166.0,72.0,21.0,21.0
001413.jpg,bird,192.0,125.0,49.0,56.0
001413.jpg,bird,95.0,91.0,20.0,26.0
001413.jpg,bird,55.0,102.0,24.0,20.0
001413.jpg,bird,6.0,122.0,9.0,45.0
001413.jpg,bird,92.0,125.0,29.0,39.0
001413.jpg,bird,130.0,136.0,30.0,55.0
001413.jpg,bird,55.0,160.0,35.0,49.0
001413.jpg,bird,77.0,150.0,34.0,47.0
001413.jpg,bird,62.0,124.0,17.0,23.0
001414.jpg,person,13.0,85.0,13.0,65.0
001414.jpg,person,24.0,65.0,11.0,24.0
001414.jpg,person,154.0,64.0,17.0,27.0
001414.jpg,person,200.0,71.0,17.0,40.0
001414.jpg,person,218.0,98.0,11.0,84.0
001414.jpg,car,112.0,113.0,187.0,149.0
001418.jpg,dog,104.0,118.0,173.0,205.0
001420.jpg,horse,119.0,128.0,66.0,109.0
001420.jpg,person,144.0,117.0,37.0,127.0
001420.jpg,pottedplant,210.0,153.0,29.0,107.0
001421.jpg,person,168.0,98.0,109.0,196.0
001421.jpg,person,146.0,147.0,154.0,132.0
001421.jpg,chair,32.0,156.0,63.0,47.0
001421.jpg,diningtable,113.0,198.0,222.0,52.0
001426.jpg,motorbike,113.0,153.0,220.0,140.0
001426.jpg,person,76.0,112.0,147.0,222.0
001426.jpg,person,144.0,20.0,35.0,38.0
001426.jpg,person,164.0,16.0,17.0,31.0
001426.jpg,person,22.0,18.0,28.0,33.0
001427.jpg,bicycle,128.0,121.0,71.0,64.0
001427.jpg,bicycle,176.0,97.0,50.0,52.0
001427.jpg,person,166.0,73.0,55.0,93.0
001427.jpg,person,129.0,92.0,66.0,82.0
001430.jpg,diningtable,56.0,192.0,112.0,63.0
001430.jpg,person,75.0,131.0,60.0,79.0
001430.jpg,person,115.0,149.0,41.0,123.0
001430.jpg,person,144.0,158.0,69.0,131.0
001430.jpg,pottedplant,35.0,118.0,20.0,27.0
001430.jpg,tvmonitor,164.0,20.0,46.0,39.0
001430.jpg,pottedplant,173.0,89.0,38.0,78.0
001432.jpg,car,112.0,113.0,223.0,223.0
001434.jpg,person,204.0,202.0,9.0,38.0
001434.jpg,person,196.0,200.0,10.0,38.0
001434.jpg,bus,146.0,182.0,75.0,45.0
001434.jpg,bus,74.0,180.0,62.0,60.0
001436.jpg,aeroplane,115.0,98.0,65.0,28.0
001439.jpg,diningtable,113.0,185.0,222.0,79.0
001439.jpg,chair,140.0,138.0,47.0,24.0
001441.jpg,chair,170.0,152.0,34.0,42.0
001441.jpg,chair,217.0,194.0,14.0,60.0
001441.jpg,chair,205.0,202.0,19.0,45.0
001441.jpg,chair,94.0,167.0,29.0,52.0
001441.jpg,chair,64.0,182.0,38.0,61.0
001441.jpg,chair,58.0,217.0,39.0,14.0
001441.jpg,diningtable,130.0,195.0,139.0,59.0
001442.jpg,cow,112.0,135.0,159.0,178.0
001443.jpg,cat,78.0,121.0,126.0,204.0
001443.jpg,chair,28.0,140.0,55.0,167.0
001444.jpg,sofa,94.0,190.0,106.0,67.0
001444.jpg,chair,137.0,156.0,72.0,78.0
001444.jpg,pottedplant,178.0,128.0,27.0,33.0
001444.jpg,bottle,19.0,139.0,13.0,30.0
001444.jpg,pottedplant,86.0,124.0,25.0,81.0
001444.jpg,tvmonitor,71.0,102.0,15.0,23.0
001444.jpg,tvmonitor,57.0,102.0,14.0,22.0
001445.jpg,bus,127.0,111.0,153.0,97.0
001445.jpg,person,221.0,113.0,5.0,34.0
001445.jpg,person,213.0,114.0,9.0,32.0
001445.jpg,car,44.0,112.0,16.0,22.0
001445.jpg,car,39.0,99.0,8.0,5.0
001445.jpg,car,50.0,162.0,98.0,80.0
001450.jpg,person,115.0,109.0,66.0,124.0
001450.jpg,motorbike,117.0,122.0,68.0,95.0
001451.jpg,diningtable,113.0,191.0,223.0,65.0
001451.jpg,bottle,179.0,155.0,18.0,44.0
001451.jpg,bottle,86.0,151.0,26.0,91.0
001451.jpg,person,141.0,122.0,65.0,84.0
001451.jpg,person,71.0,118.0,56.0,101.0
001451.jpg,pottedplant,14.0,114.0,18.0,25.0
001453.jpg,bird,106.0,100.0,54.0,165.0
001455.jpg,bicycle,105.0,165.0,99.0,119.0
001455.jpg,person,100.0,140.0,69.0,132.0
001455.jpg,person,32.0,93.0,18.0,37.0
001455.jpg,person,57.0,91.0,24.0,36.0
001455.jpg,car,205.0,64.0,38.0,22.0
001457.jpg,sofa,109.0,115.0,96.0,85.0
001457.jpg,chair,209.0,175.0,30.0,97.0
001460.jpg,person,81.0,104.0,39.0,117.0
001460.jpg,bicycle,97.0,138.0,88.0,104.0
001463.jpg,boat,95.0,103.0,109.0,202.0
001463.jpg,person,133.0,179.0,7.0,18.0
001464.jpg,pottedplant,20.0,111.0,13.0,32.0
001464.jpg,pottedplant,33.0,112.0,12.0,32.0
001464.jpg,pottedplant,47.0,112.0,14.0,32.0
001464.jpg,pottedplant,43.0,63.0,18.0,68.0
001464.jpg,pottedplant,60.0,85.0,11.0,19.0
001464.jpg,pottedplant,60.0,111.0,13.0,32.0
001464.jpg,pottedplant,73.0,111.0,13.0,32.0
001464.jpg,pottedplant,86.0,101.0,13.0,21.0
001464.jpg,pottedplant,98.0,101.0,12.0,25.0
001464.jpg,pottedplant,110.0,99.0,13.0,26.0
001464.jpg,pottedplant,122.0,90.0,13.0,35.0
001464.jpg,pottedplant,136.0,84.0,14.0,48.0
001464.jpg,pottedplant,148.0,80.0,14.0,38.0
001464.jpg,pottedplant,161.0,71.0,15.0,39.0
001464.jpg,pottedplant,171.0,65.0,12.0,40.0
001464.jpg,pottedplant,181.0,57.0,11.0,36.0
001464.jpg,pottedplant,190.0,44.0,10.0,48.0
001464.jpg,pottedplant,155.0,127.0,10.0,15.0
001464.jpg,pottedplant,163.0,146.0,11.0,30.0
001464.jpg,pottedplant,146.0,127.0,13.0,28.0
001464.jpg,pottedplant,135.0,135.0,13.0,28.0
001464.jpg,pottedplant,126.0,113.0,16.0,24.0
001464.jpg,pottedplant,108.0,127.0,15.0,39.0
001464.jpg,pottedplant,88.0,125.0,24.0,45.0
001464.jpg,pottedplant,67.0,140.0,20.0,29.0
001464.jpg,pottedplant,44.0,145.0,25.0,43.0
001464.jpg,pottedplant,153.0,148.0,13.0,28.0
001464.jpg,pottedplant,152.0,175.0,14.0,38.0
001464.jpg,pottedplant,138.0,181.0,14.0,33.0
001464.jpg,pottedplant,126.0,166.0,12.0,40.0
001464.jpg,pottedplant,110.0,168.0,17.0,47.0
001464.jpg,pottedplant,93.0,153.0,10.0,14.0
001464.jpg,pottedplant,82.0,153.0,10.0,18.0
001464.jpg,pottedplant,99.0,170.0,8.0,26.0
001464.jpg,pottedplant,87.0,177.0,17.0,38.0
001464.jpg,pottedplant,72.0,175.0,14.0,43.0
001464.jpg,pottedplant,49.0,191.0,35.0,63.0
001465.jpg,chair,182.0,177.0,68.0,95.0
001465.jpg,chair,35.0,196.0,69.0,56.0
001465.jpg,chair,137.0,146.0,22.0,62.0
001465.jpg,chair,117.0,142.0,19.0,59.0
001465.jpg,chair,52.0,163.0,37.0,78.0
001465.jpg,chair,24.0,179.0,30.0,79.0
001465.jpg,diningtable,27.0,176.0,54.0,73.0
001465.jpg,bottle,18.0,134.0,5.0,17.0
001466.jpg,car,102.0,127.0,202.0,101.0
001467.jpg,dog,163.0,96.0,99.0,96.0
001468.jpg,cow,109.0,134.0,63.0,161.0
001468.jpg,cow,53.0,144.0,81.0,110.0
001468.jpg,cow,131.0,134.0,22.0,83.0
001470.jpg,tvmonitor,93.0,79.0,93.0,122.0
001472.jpg,car,108.0,135.0,149.0,148.0
001472.jpg,car,172.0,101.0,104.0,95.0
001472.jpg,car,37.0,57.0,21.0,27.0
001472.jpg,car,67.0,55.0,26.0,19.0
001472.jpg,car,99.0,54.0,28.0,19.0
001472.jpg,car,126.0,54.0,28.0,15.0
001472.jpg,car,146.0,52.0,16.0,10.0
001472.jpg,car,139.0,46.0,15.0,7.0
001472.jpg,car,6.0,58.0,11.0,28.0
001472.jpg,person,26.0,56.0,14.0,42.0
001472.jpg,person,209.0,49.0,7.0,20.0
001472.jpg,person,201.0,48.0,9.0,23.0
001472.jpg,person,163.0,45.0,8.0,14.0
001472.jpg,person,132.0,47.0,9.0,27.0
001472.jpg,person,52.0,51.0,9.0,29.0
001472.jpg,person,80.0,48.0,6.0,24.0
001472.jpg,person,91.0,45.0,6.0,11.0
001472.jpg,person,71.0,42.0,4.0,8.0
001472.jpg,person,75.0,45.0,4.0,14.0
001475.jpg,motorbike,123.0,160.0,202.0,129.0
001475.jpg,person,151.0,134.0,91.0,170.0
001479.jpg,person,144.0,138.0,159.0,171.0
001479.jpg,pottedplant,181.0,63.0,60.0,72.0
001480.jpg,sofa,149.0,127.0,150.0,193.0
001480.jpg,person,90.0,56.0,69.0,108.0
001480.jpg,person,105.0,84.0,86.0,131.0
001480.jpg,person,136.0,120.0,116.0,166.0
001480.jpg,person,90.0,211.0,49.0,26.0
001481.jpg,boat,113.0,123.0,25.0,54.0
001483.jpg,train,125.0,126.0,97.0,155.0
001483.jpg,train,51.0,135.0,35.0,67.0
001484.jpg,boat,57.0,47.0,114.0,93.0
001484.jpg,person,124.0,117.0,13.0,23.0
001485.jpg,motorbike,84.0,136.0,130.0,131.0
001485.jpg,person,81.0,112.0,64.0,179.0
001485.jpg,person,48.0,174.0,56.0,101.0
001486.jpg,cat,128.0,99.0,157.0,124.0
001488.jpg,car,143.0,120.0,59.0,35.0
001490.jpg,dog,130.0,145.0,82.0,149.0
001490.jpg,bottle,139.0,95.0,13.0,40.0
001490.jpg,bottle,130.0,92.0,12.0,40.0
001492.jpg,car,151.0,162.0,135.0,99.0
001492.jpg,car,33.0,115.0,26.0,20.0
001492.jpg,car,10.0,116.0,19.0,21.0
001492.jpg,car,182.0,93.0,11.0,11.0
001492.jpg,car,167.0,94.0,15.0,13.0
001493.jpg,person,194.0,109.0,39.0,125.0
001493.jpg,person,207.0,139.0,34.0,170.0
001493.jpg,person,111.0,136.0,58.0,175.0
001493.jpg,person,58.0,122.0,84.0,204.0
001493.jpg,bottle,16.0,147.0,7.0,28.0
001494.jpg,car,99.0,183.0,89.0,76.0
001497.jpg,boat,163.0,24.0,122.0,47.0
001497.jpg,boat,45.0,22.0,35.0,14.0
001497.jpg,boat,7.0,27.0,14.0,22.0
001497.jpg,boat,30.0,67.0,60.0,24.0
001497.jpg,boat,110.0,87.0,73.0,20.0
001497.jpg,boat,48.0,82.0,60.0,32.0
001497.jpg,boat,124.0,101.0,124.0,36.0
001497.jpg,boat,43.0,39.0,31.0,22.0
001498.jpg,person,122.0,115.0,184.0,218.0
001498.jpg,person,28.0,159.0,54.0,118.0
001499.jpg,person,101.0,156.0,12.0,46.0
001499.jpg,person,134.0,158.0,5.0,11.0
001499.jpg,person,108.0,143.0,3.0,8.0
001501.jpg,bicycle,155.0,133.0,17.0,42.0
001501.jpg,person,158.0,117.0,21.0,57.0
001504.jpg,person,92.0,203.0,9.0,28.0
001504.jpg,person,120.0,204.0,13.0,31.0
001504.jpg,person,161.0,205.0,13.0,32.0
001509.jpg,person,113.0,144.0,28.0,39.0
001510.jpg,person,83.0,88.0,32.0,111.0
001510.jpg,person,171.0,62.0,14.0,16.0
001510.jpg,motorbike,171.0,81.0,22.0,38.0
001510.jpg,motorbike,92.0,118.0,96.0,59.0
001512.jpg,bird,133.0,122.0,123.0,69.0
001514.jpg,person,73.0,129.0,134.0,189.0
001514.jpg,person,154.0,156.0,111.0,135.0
001514.jpg,sofa,112.0,140.0,222.0,167.0
001515.jpg,horse,115.0,115.0,165.0,218.0
001517.jpg,dog,97.0,119.0,178.0,109.0
001517.jpg,chair,113.0,113.0,222.0,222.0
001521.jpg,person,70.0,201.0,85.0,47.0
001521.jpg,person,109.0,133.0,57.0,148.0
001521.jpg,horse,145.0,131.0,58.0,116.0
001522.jpg,bottle,154.0,86.0,30.0,116.0
001522.jpg,bottle,110.0,104.0,25.0,88.0
001523.jpg,horse,143.0,161.0,162.0,125.0
001523.jpg,person,163.0,141.0,70.0,163.0
001524.jpg,dog,90.0,117.0,14.0,44.0
001524.jpg,person,77.0,90.0,30.0,77.0
001524.jpg,person,139.0,85.0,26.0,85.0
001526.jpg,person,26.0,119.0,50.0,210.0
001526.jpg,person,72.0,131.0,47.0,185.0
001526.jpg,person,118.0,125.0,47.0,197.0
001526.jpg,person,151.0,124.0,44.0,198.0
001526.jpg,person,197.0,117.0,53.0,212.0
001528.jpg,bird,122.0,95.0,191.0,122.0
001529.jpg,tvmonitor,33.0,134.0,34.0,64.0
001529.jpg,sofa,137.0,142.0,130.0,96.0
001529.jpg,chair,186.0,194.0,54.0,61.0
001531.jpg,chair,61.0,151.0,80.0,146.0
001531.jpg,chair,166.0,154.0,88.0,141.0
001531.jpg,person,166.0,131.0,82.0,186.0
001531.jpg,person,73.0,130.0,55.0,188.0
001532.jpg,car,75.0,124.0,40.0,23.0
001532.jpg,car,110.0,129.0,24.0,14.0
001532.jpg,bus,105.0,122.0,36.0,26.0
001532.jpg,bus,156.0,121.0,33.0,42.0
001532.jpg,motorbike,128.0,126.0,20.0,32.0
001532.jpg,motorbike,160.0,131.0,9.0,20.0
001532.jpg,motorbike,190.0,136.0,7.0,17.0
001532.jpg,person,129.0,107.0,19.0,43.0
001532.jpg,person,162.0,120.0,11.0,30.0
001532.jpg,person,190.0,126.0,11.0,28.0
001536.jpg,tvmonitor,105.0,113.0,154.0,158.0
001536.jpg,person,94.0,135.0,88.0,65.0
001537.jpg,person,205.0,111.0,39.0,105.0
001537.jpg,diningtable,193.0,187.0,61.0,49.0
001537.jpg,person,106.0,117.0,118.0,213.0
001537.jpg,bottle,178.0,165.0,10.0,45.0
001539.jpg,bicycle,103.0,154.0,114.0,109.0
001541.jpg,cat,101.0,109.0,201.0,208.0
001543.jpg,tvmonitor,26.0,122.0,52.0,58.0
001543.jpg,sofa,177.0,156.0,93.0,106.0
001544.jpg,person,99.0,112.0,197.0,223.0
001545.jpg,aeroplane,105.0,123.0,92.0,41.0
001548.jpg,person,94.0,141.0,69.0,109.0
001548.jpg,chair,47.0,169.0,38.0,35.0
001548.jpg,chair,10.0,166.0,18.0,35.0
001553.jpg,bicycle,114.0,87.0,38.0,43.0
001553.jpg,bicycle,127.0,202.0,30.0,21.0
001554.jpg,dog,149.0,119.0,82.0,34.0
001554.jpg,person,58.0,105.0,92.0,185.0
001555.jpg,cat,162.0,198.0,26.0,44.0
001556.jpg,horse,52.0,99.0,39.0,146.0
001556.jpg,horse,170.0,109.0,50.0,176.0
001557.jpg,aeroplane,93.0,89.0,154.0,168.0
001557.jpg,person,184.0,164.0,10.0,74.0
001559.jpg,car,131.0,93.0,17.0,14.0
001559.jpg,car,102.0,94.0,23.0,24.0
001559.jpg,car,87.0,92.0,11.0,6.0
001561.jpg,person,125.0,141.0,67.0,166.0
001561.jpg,person,91.0,119.0,13.0,44.0
001561.jpg,car,62.0,102.0,19.0,12.0
001561.jpg,car,80.0,101.0,16.0,9.0
001561.jpg,car,33.0,105.0,24.0,20.0
001563.jpg,diningtable,89.0,180.0,167.0,89.0
001563.jpg,person,177.0,129.0,46.0,110.0
001563.jpg,person,139.0,96.0,44.0,76.0
001563.jpg,person,74.0,110.0,31.0,52.0
001563.jpg,person,112.0,112.0,34.0,48.0
001563.jpg,person,31.0,149.0,57.0,150.0
001563.jpg,bottle,37.0,136.0,10.0,46.0
001563.jpg,bottle,53.0,133.0,8.0,27.0
001563.jpg,bottle,60.0,129.0,7.0,24.0
001563.jpg,bottle,121.0,127.0,8.0,20.0
001563.jpg,chair,198.0,159.0,40.0,62.0
001565.jpg,train,125.0,118.0,163.0,92.0
001565.jpg,train,20.0,112.0,39.0,69.0
001571.jpg,person,141.0,112.0,148.0,222.0
001571.jpg,person,83.0,114.0,64.0,219.0
001571.jpg,person,80.0,82.0,67.0,163.0
001571.jpg,person,108.0,22.0,26.0,43.0
001576.jpg,car,114.0,135.0,182.0,65.0
001577.jpg,chair,202.0,75.0,32.0,47.0
001577.jpg,diningtable,136.0,76.0,112.0,42.0
001577.jpg,diningtable,135.0,161.0,177.0,127.0
001577.jpg,person,50.0,104.0,98.0,204.0
001577.jpg,person,68.0,53.0,65.0,105.0
001577.jpg,person,131.0,32.0,22.0,24.0
001577.jpg,person,151.0,36.0,22.0,57.0
001577.jpg,person,177.0,38.0,29.0,72.0
001577.jpg,person,197.0,33.0,14.0,24.0
001577.jpg,chair,219.0,67.0,10.0,44.0
001579.jpg,bicycle,65.0,180.0,129.0,89.0
001579.jpg,bicycle,108.0,156.0,172.0,84.0
001579.jpg,person,114.0,121.0,93.0,121.0
001579.jpg,person,39.0,142.0,76.0,144.0
001580.jpg,person,144.0,122.0,100.0,164.0
001580.jpg,person,43.0,129.0,83.0,144.0
001580.jpg,sofa,109.0,157.0,215.0,127.0
001580.jpg,pottedplant,10.0,106.0,19.0,114.0
001580.jpg,bottle,84.0,179.0,19.0,90.0
001580.jpg,bottle,75.0,187.0,26.0,73.0
001582.jpg,cat,188.0,162.0,73.0,113.0
001582.jpg,cat,28.0,73.0,55.0,54.0
001586.jpg,horse,107.0,108.0,187.0,155.0
001586.jpg,person,126.0,78.0,56.0,111.0
001588.jpg,tvmonitor,13.0,124.0,26.0,67.0
001588.jpg,sofa,79.0,117.0,68.0,59.0
001588.jpg,sofa,180.0,141.0,89.0,103.0
001590.jpg,bottle,113.0,151.0,50.0,102.0
001590.jpg,tvmonitor,202.0,82.0,43.0,127.0
001593.jpg,person,106.0,126.0,80.0,137.0
001593.jpg,person,153.0,187.0,99.0,73.0
001593.jpg,person,160.0,138.0,40.0,43.0
001593.jpg,person,192.0,149.0,51.0,82.0
001593.jpg,person,38.0,145.0,59.0,77.0
001593.jpg,diningtable,117.0,207.0,215.0,34.0
001593.jpg,pottedplant,200.0,99.0,47.0,128.0
001594.jpg,sheep,135.0,121.0,29.0,37.0
001594.jpg,sheep,112.0,122.0,17.0,38.0
001594.jpg,sheep,86.0,121.0,12.0,41.0
001594.jpg,sheep,74.0,118.0,13.0,46.0
001594.jpg,sheep,100.0,122.0,15.0,42.0
001594.jpg,person,165.0,105.0,29.0,84.0
001594.jpg,dog,124.0,140.0,22.0,41.0
001595.jpg,bus,159.0,137.0,78.0,80.0
001595.jpg,bus,71.0,133.0,105.0,78.0
001597.jpg,bird,125.0,127.0,46.0,93.0
001598.jpg,sheep,130.0,193.0,19.0,33.0
001598.jpg,sheep,105.0,185.0,11.0,30.0
001598.jpg,sheep,82.0,185.0,13.0,22.0
001598.jpg,sheep,72.0,172.0,10.0,16.0
001598.jpg,sheep,8.0,178.0,13.0,13.0
001598.jpg,sheep,165.0,162.0,11.0,9.0
001598.jpg,sheep,68.0,168.0,8.0,7.0
001598.jpg,sheep,52.0,166.0,8.0,9.0
001598.jpg,sheep,22.0,171.0,10.0,10.0
001598.jpg,sheep,10.0,172.0,7.0,9.0
001598.jpg,sheep,149.0,156.0,6.0,7.0
001598.jpg,sheep,176.0,155.0,6.0,8.0
001598.jpg,sheep,189.0,158.0,8.0,9.0
001598.jpg,sheep,204.0,156.0,7.0,7.0
001598.jpg,sheep,215.0,155.0,6.0,9.0
001603.jpg,person,157.0,109.0,28.0,50.0
001603.jpg,person,178.0,51.0,23.0,42.0
001603.jpg,person,4.0,125.0,6.0,43.0
001603.jpg,bicycle,182.0,61.0,39.0,27.0
001603.jpg,bicycle,163.0,126.0,46.0,36.0
001603.jpg,bicycle,10.0,133.0,18.0,24.0
001604.jpg,car,10.0,90.0,20.0,42.0
001604.jpg,car,54.0,101.0,101.0,73.0
001604.jpg,car,90.0,116.0,81.0,82.0
001604.jpg,car,167.0,128.0,114.0,151.0
001607.jpg,dog,117.0,112.0,215.0,223.0
001608.jpg,person,113.0,112.0,223.0,223.0
001610.jpg,cat,86.0,99.0,158.0,131.0
001611.jpg,person,102.0,160.0,60.0,129.0
001611.jpg,person,132.0,150.0,121.0,147.0
001612.jpg,train,140.0,128.0,138.0,116.0
001614.jpg,cow,133.0,124.0,125.0,197.0
001614.jpg,cow,57.0,164.0,24.0,53.0
001614.jpg,cow,205.0,139.0,38.0,158.0
001614.jpg,cow,181.0,169.0,33.0,38.0
001617.jpg,motorbike,184.0,50.0,54.0,43.0
001617.jpg,motorbike,187.0,151.0,74.0,145.0
001617.jpg,motorbike,121.0,154.0,79.0,128.0
001617.jpg,person,121.0,124.0,70.0,112.0
001617.jpg,person,182.0,117.0,78.0,143.0
001617.jpg,person,170.0,35.0,33.0,65.0
001617.jpg,person,99.0,73.0,45.0,70.0
001617.jpg,person,112.0,49.0,37.0,37.0
001618.jpg,car,118.0,123.0,188.0,107.0
001622.jpg,bicycle,133.0,161.0,14.0,54.0
001622.jpg,person,134.0,141.0,28.0,69.0
001622.jpg,person,96.0,122.0,7.0,17.0
001622.jpg,person,87.0,122.0,8.0,17.0
001622.jpg,car,45.0,149.0,88.0,77.0
001622.jpg,car,18.0,184.0,32.0,55.0
001622.jpg,car,119.0,126.0,6.0,15.0
001627.jpg,person,115.0,108.0,105.0,210.0
001628.jpg,horse,122.0,119.0,147.0,154.0
001628.jpg,person,121.0,77.0,56.0,92.0
001630.jpg,person,24.0,29.0,17.0,45.0
001630.jpg,person,137.0,54.0,47.0,84.0
001630.jpg,person,82.0,101.0,75.0,118.0
001630.jpg,person,149.0,156.0,112.0,136.0
001630.jpg,person,211.0,64.0,24.0,100.0
001630.jpg,bicycle,85.0,148.0,69.0,88.0
001630.jpg,bicycle,146.0,192.0,114.0,64.0
001632.jpg,horse,103.0,142.0,197.0,160.0
001633.jpg,diningtable,110.0,164.0,156.0,117.0
001633.jpg,chair,133.0,174.0,82.0,98.0
001633.jpg,chair,85.0,158.0,66.0,119.0
001636.jpg,bicycle,40.0,101.0,28.0,56.0
001638.jpg,aeroplane,117.0,107.0,67.0,103.0
001640.jpg,car,114.0,114.0,185.0,200.0
001640.jpg,car,213.0,60.0,22.0,31.0
001640.jpg,person,191.0,51.0,13.0,55.0
001640.jpg,car,192.0,47.0,28.0,32.0
001640.jpg,person,26.0,44.0,6.0,20.0
001642.jpg,dog,101.0,112.0,188.0,223.0
001643.jpg,sofa,109.0,110.0,217.0,219.0
001643.jpg,dog,106.0,123.0,211.0,189.0
001647.jpg,bird,68.0,164.0,135.0,121.0
001649.jpg,chair,76.0,173.0,52.0,101.0
001649.jpg,person,114.0,124.0,215.0,200.0
001650.jpg,tvmonitor,60.0,114.0,23.0,31.0
001650.jpg,sofa,197.0,181.0,54.0,87.0
001650.jpg,chair,170.0,149.0,63.0,68.0
001651.jpg,person,121.0,139.0,167.0,170.0
001651.jpg,chair,181.0,173.0,73.0,101.0
001653.jpg,train,117.0,126.0,75.0,109.0
001653.jpg,train,35.0,133.0,69.0,153.0
001654.jpg,bicycle,7.0,118.0,14.0,75.0
001654.jpg,bicycle,26.0,125.0,26.0,47.0
001654.jpg,bicycle,65.0,132.0,30.0,48.0
001654.jpg,bicycle,99.0,139.0,74.0,83.0
001654.jpg,bicycle,154.0,150.0,81.0,77.0
001654.jpg,person,151.0,112.0,57.0,105.0
001654.jpg,person,96.0,99.0,62.0,119.0
001654.jpg,person,25.0,100.0,26.0,56.0
001654.jpg,person,7.0,73.0,12.0,47.0
001654.jpg,person,64.0,116.0,22.0,76.0
001654.jpg,car,157.0,31.0,13.0,7.0
001654.jpg,car,166.0,30.0,11.0,8.0
001654.jpg,car,174.0,27.0,9.0,7.0
001661.jpg,sheep,98.0,171.0,100.0,105.0
001662.jpg,car,110.0,112.0,211.0,97.0
001669.jpg,cat,115.0,92.0,205.0,117.0
001673.jpg,cat,107.0,128.0,181.0,125.0
001673.jpg,bottle,202.0,39.0,29.0,78.0
001675.jpg,dog,109.0,119.0,192.0,205.0
001676.jpg,car,115.0,122.0,203.0,172.0
001677.jpg,diningtable,137.0,192.0,175.0,63.0
001677.jpg,chair,43.0,181.0,39.0,87.0
001678.jpg,tvmonitor,196.0,111.0,57.0,85.0
001678.jpg,tvmonitor,135.0,104.0,43.0,61.0
001678.jpg,person,81.0,177.0,67.0,95.0
001678.jpg,person,62.0,58.0,17.0,32.0
001678.jpg,chair,57.0,66.0,15.0,21.0
001678.jpg,tvmonitor,80.0,48.0,14.0,16.0
001680.jpg,dog,126.0,135.0,143.0,177.0
001682.jpg,person,84.0,141.0,165.0,166.0
001682.jpg,person,120.0,115.0,209.0,215.0
001682.jpg,bottle,180.0,126.0,89.0,172.0
001683.jpg,chair,172.0,147.0,17.0,46.0
001683.jpg,chair,153.0,145.0,17.0,44.0
001683.jpg,chair,136.0,147.0,17.0,48.0
001683.jpg,chair,119.0,148.0,20.0,48.0
001683.jpg,diningtable,146.0,147.0,92.0,39.0
001683.jpg,chair,184.0,143.0,17.0,47.0
001684.jpg,bird,108.0,114.0,201.0,221.0
001685.jpg,bird,179.0,130.0,62.0,146.0
001685.jpg,bird,102.0,137.0,98.0,170.0
001686.jpg,person,95.0,150.0,56.0,149.0
001688.jpg,motorbike,107.0,115.0,159.0,216.0
001689.jpg,person,104.0,103.0,63.0,130.0
001689.jpg,person,61.0,153.0,121.0,142.0
001689.jpg,chair,65.0,136.0,59.0,58.0
001690.jpg,person,165.0,115.0,32.0,156.0
001690.jpg,horse,50.0,133.0,64.0,129.0
001691.jpg,bus,199.0,38.0,50.0,73.0
001691.jpg,bus,149.0,24.0,52.0,46.0
001691.jpg,bus,61.0,19.0,48.0,36.0
001691.jpg,person,209.0,36.0,11.0,45.0
001691.jpg,person,151.0,38.0,12.0,41.0
001691.jpg,person,110.0,35.0,11.0,32.0
001691.jpg,person,98.0,33.0,10.0,32.0
001691.jpg,person,89.0,38.0,8.0,22.0
001691.jpg,person,63.0,29.0,10.0,20.0
001691.jpg,person,31.0,27.0,9.0,23.0
001691.jpg,person,39.0,24.0,9.0,27.0
001691.jpg,person,24.0,28.0,6.0,24.0
001691.jpg,person,20.0,29.0,9.0,23.0
001691.jpg,person,4.0,26.0,8.0,30.0
001691.jpg,person,12.0,27.0,9.0,30.0
001693.jpg,car,103.0,136.0,204.0,147.0
001699.jpg,horse,105.0,131.0,171.0,186.0
001699.jpg,car,13.0,100.0,25.0,45.0
001707.jpg,bird,102.0,141.0,194.0,165.0
001708.jpg,aeroplane,113.0,103.0,220.0,92.0
001711.jpg,horse,208.0,155.0,32.0,119.0
001711.jpg,person,166.0,46.0,53.0,91.0
001711.jpg,person,10.0,63.0,17.0,124.0
001711.jpg,person,24.0,27.0,17.0,53.0
001711.jpg,person,194.0,116.0,13.0,29.0
001711.jpg,person,188.0,110.0,8.0,12.0
001711.jpg,person,182.0,122.0,16.0,28.0
001711.jpg,person,104.0,84.0,15.0,29.0
001713.jpg,cow,115.0,108.0,199.0,150.0
001714.jpg,sheep,113.0,148.0,55.0,25.0
001717.jpg,tvmonitor,13.0,78.0,26.0,32.0
001717.jpg,person,190.0,156.0,47.0,135.0
001717.jpg,person,133.0,139.0,62.0,169.0
001717.jpg,chair,92.0,159.0,52.0,88.0
001718.jpg,dog,120.0,117.0,153.0,215.0
001721.jpg,person,137.0,168.0,69.0,113.0
001721.jpg,person,121.0,170.0,36.0,86.0
001721.jpg,person,203.0,175.0,40.0,56.0
001721.jpg,person,173.0,163.0,13.0,33.0
001721.jpg,person,218.0,156.0,10.0,8.0
001723.jpg,motorbike,131.0,150.0,152.0,127.0
001723.jpg,person,130.0,86.0,155.0,162.0
001724.jpg,horse,103.0,113.0,150.0,204.0
001725.jpg,tvmonitor,192.0,59.0,65.0,83.0
001725.jpg,tvmonitor,206.0,141.0,36.0,87.0
001725.jpg,tvmonitor,188.0,202.0,72.0,44.0
001725.jpg,person,85.0,113.0,170.0,124.0
001726.jpg,bicycle,181.0,144.0,31.0,22.0
001726.jpg,bicycle,221.0,143.0,6.0,16.0
001726.jpg,person,183.0,134.0,19.0,36.0
001726.jpg,person,10.0,155.0,18.0,69.0
001727.jpg,horse,71.0,126.0,142.0,194.0
001727.jpg,horse,125.0,117.0,135.0,213.0
001727.jpg,horse,193.0,148.0,62.0,149.0
001727.jpg,person,42.0,37.0,45.0,72.0
001729.jpg,sofa,29.0,55.0,56.0,109.0
001729.jpg,pottedplant,75.0,34.0,44.0,62.0
001729.jpg,person,156.0,130.0,57.0,116.0
001729.jpg,person,86.0,124.0,59.0,136.0
001729.jpg,person,38.0,168.0,68.0,112.0
001729.jpg,chair,195.0,133.0,58.0,181.0
001730.jpg,horse,132.0,129.0,73.0,127.0
001730.jpg,person,137.0,71.0,32.0,100.0
001730.jpg,person,90.0,135.0,34.0,170.0
001732.jpg,boat,34.0,134.0,38.0,36.0
001732.jpg,boat,93.0,112.0,31.0,31.0
001732.jpg,boat,108.0,101.0,15.0,13.0
001732.jpg,boat,123.0,89.0,20.0,14.0
001732.jpg,boat,128.0,80.0,29.0,18.0
001732.jpg,boat,141.0,71.0,22.0,18.0
001732.jpg,boat,158.0,95.0,24.0,24.0
001732.jpg,boat,182.0,117.0,33.0,31.0
001732.jpg,boat,177.0,162.0,43.0,66.0
001733.jpg,sheep,19.0,134.0,36.0,26.0
001733.jpg,sheep,119.0,135.0,26.0,23.0
001733.jpg,sheep,93.0,143.0,25.0,40.0
001733.jpg,sheep,67.0,123.0,16.0,12.0
001733.jpg,sheep,49.0,117.0,5.0,8.0
001733.jpg,sheep,31.0,118.0,12.0,9.0
001733.jpg,sheep,15.0,120.0,9.0,5.0
001733.jpg,sheep,7.0,118.0,8.0,8.0
001733.jpg,sheep,17.0,118.0,7.0,6.0
001733.jpg,sheep,94.0,117.0,5.0,5.0
001733.jpg,sheep,78.0,121.0,8.0,9.0
001733.jpg,sheep,100.0,118.0,6.0,3.0
001733.jpg,sheep,118.0,121.0,7.0,6.0
001733.jpg,sheep,125.0,121.0,8.0,4.0
001733.jpg,sheep,165.0,121.0,7.0,5.0
001733.jpg,sheep,154.0,120.0,6.0,4.0
001733.jpg,sheep,149.0,120.0,8.0,5.0
001733.jpg,sheep,142.0,120.0,5.0,6.0
001733.jpg,sheep,136.0,119.0,7.0,7.0
001734.jpg,sheep,121.0,119.0,153.0,137.0
001738.jpg,dog,100.0,110.0,89.0,139.0
001739.jpg,bird,122.0,111.0,44.0,62.0
001741.jpg,cow,32.0,160.0,64.0,123.0
001741.jpg,cow,198.0,127.0,24.0,20.0
001746.jpg,car,34.0,160.0,68.0,39.0
001746.jpg,sofa,96.0,146.0,24.0,19.0
001746.jpg,sofa,153.0,143.0,30.0,19.0
001747.jpg,cat,106.0,113.0,130.0,222.0
001749.jpg,person,107.0,117.0,185.0,211.0
001750.jpg,sheep,131.0,69.0,38.0,42.0
001750.jpg,sheep,95.0,82.0,35.0,46.0
001750.jpg,sheep,59.0,44.0,22.0,46.0
001750.jpg,sheep,194.0,23.0,28.0,25.0
001750.jpg,sheep,134.0,146.0,39.0,43.0
001750.jpg,sheep,96.0,147.0,38.0,41.0
001750.jpg,sheep,167.0,165.0,29.0,36.0
001750.jpg,sheep,195.0,167.0,28.0,38.0
001750.jpg,sheep,61.0,163.0,19.0,42.0
001752.jpg,tvmonitor,113.0,113.0,222.0,222.0
001754.jpg,bottle,148.0,177.0,34.0,82.0
001754.jpg,person,87.0,123.0,155.0,197.0
001754.jpg,person,196.0,121.0,56.0,111.0
001754.jpg,pottedplant,18.0,69.0,30.0,19.0
001755.jpg,cat,126.0,118.0,197.0,213.0
001755.jpg,cat,149.0,46.0,150.0,88.0
001756.jpg,diningtable,133.0,205.0,182.0,39.0
001756.jpg,chair,215.0,179.0,17.0,24.0
001756.jpg,bottle,92.0,168.0,26.0,65.0
001756.jpg,person,185.0,116.0,64.0,139.0
001756.jpg,person,80.0,109.0,154.0,188.0
001756.jpg,chair,40.0,211.0,48.0,26.0
001758.jpg,dog,145.0,135.0,47.0,66.0
001758.jpg,person,71.0,136.0,137.0,176.0
001759.jpg,dog,45.0,158.0,87.0,133.0
001759.jpg,person,118.0,146.0,92.0,156.0
001759.jpg,person,179.0,113.0,90.0,223.0
001759.jpg,person,67.0,55.0,134.0,106.0
001761.jpg,aeroplane,118.0,121.0,212.0,125.0
001765.jpg,motorbike,103.0,108.0,140.0,207.0
001766.jpg,person,183.0,38.0,13.0,42.0
001766.jpg,person,166.0,30.0,9.0,50.0
001766.jpg,person,158.0,28.0,9.0,46.0
001766.jpg,person,131.0,22.0,13.0,41.0
001766.jpg,person,117.0,18.0,9.0,34.0
001766.jpg,person,68.0,74.0,32.0,63.0
001766.jpg,person,110.0,77.0,22.0,53.0
001766.jpg,person,28.0,170.0,32.0,53.0
001766.jpg,person,41.0,204.0,31.0,39.0
001766.jpg,horse,116.0,116.0,70.0,112.0
001766.jpg,horse,73.0,103.0,46.0,103.0
001766.jpg,horse,49.0,183.0,96.0,81.0
001766.jpg,horse,78.0,202.0,47.0,45.0
001768.jpg,cat,78.0,91.0,155.0,126.0
001771.jpg,chair,56.0,81.0,57.0,99.0
001771.jpg,chair,126.0,36.0,48.0,70.0
001771.jpg,chair,191.0,85.0,63.0,90.0
001772.jpg,person,165.0,110.0,36.0,44.0
001775.jpg,train,122.0,132.0,48.0,128.0
001775.jpg,person,47.0,176.0,7.0,44.0
001777.jpg,bottle,188.0,82.0,22.0,102.0
001777.jpg,chair,208.0,76.0,31.0,76.0
001777.jpg,chair,53.0,59.0,49.0,41.0
001777.jpg,diningtable,112.0,145.0,220.0,158.0
001777.jpg,chair,106.0,45.0,65.0,61.0
001777.jpg,pottedplant,64.0,20.0,45.0,40.0
001777.jpg,bottle,186.0,112.0,16.0,70.0
001778.jpg,dog,112.0,96.0,138.0,146.0
001780.jpg,motorbike,123.0,111.0,109.0,121.0
001780.jpg,car,164.0,57.0,120.0,109.0
001780.jpg,car,27.0,65.0,53.0,94.0
001780.jpg,car,36.0,21.0,71.0,40.0
001780.jpg,car,137.0,10.0,46.0,19.0
001782.jpg,bird,129.0,129.0,191.0,189.0
001784.jpg,person,155.0,113.0,138.0,223.0
001785.jpg,person,126.0,112.0,196.0,223.0
001787.jpg,bird,95.0,134.0,58.0,147.0
001789.jpg,train,36.0,111.0,71.0,122.0
001789.jpg,train,116.0,106.0,56.0,94.0
001789.jpg,train,193.0,99.0,61.0,112.0
001789.jpg,person,167.0,145.0,12.0,43.0
001789.jpg,person,187.0,182.0,54.0,84.0
001793.jpg,person,101.0,107.0,127.0,97.0
001793.jpg,person,157.0,128.0,133.0,193.0
001793.jpg,diningtable,80.0,189.0,158.0,70.0
001795.jpg,person,107.0,126.0,55.0,84.0
001797.jpg,sofa,112.0,111.0,223.0,222.0
001797.jpg,person,60.0,113.0,116.0,222.0
001797.jpg,person,117.0,87.0,76.0,131.0
001799.jpg,cow,157.0,112.0,65.0,202.0
001799.jpg,person,67.0,121.0,99.0,163.0
001799.jpg,person,24.0,80.0,34.0,145.0
001799.jpg,person,204.0,127.0,39.0,152.0
001799.jpg,person,35.0,194.0,58.0,59.0
001800.jpg,sofa,112.0,152.0,221.0,142.0
001800.jpg,person,97.0,99.0,94.0,134.0
001801.jpg,motorbike,160.0,145.0,42.0,58.0
001801.jpg,motorbike,105.0,149.0,52.0,89.0
001801.jpg,motorbike,62.0,122.0,19.0,36.0
001801.jpg,motorbike,46.0,110.0,14.0,26.0
001801.jpg,person,159.0,117.0,30.0,47.0
001801.jpg,person,101.0,126.0,28.0,82.0
001801.jpg,person,63.0,109.0,14.0,38.0
001801.jpg,person,48.0,103.0,10.0,26.0
001801.jpg,car,14.0,114.0,26.0,33.0
001801.jpg,car,24.0,101.0,11.0,11.0
001801.jpg,car,169.0,120.0,52.0,33.0
001801.jpg,car,10.0,171.0,19.0,95.0
001801.jpg,motorbike,36.0,103.0,5.0,13.0
001801.jpg,motorbike,78.0,113.0,10.0,24.0
001806.jpg,cow,206.0,124.0,37.0,76.0
001806.jpg,cow,100.0,144.0,45.0,49.0
001806.jpg,person,76.0,133.0,70.0,76.0
001806.jpg,person,111.0,119.0,63.0,98.0
001807.jpg,horse,157.0,114.0,54.0,73.0
001807.jpg,horse,111.0,118.0,43.0,54.0
001807.jpg,horse,56.0,100.0,64.0,59.0
001807.jpg,person,155.0,99.0,15.0,63.0
001807.jpg,person,113.0,97.0,13.0,55.0
001807.jpg,person,59.0,85.0,17.0,57.0
001809.jpg,tvmonitor,24.0,139.0,39.0,52.0
001809.jpg,person,25.0,138.0,30.0,30.0
001809.jpg,sofa,195.0,160.0,52.0,94.0
001810.jpg,tvmonitor,140.0,131.0,46.0,59.0
001810.jpg,person,53.0,127.0,105.0,194.0
001816.jpg,cat,83.0,85.0,165.0,128.0
001818.jpg,bird,137.0,113.0,173.0,222.0
001821.jpg,car,102.0,111.0,121.0,73.0
001821.jpg,car,13.0,52.0,22.0,32.0
001825.jpg,cat,90.0,101.0,180.0,156.0
001825.jpg,dog,112.0,112.0,224.0,220.0
001827.jpg,tvmonitor,93.0,89.0,29.0,47.0
001828.jpg,chair,114.0,54.0,181.0,106.0
001828.jpg,person,98.0,107.0,193.0,185.0
001828.jpg,person,113.0,126.0,175.0,142.0
001830.jpg,person,91.0,121.0,136.0,199.0
001832.jpg,person,112.0,112.0,224.0,223.0
001832.jpg,dog,93.0,135.0,186.0,177.0
001833.jpg,bicycle,111.0,165.0,75.0,111.0
001833.jpg,person,108.0,114.0,62.0,130.0
001834.jpg,diningtable,112.0,115.0,184.0,178.0
001836.jpg,sofa,104.0,136.0,206.0,176.0
001836.jpg,person,84.0,132.0,118.0,171.0
001837.jpg,person,26.0,93.0,13.0,19.0
001837.jpg,person,211.0,118.0,26.0,59.0
001837.jpg,person,93.0,152.0,110.0,132.0
001837.jpg,chair,197.0,193.0,54.0,63.0
001837.jpg,chair,93.0,179.0,127.0,89.0
001840.jpg,cat,101.0,140.0,86.0,73.0
001841.jpg,person,84.0,161.0,165.0,125.0
001842.jpg,aeroplane,134.0,103.0,179.0,48.0
001842.jpg,aeroplane,37.0,111.0,73.0,35.0
001842.jpg,aeroplane,58.0,50.0,115.0,98.0
001842.jpg,aeroplane,171.0,112.0,106.0,28.0
001843.jpg,bottle,139.0,138.0,11.0,54.0
001843.jpg,person,156.0,122.0,86.0,203.0
001843.jpg,person,75.0,117.0,95.0,214.0
001845.jpg,car,58.0,155.0,91.0,99.0
001845.jpg,car,9.0,137.0,15.0,43.0
001847.jpg,boat,62.0,180.0,96.0,64.0
001847.jpg,boat,122.0,160.0,178.0,113.0
001849.jpg,person,86.0,150.0,82.0,149.0
001849.jpg,person,150.0,160.0,66.0,127.0
001849.jpg,person,175.0,157.0,28.0,54.0
001849.jpg,person,194.0,185.0,36.0,77.0
001849.jpg,person,200.0,165.0,24.0,62.0
001853.jpg,bird,122.0,104.0,63.0,133.0
001854.jpg,motorbike,128.0,186.0,191.0,75.0
001854.jpg,person,111.0,121.0,151.0,207.0
001855.jpg,bird,180.0,167.0,79.0,84.0
001858.jpg,aeroplane,110.0,106.0,205.0,79.0
001860.jpg,chair,132.0,114.0,115.0,183.0
001860.jpg,bird,87.0,44.0,18.0,24.0
001860.jpg,bird,108.0,92.0,13.0,20.0
001860.jpg,bird,108.0,169.0,43.0,32.0
001860.jpg,bird,21.0,180.0,19.0,25.0
001860.jpg,bird,57.0,173.0,20.0,28.0
001860.jpg,bird,39.0,185.0,18.0,27.0
001860.jpg,bird,71.0,179.0,17.0,29.0
001861.jpg,bicycle,104.0,171.0,201.0,107.0
001861.jpg,person,123.0,115.0,187.0,218.0
001862.jpg,car,120.0,29.0,21.0,19.0
001862.jpg,car,110.0,130.0,170.0,188.0
001864.jpg,chair,202.0,163.0,43.0,71.0
001864.jpg,person,134.0,130.0,73.0,188.0
001864.jpg,person,69.0,137.0,56.0,174.0
001864.jpg,person,69.0,128.0,84.0,191.0
001870.jpg,aeroplane,113.0,116.0,222.0,215.0
001872.jpg,sheep,114.0,109.0,90.0,191.0
001875.jpg,tvmonitor,40.0,111.0,48.0,57.0
001877.jpg,car,112.0,121.0,223.0,172.0
001878.jpg,sofa,112.0,104.0,223.0,206.0
001881.jpg,car,116.0,130.0,177.0,167.0
001881.jpg,car,26.0,84.0,52.0,75.0
001881.jpg,car,71.0,58.0,35.0,27.0
001881.jpg,car,196.0,59.0,51.0,26.0
001881.jpg,person,103.0,33.0,18.0,23.0
001881.jpg,person,127.0,33.0,15.0,23.0
001882.jpg,sofa,48.0,110.0,92.0,81.0
001882.jpg,chair,154.0,147.0,48.0,74.0
001887.jpg,chair,197.0,163.0,10.0,30.0
001887.jpg,chair,156.0,179.0,17.0,31.0
001887.jpg,chair,110.0,201.0,18.0,39.0
001887.jpg,chair,162.0,163.0,15.0,27.0
001887.jpg,chair,54.0,210.0,24.0,25.0
001887.jpg,chair,179.0,171.0,14.0,25.0
001887.jpg,chair,138.0,191.0,17.0,32.0
001887.jpg,diningtable,174.0,161.0,21.0,27.0
001887.jpg,diningtable,83.0,204.0,34.0,35.0
001887.jpg,person,121.0,172.0,13.0,56.0
001887.jpg,person,59.0,202.0,32.0,44.0
001887.jpg,person,99.0,200.0,13.0,44.0
001887.jpg,person,90.0,177.0,14.0,27.0
001887.jpg,person,140.0,185.0,23.0,43.0
001887.jpg,person,179.0,161.0,14.0,32.0
001887.jpg,person,219.0,140.0,10.0,47.0
001887.jpg,person,187.0,157.0,16.0,42.0
001887.jpg,boat,132.0,56.0,26.0,10.0
001888.jpg,cat,106.0,100.0,118.0,171.0
001892.jpg,bus,113.0,112.0,222.0,221.0
001894.jpg,person,54.0,113.0,106.0,223.0
001894.jpg,horse,159.0,113.0,129.0,223.0
001896.jpg,bird,157.0,128.0,64.0,186.0
001898.jpg,tvmonitor,14.0,127.0,28.0,54.0
001898.jpg,pottedplant,18.0,61.0,34.0,31.0
001898.jpg,pottedplant,63.0,64.0,43.0,32.0
001899.jpg,car,196.0,148.0,36.0,32.0
001899.jpg,car,142.0,142.0,17.0,22.0
001899.jpg,car,129.0,146.0,9.0,13.0
001899.jpg,car,106.0,146.0,9.0,11.0
001899.jpg,car,57.0,152.0,17.0,18.0
001899.jpg,car,73.0,146.0,8.0,11.0
001899.jpg,car,16.0,147.0,12.0,11.0
001899.jpg,car,29.0,147.0,9.0,9.0
001899.jpg,car,40.0,144.0,12.0,14.0
001899.jpg,motorbike,88.0,167.0,26.0,56.0
001899.jpg,person,89.0,150.0,23.0,61.0
001899.jpg,car,115.0,145.0,7.0,10.0
001899.jpg,car,121.0,144.0,5.0,8.0
001901.jpg,chair,131.0,146.0,33.0,58.0
001901.jpg,chair,180.0,150.0,12.0,72.0
001901.jpg,chair,162.0,147.0,45.0,64.0
001901.jpg,diningtable,164.0,152.0,44.0,66.0
001901.jpg,sofa,53.0,175.0,101.0,95.0
001902.jpg,bus,169.0,126.0,109.0,76.0
001902.jpg,car,188.0,174.0,71.0,100.0
001902.jpg,car,96.0,142.0,17.0,16.0
001902.jpg,car,83.0,139.0,9.0,10.0
001902.jpg,person,65.0,146.0,5.0,26.0
001902.jpg,person,57.0,146.0,7.0,25.0
001902.jpg,person,50.0,147.0,7.0,24.0
001902.jpg,person,41.0,144.0,9.0,26.0
001903.jpg,motorbike,101.0,160.0,119.0,128.0
001903.jpg,bicycle,144.0,109.0,27.0,20.0
001903.jpg,person,81.0,129.0,69.0,159.0
001904.jpg,person,188.0,131.0,44.0,118.0
001904.jpg,person,140.0,150.0,99.0,148.0
001904.jpg,person,76.0,121.0,36.0,86.0
001904.jpg,person,39.0,121.0,41.0,74.0
001904.jpg,person,13.0,114.0,24.0,154.0
001904.jpg,person,132.0,135.0,86.0,178.0
001906.jpg,cat,111.0,156.0,130.0,93.0
001907.jpg,train,109.0,111.0,216.0,131.0
001911.jpg,aeroplane,146.0,113.0,65.0,61.0
001915.jpg,bird,108.0,122.0,24.0,33.0
001915.jpg,bird,24.0,145.0,29.0,27.0
001918.jpg,person,148.0,167.0,34.0,114.0
001918.jpg,person,182.0,168.0,39.0,113.0
001920.jpg,sofa,120.0,114.0,106.0,108.0
001920.jpg,person,83.0,104.0,136.0,175.0
001920.jpg,tvmonitor,174.0,35.0,60.0,66.0
001920.jpg,tvmonitor,120.0,65.0,30.0,44.0
001922.jpg,aeroplane,120.0,96.0,181.0,109.0
001927.jpg,horse,75.0,123.0,136.0,123.0
001927.jpg,person,142.0,111.0,29.0,148.0
001928.jpg,motorbike,92.0,112.0,178.0,151.0
001930.jpg,train,162.0,95.0,25.0,44.0
001930.jpg,train,66.0,89.0,62.0,84.0
001930.jpg,person,120.0,147.0,42.0,130.0
001931.jpg,car,119.0,135.0,199.0,117.0
001932.jpg,person,139.0,98.0,128.0,194.0
001932.jpg,person,21.0,147.0,40.0,151.0
001932.jpg,chair,65.0,44.0,64.0,86.0
001933.jpg,bird,105.0,108.0,147.0,165.0
001934.jpg,cat,96.0,122.0,141.0,159.0
001936.jpg,aeroplane,49.0,132.0,22.0,15.0
001936.jpg,aeroplane,102.0,111.0,24.0,17.0
001936.jpg,aeroplane,123.0,135.0,22.0,15.0
001937.jpg,car,102.0,144.0,192.0,99.0
001938.jpg,person,113.0,113.0,223.0,222.0
001940.jpg,cat,111.0,149.0,220.0,151.0
001940.jpg,dog,111.0,43.0,199.0,76.0
001941.jpg,motorbike,138.0,106.0,171.0,158.0
001941.jpg,person,171.0,82.0,81.0,161.0
001944.jpg,car,111.0,126.0,194.0,185.0
001944.jpg,car,173.0,101.0,102.0,128.0
001944.jpg,car,210.0,56.0,28.0,20.0
001944.jpg,person,132.0,59.0,34.0,50.0
001944.jpg,person,117.0,51.0,16.0,34.0
001944.jpg,person,8.0,93.0,15.0,103.0
001944.jpg,chair,212.0,196.0,25.0,57.0
001945.jpg,person,108.0,102.0,119.0,104.0
001945.jpg,horse,111.0,149.0,90.0,147.0
001948.jpg,motorbike,104.0,120.0,149.0,171.0
001950.jpg,person,72.0,159.0,8.0,30.0
001950.jpg,person,154.0,215.0,9.0,19.0
001950.jpg,person,89.0,214.0,10.0,21.0
001950.jpg,person,75.0,213.0,9.0,22.0
001950.jpg,person,71.0,212.0,11.0,24.0
001950.jpg,car,23.0,219.0,44.0,10.0
001952.jpg,bird,112.0,112.0,201.0,195.0
001954.jpg,car,41.0,74.0,66.0,84.0
001954.jpg,car,19.0,122.0,36.0,200.0
001954.jpg,car,102.0,111.0,98.0,79.0
001954.jpg,car,196.0,160.0,56.0,127.0
001958.jpg,person,39.0,82.0,37.0,78.0
001958.jpg,person,59.0,91.0,40.0,73.0
001958.jpg,person,78.0,86.0,19.0,70.0
001958.jpg,person,91.0,154.0,42.0,117.0
001958.jpg,person,64.0,155.0,39.0,124.0
001958.jpg,person,139.0,174.0,71.0,100.0
001958.jpg,person,121.0,131.0,24.0,54.0
001958.jpg,person,175.0,136.0,36.0,163.0
001958.jpg,person,147.0,122.0,28.0,140.0
001958.jpg,person,123.0,97.0,30.0,70.0
001958.jpg,person,102.0,86.0,34.0,71.0
001958.jpg,person,123.0,59.0,27.0,24.0
001958.jpg,person,157.0,61.0,19.0,22.0
001960.jpg,horse,127.0,105.0,106.0,87.0
001962.jpg,bus,203.0,145.0,42.0,157.0
001962.jpg,car,169.0,158.0,10.0,18.0
001963.jpg,person,111.0,117.0,81.0,136.0
001963.jpg,person,22.0,131.0,43.0,140.0
001963.jpg,bottle,117.0,174.0,13.0,63.0
001963.jpg,bottle,11.0,180.0,13.0,64.0
001963.jpg,bottle,115.0,109.0,13.0,64.0
001963.jpg,bottle,115.0,43.0,13.0,63.0
001963.jpg,diningtable,113.0,197.0,221.0,55.0
001963.jpg,diningtable,64.0,167.0,54.0,54.0
001963.jpg,chair,59.0,154.0,35.0,73.0
001964.jpg,bird,174.0,42.0,21.0,23.0
001964.jpg,bird,152.0,52.0,20.0,20.0
001964.jpg,bird,127.0,84.0,14.0,20.0
001964.jpg,bird,106.0,92.0,12.0,20.0
001964.jpg,bird,47.0,91.0,7.0,13.0
001964.jpg,bird,62.0,77.0,9.0,14.0
001964.jpg,bird,71.0,75.0,8.0,19.0
001970.jpg,bottle,111.0,107.0,98.0,211.0
001971.jpg,cat,143.0,101.0,161.0,116.0
001971.jpg,chair,25.0,74.0,49.0,115.0
001972.jpg,dog,104.0,110.0,184.0,152.0
001976.jpg,boat,123.0,68.0,92.0,32.0
001976.jpg,boat,66.0,89.0,95.0,91.0
001977.jpg,person,148.0,102.0,135.0,134.0
001978.jpg,person,78.0,158.0,32.0,114.0
001978.jpg,person,172.0,149.0,25.0,124.0
001978.jpg,chair,67.0,155.0,14.0,50.0
001980.jpg,person,161.0,128.0,126.0,193.0
001980.jpg,person,149.0,117.0,151.0,213.0
001980.jpg,car,141.0,90.0,167.0,124.0
001980.jpg,car,34.0,134.0,53.0,51.0
001981.jpg,cat,82.0,82.0,131.0,162.0
001982.jpg,cat,104.0,119.0,132.0,178.0
001985.jpg,dog,107.0,129.0,106.0,177.0
001989.jpg,person,191.0,134.0,6.0,26.0
001989.jpg,person,198.0,136.0,11.0,26.0
001989.jpg,person,15.0,143.0,9.0,28.0
001989.jpg,person,4.0,159.0,8.0,62.0
001989.jpg,person,114.0,140.0,170.0,168.0
001995.jpg,chair,111.0,64.0,113.0,96.0
001999.jpg,chair,191.0,68.0,31.0,47.0
001999.jpg,person,78.0,128.0,80.0,192.0
001999.jpg,chair,91.0,75.0,27.0,47.0
002000.jpg,boat,175.0,144.0,18.0,31.0
002000.jpg,person,37.0,170.0,44.0,108.0
002001.jpg,aeroplane,133.0,48.0,14.0,11.0
002001.jpg,aeroplane,84.0,71.0,16.0,11.0
002001.jpg,aeroplane,89.0,118.0,15.0,8.0
002001.jpg,aeroplane,92.0,128.0,15.0,9.0
002001.jpg,aeroplane,119.0,118.0,15.0,8.0
002002.jpg,chair,27.0,128.0,33.0,61.0
002004.jpg,tvmonitor,68.0,86.0,91.0,73.0
002004.jpg,tvmonitor,157.0,103.0,70.0,65.0
002004.jpg,tvmonitor,32.0,156.0,59.0,63.0
002006.jpg,cat,107.0,113.0,212.0,222.0
002011.jpg,dog,117.0,131.0,211.0,157.0
002012.jpg,person,90.0,86.0,19.0,57.0
002012.jpg,person,105.0,81.0,23.0,57.0
002015.jpg,pottedplant,30.0,119.0,52.0,132.0
002015.jpg,pottedplant,70.0,95.0,86.0,159.0
002015.jpg,pottedplant,94.0,133.0,65.0,155.0
002015.jpg,pottedplant,182.0,100.0,85.0,196.0
002015.jpg,pottedplant,144.0,89.0,66.0,174.0
002019.jpg,car,122.0,128.0,205.0,145.0
002020.jpg,bird,101.0,129.0,172.0,151.0
002021.jpg,cow,57.0,124.0,91.0,126.0
002021.jpg,cow,151.0,106.0,146.0,160.0
002021.jpg,cow,99.0,169.0,43.0,83.0
002022.jpg,motorbike,121.0,109.0,185.0,151.0
002022.jpg,motorbike,180.0,72.0,87.0,90.0
002022.jpg,person,88.0,37.0,24.0,71.0
002022.jpg,person,47.0,53.0,33.0,105.0
002022.jpg,person,130.0,41.0,28.0,80.0
002022.jpg,motorbike,16.0,97.0,30.0,93.0
002023.jpg,car,114.0,107.0,204.0,157.0
002024.jpg,bus,187.0,119.0,73.0,89.0
002024.jpg,bus,100.0,116.0,107.0,127.0
002024.jpg,bus,16.0,121.0,31.0,112.0
002024.jpg,person,85.0,107.0,15.0,23.0
002025.jpg,chair,160.0,179.0,76.0,91.0
002025.jpg,chair,180.0,136.0,43.0,26.0
002025.jpg,diningtable,182.0,183.0,83.0,82.0
002027.jpg,bus,140.0,171.0,39.0,10.0
002027.jpg,bus,175.0,178.0,12.0,11.0
002030.jpg,person,56.0,101.0,22.0,22.0
002030.jpg,person,92.0,105.0,19.0,31.0
002030.jpg,person,210.0,112.0,28.0,223.0
002030.jpg,person,47.0,132.0,92.0,183.0
002030.jpg,person,130.0,121.0,82.0,121.0
002030.jpg,person,176.0,106.0,68.0,81.0
002030.jpg,bottle,151.0,188.0,25.0,71.0
002030.jpg,bottle,131.0,165.0,17.0,56.0
002030.jpg,bottle,216.0,139.0,9.0,39.0
002030.jpg,diningtable,112.0,183.0,223.0,82.0
002034.jpg,cat,48.0,159.0,89.0,129.0
002034.jpg,dog,167.0,104.0,90.0,101.0
002036.jpg,train,138.0,103.0,67.0,36.0
002037.jpg,bird,112.0,136.0,135.0,166.0
002039.jpg,boat,119.0,88.0,17.0,59.0
002042.jpg,horse,78.0,169.0,86.0,111.0
002043.jpg,horse,99.0,114.0,161.0,217.0
002045.jpg,car,112.0,112.0,202.0,173.0
002045.jpg,car,193.0,74.0,62.0,53.0
002045.jpg,car,14.0,83.0,26.0,33.0
002047.jpg,sofa,113.0,152.0,38.0,36.0
002049.jpg,pottedplant,152.0,60.0,120.0,112.0
002049.jpg,pottedplant,81.0,132.0,138.0,149.0
002051.jpg,person,112.0,112.0,223.0,223.0
002051.jpg,bird,66.0,115.0,130.0,217.0
002054.jpg,train,113.0,122.0,220.0,189.0
002055.jpg,dog,37.0,184.0,61.0,72.0
002055.jpg,person,66.0,156.0,74.0,137.0
002055.jpg,sofa,62.0,177.0,122.0,92.0
002056.jpg,bus,118.0,121.0,125.0,118.0
002056.jpg,car,211.0,144.0,26.0,54.0
002058.jpg,cat,137.0,103.0,174.0,116.0
002061.jpg,sofa,103.0,36.0,99.0,70.0
002061.jpg,sofa,200.0,37.0,47.0,71.0
002061.jpg,diningtable,111.0,162.0,220.0,124.0
002061.jpg,person,61.0,80.0,52.0,105.0
002061.jpg,person,152.0,118.0,115.0,121.0
002063.jpg,diningtable,127.0,172.0,194.0,104.0
002063.jpg,chair,60.0,109.0,39.0,27.0
002063.jpg,chair,172.0,121.0,32.0,28.0
002063.jpg,chair,205.0,128.0,37.0,33.0
002063.jpg,chair,40.0,162.0,67.0,100.0
002063.jpg,chair,69.0,172.0,92.0,103.0
002063.jpg,chair,187.0,202.0,75.0,43.0
002064.jpg,bicycle,110.0,117.0,202.0,161.0
002064.jpg,diningtable,114.0,197.0,176.0,54.0
002064.jpg,chair,198.0,192.0,29.0,63.0
002064.jpg,chair,18.0,195.0,25.0,59.0
002064.jpg,chair,28.0,165.0,44.0,50.0
002067.jpg,cat,128.0,121.0,101.0,189.0
002068.jpg,train,135.0,103.0,63.0,55.0
002069.jpg,bicycle,80.0,155.0,43.0,97.0
002069.jpg,bicycle,27.0,126.0,50.0,65.0
002069.jpg,bicycle,26.0,152.0,31.0,88.0
002069.jpg,bicycle,192.0,171.0,47.0,102.0
002069.jpg,bicycle,133.0,145.0,24.0,82.0
002069.jpg,bicycle,151.0,159.0,41.0,84.0
002069.jpg,person,84.0,114.0,51.0,175.0
002069.jpg,person,27.0,121.0,47.0,134.0
002069.jpg,person,39.0,85.0,16.0,84.0
002069.jpg,person,54.0,97.0,19.0,113.0
002069.jpg,person,137.0,114.0,35.0,136.0
002069.jpg,person,159.0,127.0,43.0,143.0
002069.jpg,person,194.0,133.0,47.0,165.0
002070.jpg,sofa,112.0,121.0,217.0,167.0
002082.jpg,motorbike,70.0,144.0,66.0,109.0
002082.jpg,person,67.0,103.0,47.0,153.0
002083.jpg,train,108.0,104.0,68.0,56.0
002086.jpg,tvmonitor,154.0,77.0,56.0,60.0
002086.jpg,tvmonitor,38.0,111.0,48.0,62.0
002088.jpg,cow,106.0,122.0,210.0,204.0
002090.jpg,person,118.0,128.0,113.0,191.0
002090.jpg,chair,125.0,174.0,47.0,101.0
002091.jpg,boat,111.0,107.0,220.0,213.0
002091.jpg,person,153.0,97.0,22.0,55.0
002091.jpg,person,91.0,99.0,15.0,47.0
002091.jpg,person,32.0,108.0,20.0,42.0
002091.jpg,person,6.0,132.0,11.0,44.0
002094.jpg,bird,91.0,112.0,118.0,223.0
002095.jpg,cat,112.0,117.0,217.0,210.0
002096.jpg,person,106.0,122.0,150.0,204.0
002098.jpg,bottle,191.0,69.0,38.0,112.0
002098.jpg,bottle,93.0,63.0,29.0,119.0
002099.jpg,aeroplane,112.0,126.0,224.0,143.0
002101.jpg,dog,160.0,190.0,128.0,57.0
002102.jpg,bird,117.0,126.0,202.0,161.0
002104.jpg,person,135.0,117.0,70.0,212.0
002104.jpg,motorbike,116.0,130.0,197.0,148.0
002108.jpg,person,41.0,112.0,56.0,87.0
002108.jpg,person,86.0,107.0,47.0,77.0
002108.jpg,person,141.0,105.0,32.0,56.0
002108.jpg,person,167.0,104.0,32.0,51.0
002108.jpg,diningtable,112.0,172.0,224.0,105.0
002108.jpg,pottedplant,127.0,169.0,20.0,26.0
002108.jpg,pottedplant,151.0,170.0,17.0,27.0
002108.jpg,pottedplant,161.0,161.0,15.0,26.0
002109.jpg,cat,120.0,95.0,86.0,82.0
002112.jpg,bottle,153.0,112.0,143.0,223.0
002114.jpg,person,162.0,159.0,33.0,129.0
002114.jpg,person,150.0,80.0,21.0,41.0
002114.jpg,train,120.0,112.0,209.0,223.0
002116.jpg,dog,135.0,173.0,111.0,100.0
002116.jpg,sofa,148.0,116.0,85.0,82.0
002116.jpg,sofa,59.0,102.0,89.0,81.0
002116.jpg,car,97.0,34.0,36.0,19.0
002116.jpg,pottedplant,37.0,66.0,43.0,131.0
002116.jpg,person,207.0,27.0,4.0,16.0
002117.jpg,tvmonitor,119.0,22.0,84.0,41.0
002117.jpg,dog,84.0,164.0,73.0,76.0
002117.jpg,person,88.0,90.0,93.0,107.0
002117.jpg,dog,106.0,95.0,86.0,76.0
002117.jpg,person,196.0,108.0,57.0,149.0
002117.jpg,person,34.0,149.0,67.0,95.0
002120.jpg,bird,129.0,42.0,53.0,37.0
002120.jpg,person,125.0,120.0,194.0,207.0
002124.jpg,sofa,181.0,185.0,64.0,78.0
002124.jpg,chair,139.0,152.0,40.0,69.0
002124.jpg,tvmonitor,49.0,133.0,26.0,35.0
002125.jpg,car,118.0,139.0,183.0,93.0
002126.jpg,cow,161.0,113.0,125.0,223.0
002126.jpg,cow,54.0,113.0,107.0,223.0
002129.jpg,aeroplane,81.0,51.0,67.0,43.0
002129.jpg,aeroplane,87.0,80.0,76.0,48.0
002129.jpg,aeroplane,101.0,112.0,88.0,56.0
002129.jpg,aeroplane,129.0,150.0,108.0,70.0
002132.jpg,tvmonitor,110.0,121.0,55.0,56.0
002134.jpg,car,109.0,120.0,216.0,168.0
002135.jpg,car,9.0,68.0,17.0,17.0
002135.jpg,car,28.0,65.0,26.0,13.0
002135.jpg,car,50.0,63.0,31.0,14.0
002135.jpg,car,162.0,58.0,16.0,10.0
002135.jpg,car,144.0,64.0,28.0,15.0
002135.jpg,car,188.0,74.0,58.0,34.0
002135.jpg,car,211.0,85.0,26.0,46.0
002136.jpg,bird,127.0,112.0,186.0,140.0
002139.jpg,bottle,166.0,76.0,115.0,151.0
002140.jpg,dog,88.0,67.0,130.0,58.0
002142.jpg,person,111.0,141.0,62.0,166.0
002142.jpg,person,157.0,136.0,52.0,176.0
002142.jpg,person,15.0,117.0,26.0,59.0
002145.jpg,cat,131.0,132.0,97.0,85.0
002145.jpg,person,113.0,125.0,150.0,197.0
002146.jpg,dog,110.0,124.0,190.0,193.0
002151.jpg,cat,100.0,73.0,165.0,146.0
002152.jpg,cow,153.0,108.0,52.0,39.0
002153.jpg,car,103.0,136.0,131.0,75.0
002155.jpg,motorbike,120.0,108.0,207.0,191.0
002156.jpg,chair,75.0,174.0,49.0,94.0
002156.jpg,chair,123.0,166.0,43.0,85.0
002156.jpg,chair,192.0,141.0,32.0,51.0
002156.jpg,chair,30.0,166.0,46.0,93.0
002156.jpg,chair,217.0,128.0,14.0,28.0
002156.jpg,diningtable,75.0,141.0,120.0,82.0
002156.jpg,person,164.0,115.0,29.0,111.0
002158.jpg,bird,72.0,145.0,118.0,77.0
002163.jpg,person,120.0,132.0,172.0,156.0
002165.jpg,bird,108.0,116.0,160.0,190.0
002166.jpg,train,111.0,130.0,209.0,162.0
002169.jpg,person,108.0,135.0,211.0,178.0
002170.jpg,car,118.0,181.0,103.0,50.0
002170.jpg,car,197.0,168.0,55.0,42.0
002170.jpg,person,122.0,150.0,8.0,13.0
002170.jpg,person,30.0,167.0,13.0,51.0
002171.jpg,person,69.0,113.0,90.0,69.0
002171.jpg,bicycle,61.0,145.0,81.0,69.0
002172.jpg,motorbike,131.0,185.0,26.0,44.0
002172.jpg,person,131.0,168.0,19.0,45.0
002172.jpg,person,68.0,184.0,22.0,55.0
002174.jpg,car,115.0,122.0,214.0,163.0
002174.jpg,car,213.0,92.0,22.0,65.0
002174.jpg,car,185.0,85.0,41.0,20.0
002174.jpg,tvmonitor,17.0,58.0,15.0,19.0
002174.jpg,person,19.0,67.0,14.0,23.0
002174.jpg,person,149.0,71.0,11.0,23.0
002174.jpg,person,172.0,71.0,6.0,21.0
002174.jpg,person,183.0,79.0,10.0,32.0
002174.jpg,person,193.0,70.0,7.0,13.0
002174.jpg,person,198.0,90.0,10.0,25.0
002176.jpg,sofa,130.0,138.0,189.0,173.0
002176.jpg,person,126.0,116.0,165.0,200.0
002176.jpg,pottedplant,86.0,34.0,155.0,67.0
002176.jpg,pottedplant,187.0,35.0,73.0,68.0
002178.jpg,car,125.0,136.0,161.0,110.0
002179.jpg,pottedplant,110.0,114.0,215.0,218.0
002180.jpg,train,129.0,139.0,169.0,171.0
002180.jpg,car,24.0,141.0,41.0,36.0
002180.jpg,car,11.0,144.0,21.0,42.0
002180.jpg,person,223.0,111.0,2.0,10.0
002181.jpg,chair,187.0,47.0,45.0,93.0
002182.jpg,car,101.0,125.0,190.0,88.0
002183.jpg,horse,93.0,160.0,184.0,129.0
002183.jpg,person,48.0,112.0,67.0,223.0
002184.jpg,dog,150.0,176.0,67.0,97.0
002184.jpg,dog,115.0,124.0,78.0,95.0
002186.jpg,person,119.0,123.0,29.0,58.0
002186.jpg,person,78.0,42.0,19.0,84.0
002186.jpg,chair,146.0,45.0,23.0,49.0
002186.jpg,chair,105.0,53.0,26.0,62.0
002186.jpg,diningtable,105.0,52.0,45.0,49.0
002187.jpg,person,126.0,106.0,37.0,103.0
002187.jpg,horse,133.0,147.0,104.0,100.0
002190.jpg,horse,191.0,154.0,66.0,34.0
002190.jpg,horse,107.0,157.0,59.0,105.0
002190.jpg,horse,86.0,105.0,34.0,89.0
002190.jpg,horse,110.0,84.0,19.0,52.0
002190.jpg,person,201.0,136.0,23.0,39.0
002190.jpg,person,97.0,43.0,31.0,83.0
002190.jpg,person,127.0,136.0,39.0,141.0
002190.jpg,person,9.0,133.0,17.0,126.0
002191.jpg,motorbike,112.0,113.0,224.0,221.0
002192.jpg,pottedplant,27.0,134.0,37.0,177.0
002192.jpg,pottedplant,125.0,113.0,78.0,171.0
002192.jpg,pottedplant,174.0,155.0,96.0,133.0
002192.jpg,pottedplant,63.0,164.0,94.0,113.0
002193.jpg,person,142.0,130.0,33.0,127.0
002193.jpg,person,118.0,122.0,17.0,125.0
002193.jpg,person,101.0,122.0,18.0,121.0
002193.jpg,person,83.0,120.0,24.0,122.0
002193.jpg,person,65.0,123.0,22.0,127.0
002194.jpg,chair,153.0,164.0,43.0,75.0
002194.jpg,person,53.0,129.0,33.0,115.0
002194.jpg,person,68.0,135.0,22.0,112.0
002194.jpg,person,170.0,145.0,76.0,120.0
002194.jpg,person,188.0,139.0,39.0,83.0
002196.jpg,cat,113.0,112.0,222.0,223.0
002197.jpg,car,74.0,135.0,147.0,131.0
002197.jpg,car,187.0,102.0,74.0,47.0
002199.jpg,dog,122.0,161.0,183.0,126.0
002201.jpg,bus,112.0,119.0,221.0,210.0
002202.jpg,cat,94.0,115.0,146.0,209.0
002208.jpg,boat,142.0,135.0,164.0,161.0
002208.jpg,boat,78.0,97.0,155.0,94.0
002209.jpg,sheep,128.0,128.0,192.0,192.0
002212.jpg,bird,112.0,107.0,187.0,117.0
002213.jpg,horse,101.0,125.0,154.0,187.0
002213.jpg,person,103.0,77.0,50.0,141.0
002214.jpg,bus,194.0,106.0,60.0,84.0
002214.jpg,train,115.0,108.0,59.0,119.0
002214.jpg,person,88.0,112.0,7.0,47.0
002214.jpg,person,176.0,116.0,8.0,15.0
002215.jpg,cat,190.0,116.0,65.0,157.0
002215.jpg,cat,139.0,112.0,53.0,151.0
002215.jpg,cat,90.0,92.0,60.0,170.0
002215.jpg,cat,34.0,70.0,43.0,121.0
002215.jpg,cat,42.0,134.0,72.0,174.0
002218.jpg,dog,162.0,78.0,111.0,87.0
002218.jpg,dog,154.0,153.0,90.0,128.0
002218.jpg,dog,70.0,109.0,80.0,103.0
002218.jpg,chair,111.0,113.0,220.0,222.0
002219.jpg,person,120.0,72.0,42.0,67.0
002220.jpg,person,41.0,123.0,80.0,197.0
002220.jpg,person,109.0,124.0,109.0,201.0
002220.jpg,person,180.0,135.0,87.0,179.0
002221.jpg,person,156.0,114.0,136.0,177.0
002221.jpg,chair,173.0,27.0,92.0,36.0
002221.jpg,chair,42.0,67.0,82.0,117.0
002221.jpg,person,15.0,87.0,29.0,108.0
002221.jpg,diningtable,147.0,56.0,154.0,93.0
002221.jpg,bottle,112.0,12.0,10.0,22.0
002224.jpg,person,147.0,135.0,42.0,45.0
002224.jpg,person,99.0,135.0,105.0,116.0
002224.jpg,person,60.0,123.0,120.0,200.0
002226.jpg,bottle,124.0,23.0,4.0,11.0
002226.jpg,bottle,129.0,23.0,4.0,10.0
002226.jpg,bottle,152.0,25.0,8.0,36.0
002226.jpg,bottle,145.0,24.0,7.0,28.0
002226.jpg,bottle,139.0,21.0,6.0,21.0
002226.jpg,bottle,133.0,24.0,5.0,22.0
002226.jpg,bottle,127.0,27.0,7.0,24.0
002226.jpg,bottle,121.0,31.0,5.0,30.0
002226.jpg,bottle,115.0,32.0,7.0,30.0
002226.jpg,bottle,220.0,141.0,9.0,29.0
002226.jpg,bottle,213.0,148.0,8.0,45.0
002226.jpg,bottle,205.0,147.0,9.0,46.0
002226.jpg,bottle,196.0,147.0,9.0,44.0
002226.jpg,bottle,190.0,142.0,8.0,41.0
002226.jpg,person,134.0,127.0,180.0,193.0
002228.jpg,bus,41.0,112.0,13.0,12.0
002228.jpg,car,29.0,120.0,8.0,7.0
002233.jpg,person,69.0,84.0,111.0,61.0
002233.jpg,person,130.0,162.0,71.0,117.0
002233.jpg,person,171.0,130.0,80.0,151.0
002233.jpg,person,166.0,56.0,110.0,106.0
002233.jpg,person,63.0,115.0,117.0,176.0
002234.jpg,boat,118.0,119.0,137.0,60.0
002234.jpg,boat,31.0,74.0,60.0,50.0
002237.jpg,cow,120.0,112.0,189.0,223.0
002238.jpg,horse,122.0,128.0,29.0,80.0
002238.jpg,person,120.0,110.0,29.0,96.0
002241.jpg,car,34.0,133.0,65.0,62.0
002241.jpg,car,31.0,110.0,53.0,20.0
002241.jpg,car,80.0,136.0,35.0,49.0
002241.jpg,person,86.0,129.0,22.0,79.0
002241.jpg,person,121.0,134.0,25.0,73.0
002241.jpg,person,109.0,132.0,9.0,70.0
002241.jpg,person,141.0,137.0,18.0,61.0
002241.jpg,person,158.0,133.0,18.0,74.0
002241.jpg,person,175.0,137.0,13.0,65.0
002244.jpg,car,175.0,171.0,66.0,52.0
002244.jpg,car,56.0,163.0,17.0,22.0
002244.jpg,car,77.0,168.0,26.0,22.0
002244.jpg,car,41.0,163.0,18.0,15.0
002244.jpg,car,106.0,165.0,33.0,24.0
002244.jpg,person,101.0,164.0,10.0,33.0
002244.jpg,person,93.0,164.0,9.0,37.0
002244.jpg,person,219.0,179.0,9.0,71.0
002244.jpg,person,213.0,166.0,7.0,30.0
002244.jpg,person,208.0,165.0,7.0,30.0
002244.jpg,car,6.0,163.0,10.0,36.0
002247.jpg,car,115.0,159.0,219.0,86.0
002248.jpg,car,127.0,90.0,195.0,179.0
002249.jpg,horse,112.0,113.0,222.0,223.0
002251.jpg,sofa,112.0,119.0,223.0,209.0
002253.jpg,bicycle,110.0,98.0,208.0,176.0
002253.jpg,bottle,117.0,92.0,17.0,38.0
002253.jpg,bottle,98.0,92.0,22.0,35.0
002255.jpg,aeroplane,114.0,113.0,128.0,133.0
002256.jpg,bus,185.0,170.0,78.0,106.0
002256.jpg,bus,127.0,169.0,36.0,46.0
002256.jpg,person,93.0,195.0,9.0,30.0
002257.jpg,bicycle,117.0,169.0,34.0,76.0
002259.jpg,sofa,127.0,91.0,193.0,81.0
002260.jpg,motorbike,124.0,118.0,152.0,153.0
002261.jpg,horse,109.0,146.0,114.0,112.0
002261.jpg,person,134.0,122.0,35.0,171.0
002263.jpg,sheep,116.0,74.0,123.0,146.0
002265.jpg,person,70.0,121.0,138.0,207.0
002265.jpg,bird,130.0,125.0,164.0,62.0
002266.jpg,aeroplane,154.0,179.0,102.0,57.0
002266.jpg,aeroplane,113.0,113.0,221.0,84.0
002267.jpg,sheep,52.0,169.0,45.0,77.0
002267.jpg,sheep,171.0,130.0,11.0,14.0
002267.jpg,sheep,160.0,130.0,9.0,12.0
002268.jpg,dog,69.0,182.0,79.0,59.0
002268.jpg,cat,149.0,130.0,40.0,38.0
002268.jpg,sofa,112.0,168.0,218.0,112.0
002270.jpg,bicycle,122.0,109.0,181.0,160.0
002272.jpg,bicycle,77.0,180.0,152.0,88.0
002272.jpg,person,77.0,113.0,152.0,222.0
002273.jpg,horse,107.0,123.0,52.0,137.0
002273.jpg,person,107.0,70.0,46.0,110.0
002276.jpg,bird,111.0,128.0,172.0,182.0
002277.jpg,dog,87.0,125.0,173.0,197.0
002277.jpg,person,137.0,112.0,173.0,224.0
002278.jpg,bus,111.0,116.0,214.0,141.0
002279.jpg,aeroplane,105.0,111.0,187.0,206.0
002280.jpg,tvmonitor,202.0,149.0,44.0,68.0
002281.jpg,car,87.0,114.0,173.0,172.0
002281.jpg,person,90.0,71.0,11.0,40.0
002284.jpg,pottedplant,37.0,20.0,53.0,39.0
002284.jpg,pottedplant,8.0,28.0,14.0,20.0
002284.jpg,pottedplant,100.0,30.0,57.0,43.0
002284.jpg,pottedplant,122.0,39.0,35.0,34.0
002284.jpg,pottedplant,122.0,82.0,42.0,55.0
002284.jpg,pottedplant,108.0,173.0,84.0,96.0
002285.jpg,person,108.0,135.0,100.0,156.0
002285.jpg,person,26.0,142.0,52.0,60.0
002287.jpg,bottle,133.0,112.0,27.0,87.0
002287.jpg,dog,107.0,115.0,204.0,152.0
002287.jpg,chair,112.0,112.0,224.0,223.0
002288.jpg,boat,132.0,94.0,21.0,28.0
002288.jpg,boat,132.0,123.0,87.0,13.0
002288.jpg,person,157.0,115.0,6.0,19.0
002288.jpg,person,131.0,119.0,6.0,8.0
002288.jpg,person,121.0,118.0,6.0,11.0
002290.jpg,motorbike,140.0,137.0,146.0,144.0
002290.jpg,person,129.0,85.0,118.0,158.0
002290.jpg,person,71.0,46.0,12.0,25.0
002290.jpg,person,56.0,45.0,9.0,29.0
002290.jpg,person,50.0,48.0,12.0,22.0
002290.jpg,person,35.0,46.0,10.0,29.0
002290.jpg,person,25.0,49.0,15.0,25.0
002290.jpg,person,11.0,48.0,12.0,24.0
002290.jpg,person,87.0,46.0,7.0,25.0
002290.jpg,person,94.0,44.0,9.0,22.0
002290.jpg,person,174.0,49.0,8.0,10.0
002290.jpg,person,170.0,48.0,7.0,12.0
002290.jpg,person,194.0,47.0,8.0,13.0
002290.jpg,person,185.0,49.0,7.0,11.0
002291.jpg,car,123.0,113.0,133.0,123.0
002293.jpg,person,90.0,123.0,177.0,203.0
002293.jpg,person,126.0,141.0,135.0,165.0
002300.jpg,cow,168.0,47.0,89.0,93.0
002300.jpg,cow,205.0,102.0,38.0,189.0
002300.jpg,cow,113.0,136.0,127.0,108.0
002300.jpg,cow,27.0,68.0,53.0,134.0
002302.jpg,boat,143.0,121.0,152.0,144.0
002302.jpg,person,60.0,122.0,62.0,201.0
002305.jpg,chair,111.0,114.0,179.0,202.0
002305.jpg,pottedplant,194.0,90.0,60.0,179.0
002306.jpg,person,67.0,125.0,100.0,180.0
002306.jpg,person,149.0,136.0,52.0,143.0
002307.jpg,car,152.0,127.0,131.0,94.0
002307.jpg,person,168.0,107.0,21.0,22.0
002308.jpg,cat,154.0,99.0,99.0,125.0
002308.jpg,chair,54.0,153.0,57.0,82.0
002310.jpg,bird,143.0,122.0,148.0,204.0
002311.jpg,car,112.0,123.0,223.0,178.0
002311.jpg,car,203.0,177.0,43.0,95.0
002311.jpg,person,159.0,42.0,16.0,73.0
002311.jpg,person,190.0,42.0,18.0,75.0
002311.jpg,person,177.0,76.0,19.0,33.0
002311.jpg,person,200.0,82.0,25.0,35.0
002311.jpg,person,177.0,38.0,15.0,50.0
002311.jpg,person,209.0,46.0,20.0,58.0
002311.jpg,person,136.0,25.0,15.0,28.0
002311.jpg,person,97.0,25.0,12.0,17.0
002311.jpg,person,86.0,24.0,13.0,20.0
002311.jpg,person,71.0,25.0,14.0,17.0
002311.jpg,person,57.0,22.0,8.0,26.0
002311.jpg,person,37.0,28.0,15.0,24.0
002311.jpg,person,20.0,37.0,14.0,35.0
002311.jpg,person,45.0,27.0,14.0,18.0
002311.jpg,person,147.0,27.0,11.0,31.0
002311.jpg,person,170.0,37.0,12.0,51.0
002315.jpg,dog,128.0,96.0,97.0,143.0
002318.jpg,motorbike,49.0,151.0,71.0,103.0
002320.jpg,pottedplant,79.0,79.0,95.0,113.0
002321.jpg,train,120.0,113.0,84.0,49.0
002323.jpg,cow,101.0,117.0,138.0,103.0
002323.jpg,cow,57.0,79.0,45.0,22.0
002323.jpg,cow,148.0,73.0,31.0,26.0
002324.jpg,person,44.0,112.0,86.0,223.0
002324.jpg,person,104.0,55.0,55.0,108.0
002324.jpg,person,121.0,150.0,93.0,148.0
002328.jpg,tvmonitor,103.0,112.0,109.0,152.0
002329.jpg,horse,94.0,162.0,116.0,122.0
002329.jpg,horse,172.0,158.0,82.0,132.0
002329.jpg,person,69.0,127.0,61.0,166.0
002329.jpg,person,133.0,82.0,44.0,85.0
002330.jpg,sheep,157.0,118.0,40.0,42.0
002330.jpg,sheep,44.0,94.0,59.0,38.0
002332.jpg,sofa,153.0,91.0,142.0,97.0
002332.jpg,person,84.0,81.0,60.0,115.0
002332.jpg,person,186.0,73.0,70.0,72.0
002332.jpg,person,135.0,132.0,179.0,168.0
002333.jpg,bird,24.0,102.0,17.0,29.0
002333.jpg,bird,49.0,123.0,25.0,35.0
002333.jpg,bird,91.0,138.0,41.0,48.0
002333.jpg,bird,127.0,125.0,37.0,35.0
002333.jpg,bird,86.0,106.0,29.0,33.0
002334.jpg,chair,91.0,190.0,108.0,67.0
002334.jpg,chair,26.0,127.0,39.0,88.0
002334.jpg,tvmonitor,82.0,97.0,40.0,57.0
002334.jpg,tvmonitor,125.0,98.0,37.0,52.0
002334.jpg,tvmonitor,166.0,124.0,40.0,53.0
002335.jpg,sofa,112.0,128.0,224.0,192.0
002337.jpg,bicycle,103.0,144.0,65.0,91.0
002337.jpg,person,111.0,116.0,63.0,135.0
002340.jpg,car,108.0,125.0,127.0,88.0
002340.jpg,car,58.0,75.0,20.0,11.0
002342.jpg,person,119.0,121.0,210.0,207.0
002343.jpg,car,150.0,64.0,36.0,22.0
002343.jpg,car,106.0,53.0,21.0,12.0
002343.jpg,car,112.0,134.0,223.0,144.0
002345.jpg,dog,108.0,139.0,122.0,149.0
002347.jpg,pottedplant,141.0,175.0,26.0,50.0
002347.jpg,pottedplant,91.0,174.0,34.0,45.0
002347.jpg,pottedplant,45.0,169.0,26.0,35.0
002348.jpg,aeroplane,109.0,130.0,51.0,79.0
002348.jpg,aeroplane,54.0,116.0,53.0,78.0
002350.jpg,bottle,113.0,113.0,124.0,223.0
002352.jpg,train,109.0,112.0,172.0,115.0
002352.jpg,train,11.0,114.0,22.0,97.0
002354.jpg,aeroplane,115.0,113.0,173.0,74.0
002355.jpg,car,8.0,111.0,15.0,53.0
002355.jpg,car,113.0,135.0,211.0,106.0
002359.jpg,dog,81.0,146.0,152.0,156.0
002361.jpg,pottedplant,50.0,153.0,76.0,129.0
002361.jpg,person,200.0,178.0,48.0,91.0
002362.jpg,chair,159.0,143.0,57.0,50.0
002362.jpg,chair,141.0,188.0,93.0,72.0
002362.jpg,sofa,119.0,111.0,82.0,36.0
002362.jpg,pottedplant,167.0,67.0,45.0,132.0
002362.jpg,pottedplant,178.0,72.0,22.0,76.0
002362.jpg,pottedplant,65.0,73.0,29.0,99.0
002362.jpg,pottedplant,82.0,67.0,14.0,75.0
002362.jpg,person,128.0,50.0,13.0,41.0
002362.jpg,person,115.0,52.0,11.0,34.0
002364.jpg,dog,127.0,131.0,102.0,114.0
002366.jpg,motorbike,162.0,98.0,116.0,181.0
002366.jpg,motorbike,49.0,148.0,95.0,81.0
002367.jpg,person,117.0,113.0,83.0,145.0
002367.jpg,motorbike,113.0,142.0,136.0,125.0
002368.jpg,sofa,39.0,112.0,23.0,24.0
002368.jpg,sofa,208.0,183.0,33.0,82.0
002368.jpg,chair,49.0,147.0,52.0,53.0
002368.jpg,chair,153.0,149.0,60.0,52.0
002368.jpg,diningtable,132.0,149.0,81.0,63.0
002369.jpg,cow,79.0,110.0,34.0,58.0
002371.jpg,bicycle,106.0,119.0,211.0,210.0
002372.jpg,boat,134.0,136.0,82.0,71.0
002372.jpg,person,172.0,150.0,39.0,41.0
002373.jpg,car,102.0,114.0,161.0,203.0
002373.jpg,car,140.0,4.0,25.0,6.0
002374.jpg,bus,98.0,130.0,83.0,66.0
002374.jpg,car,42.0,147.0,26.0,24.0
002375.jpg,cat,114.0,87.0,217.0,158.0
002376.jpg,aeroplane,103.0,86.0,205.0,129.0
002377.jpg,bicycle,132.0,149.0,183.0,151.0
002378.jpg,person,127.0,94.0,90.0,176.0
002378.jpg,pottedplant,44.0,89.0,87.0,176.0
002378.jpg,pottedplant,166.0,139.0,116.0,160.0
002378.jpg,pottedplant,180.0,115.0,87.0,215.0
002378.jpg,pottedplant,193.0,116.0,63.0,196.0
002378.jpg,pottedplant,64.0,60.0,24.0,76.0
002382.jpg,sofa,161.0,114.0,126.0,189.0
002382.jpg,person,111.0,133.0,218.0,146.0
002382.jpg,person,85.0,138.0,96.0,121.0
002384.jpg,person,76.0,129.0,114.0,182.0
002384.jpg,dog,146.0,143.0,104.0,155.0
002385.jpg,diningtable,115.0,137.0,154.0,60.0
002385.jpg,diningtable,105.0,192.0,209.0,63.0
002385.jpg,person,209.0,167.0,30.0,115.0
002385.jpg,person,203.0,124.0,40.0,115.0
002385.jpg,person,183.0,104.0,26.0,80.0
002385.jpg,person,163.0,104.0,26.0,60.0
002385.jpg,person,115.0,90.0,40.0,35.0
002385.jpg,person,64.0,98.0,21.0,59.0
002385.jpg,person,45.0,101.0,30.0,66.0
002385.jpg,person,27.0,104.0,54.0,80.0
002385.jpg,person,22.0,162.0,43.0,108.0
002387.jpg,cow,132.0,124.0,43.0,44.0
002387.jpg,person,105.0,121.0,13.0,59.0
002387.jpg,person,91.0,88.0,9.0,23.0
002387.jpg,person,78.0,89.0,13.0,22.0
002391.jpg,cat,59.0,145.0,115.0,157.0
002392.jpg,boat,106.0,85.0,158.0,42.0
002393.jpg,car,49.0,42.0,47.0,30.0
002393.jpg,car,98.0,46.0,74.0,47.0
002393.jpg,car,200.0,28.0,27.0,15.0
002393.jpg,car,213.0,43.0,23.0,38.0
002393.jpg,car,137.0,124.0,174.0,182.0
002401.jpg,person,106.0,131.0,194.0,186.0
002403.jpg,person,146.0,82.0,8.0,27.0
002403.jpg,bird,175.0,122.0,15.0,26.0
002403.jpg,boat,152.0,61.0,50.0,86.0
002404.jpg,bottle,166.0,71.0,17.0,58.0
002404.jpg,chair,190.0,85.0,27.0,91.0
002404.jpg,chair,51.0,62.0,18.0,59.0
002404.jpg,chair,11.0,126.0,22.0,112.0
002404.jpg,diningtable,112.0,136.0,223.0,175.0
002405.jpg,horse,91.0,137.0,135.0,150.0
002405.jpg,person,88.0,91.0,84.0,150.0
002407.jpg,cat,102.0,114.0,154.0,215.0
002410.jpg,person,99.0,103.0,120.0,173.0
002411.jpg,car,96.0,126.0,77.0,57.0
002413.jpg,person,139.0,114.0,171.0,220.0
002415.jpg,dog,113.0,112.0,221.0,224.0
002417.jpg,chair,115.0,160.0,39.0,74.0
002419.jpg,motorbike,110.0,120.0,119.0,102.0
002419.jpg,person,98.0,88.0,52.0,104.0
002420.jpg,car,125.0,101.0,177.0,137.0
002423.jpg,train,144.0,119.0,79.0,56.0
002425.jpg,sofa,153.0,154.0,142.0,141.0
002425.jpg,chair,42.0,99.0,59.0,62.0
002425.jpg,person,42.0,71.0,45.0,86.0
002425.jpg,person,61.0,82.0,33.0,73.0
002427.jpg,sofa,148.0,173.0,70.0,79.0
002427.jpg,sofa,48.0,140.0,95.0,168.0
002427.jpg,pottedplant,201.0,196.0,47.0,55.0
002433.jpg,person,27.0,120.0,40.0,107.0
002433.jpg,person,74.0,143.0,146.0,162.0
002433.jpg,person,180.0,125.0,89.0,199.0
002433.jpg,person,219.0,70.0,9.0,79.0
002433.jpg,person,217.0,22.0,11.0,17.0
002435.jpg,boat,113.0,67.0,81.0,133.0
002435.jpg,boat,175.0,105.0,20.0,16.0
002436.jpg,car,63.0,110.0,68.0,31.0
002436.jpg,car,213.0,104.0,22.0,30.0
002437.jpg,cat,103.0,115.0,129.0,218.0
002439.jpg,aeroplane,102.0,99.0,168.0,75.0
002439.jpg,aeroplane,200.0,85.0,47.0,47.0
002439.jpg,car,45.0,101.0,10.0,10.0
002439.jpg,car,33.0,101.0,9.0,10.0
002439.jpg,car,22.0,102.0,9.0,8.0
002441.jpg,cat,122.0,127.0,205.0,178.0
002441.jpg,tvmonitor,112.0,138.0,223.0,171.0
002442.jpg,diningtable,113.0,116.0,222.0,213.0
002442.jpg,chair,39.0,29.0,36.0,49.0
002442.jpg,chair,61.0,19.0,20.0,34.0
002442.jpg,chair,151.0,14.0,16.0,17.0
002442.jpg,chair,157.0,26.0,14.0,15.0
002442.jpg,chair,173.0,27.0,28.0,28.0
002442.jpg,chair,175.0,42.0,22.0,24.0
002442.jpg,chair,198.0,43.0,41.0,37.0
002442.jpg,chair,204.0,61.0,41.0,50.0
002442.jpg,bottle,114.0,8.0,10.0,15.0
002442.jpg,bottle,114.0,60.0,21.0,58.0
002443.jpg,dog,129.0,127.0,190.0,98.0
002443.jpg,person,97.0,102.0,190.0,83.0
002444.jpg,person,157.0,139.0,57.0,163.0
002444.jpg,person,122.0,121.0,52.0,99.0
002444.jpg,bottle,64.0,193.0,18.0,62.0
002444.jpg,bottle,7.0,193.0,13.0,59.0
002445.jpg,cat,113.0,130.0,209.0,180.0
002448.jpg,person,122.0,87.0,60.0,88.0
002448.jpg,horse,109.0,136.0,173.0,135.0
002450.jpg,dog,73.0,122.0,105.0,105.0
002450.jpg,person,159.0,84.0,105.0,168.0
002452.jpg,sheep,121.0,115.0,207.0,203.0
002454.jpg,car,81.0,92.0,73.0,85.0
002456.jpg,chair,20.0,38.0,36.0,75.0
002456.jpg,chair,30.0,36.0,42.0,70.0
002456.jpg,diningtable,112.0,135.0,224.0,179.0
002458.jpg,motorbike,28.0,105.0,36.0,32.0
002458.jpg,person,24.0,94.0,13.0,32.0
002459.jpg,person,70.0,154.0,32.0,22.0
002460.jpg,bicycle,166.0,162.0,68.0,104.0
002460.jpg,person,164.0,134.0,53.0,171.0
002461.jpg,cat,108.0,95.0,70.0,132.0
002461.jpg,sofa,54.0,80.0,108.0,158.0
002462.jpg,train,124.0,70.0,200.0,50.0
002465.jpg,boat,122.0,100.0,203.0,184.0
002465.jpg,boat,208.0,166.0,14.0,11.0
002465.jpg,boat,157.0,131.0,10.0,11.0
002465.jpg,boat,171.0,141.0,14.0,13.0
002465.jpg,boat,190.0,140.0,8.0,8.0
002465.jpg,boat,199.0,139.0,7.0,7.0
002465.jpg,boat,208.0,140.0,5.0,8.0
002466.jpg,dog,122.0,104.0,133.0,84.0
002468.jpg,bird,150.0,62.0,68.0,83.0
002468.jpg,bird,50.0,157.0,60.0,99.0
002470.jpg,cat,118.0,123.0,212.0,168.0
002471.jpg,horse,69.0,125.0,133.0,198.0
002472.jpg,person,180.0,128.0,11.0,37.0
002472.jpg,person,194.0,127.0,9.0,42.0
002472.jpg,person,219.0,127.0,9.0,38.0
002472.jpg,person,164.0,130.0,8.0,29.0
002472.jpg,aeroplane,46.0,114.0,88.0,64.0
002472.jpg,aeroplane,116.0,114.0,111.0,53.0
002476.jpg,person,123.0,114.0,166.0,221.0
002476.jpg,person,73.0,138.0,18.0,36.0
002477.jpg,train,79.0,73.0,103.0,79.0
002477.jpg,person,168.0,92.0,31.0,89.0
002477.jpg,person,16.0,98.0,32.0,157.0
002478.jpg,car,171.0,175.0,91.0,51.0
002479.jpg,boat,25.0,139.0,14.0,33.0
002479.jpg,boat,87.0,141.0,8.0,15.0
002479.jpg,boat,148.0,111.0,23.0,59.0
002480.jpg,cat,124.0,126.0,117.0,120.0
002481.jpg,person,111.0,100.0,202.0,182.0
002483.jpg,sofa,64.0,164.0,127.0,119.0
002483.jpg,pottedplant,69.0,116.0,38.0,95.0
002483.jpg,pottedplant,186.0,92.0,23.0,130.0
002483.jpg,cat,115.0,65.0,17.0,33.0
002483.jpg,cat,56.0,175.0,82.0,51.0
002483.jpg,chair,159.0,184.0,74.0,80.0
002483.jpg,person,112.0,144.0,50.0,155.0
002490.jpg,bus,110.0,115.0,36.0,66.0
002490.jpg,bus,33.0,142.0,65.0,123.0
002490.jpg,car,73.0,148.0,22.0,48.0
002490.jpg,car,87.0,142.0,24.0,34.0
002490.jpg,car,102.0,138.0,14.0,29.0
002491.jpg,person,189.0,177.0,70.0,95.0
002491.jpg,person,97.0,170.0,146.0,107.0
002492.jpg,sofa,60.0,127.0,95.0,79.0
002492.jpg,chair,146.0,115.0,57.0,63.0
002492.jpg,chair,34.0,181.0,68.0,87.0
002493.jpg,car,76.0,173.0,129.0,103.0
002494.jpg,cow,114.0,119.0,220.0,210.0
002496.jpg,train,126.0,116.0,197.0,154.0
002497.jpg,person,91.0,98.0,7.0,26.0
002497.jpg,car,131.0,131.0,90.0,72.0
002497.jpg,person,11.0,96.0,6.0,22.0
002497.jpg,person,63.0,100.0,7.0,18.0
002497.jpg,person,34.0,96.0,5.0,22.0
002500.jpg,boat,120.0,106.0,165.0,211.0
002500.jpg,boat,22.0,149.0,42.0,73.0
002501.jpg,chair,60.0,149.0,115.0,150.0
002501.jpg,sofa,159.0,147.0,129.0,133.0
002501.jpg,person,64.0,146.0,56.0,153.0
002501.jpg,person,166.0,148.0,113.0,148.0
002501.jpg,person,177.0,106.0,90.0,102.0
002502.jpg,train,96.0,118.0,176.0,134.0
002504.jpg,car,133.0,200.0,22.0,17.0
002504.jpg,car,172.0,192.0,12.0,11.0
002504.jpg,car,199.0,194.0,18.0,13.0
002504.jpg,car,214.0,194.0,17.0,13.0
002504.jpg,car,192.0,185.0,9.0,12.0
002504.jpg,car,149.0,194.0,13.0,16.0
002504.jpg,car,133.0,186.0,8.0,10.0
002504.jpg,car,105.0,199.0,16.0,15.0
002504.jpg,car,84.0,190.0,12.0,14.0
002504.jpg,car,53.0,191.0,18.0,10.0
002504.jpg,car,44.0,182.0,11.0,10.0
002504.jpg,person,75.0,203.0,16.0,41.0
002504.jpg,person,45.0,208.0,12.0,32.0
002504.jpg,person,56.0,208.0,12.0,32.0
002504.jpg,person,64.0,207.0,12.0,35.0
002505.jpg,cow,78.0,115.0,155.0,216.0
002505.jpg,cow,130.0,86.0,131.0,156.0
002508.jpg,bicycle,114.0,116.0,169.0,162.0
002512.jpg,dog,45.0,82.0,65.0,128.0
002512.jpg,dog,85.0,100.0,97.0,153.0
002512.jpg,dog,159.0,142.0,86.0,131.0
002512.jpg,bicycle,67.0,168.0,134.0,112.0
002513.jpg,aeroplane,122.0,147.0,6.0,10.0
002513.jpg,aeroplane,117.0,150.0,7.0,10.0
002513.jpg,aeroplane,114.0,140.0,7.0,10.0
002513.jpg,aeroplane,104.0,128.0,7.0,10.0
002513.jpg,aeroplane,101.0,119.0,7.0,9.0
002513.jpg,aeroplane,96.0,136.0,7.0,11.0
002513.jpg,aeroplane,99.0,148.0,7.0,11.0
002513.jpg,aeroplane,88.0,143.0,7.0,13.0
002514.jpg,person,123.0,124.0,99.0,200.0
002514.jpg,person,39.0,194.0,30.0,40.0
002514.jpg,tvmonitor,37.0,174.0,13.0,13.0
002518.jpg,person,138.0,152.0,48.0,132.0
002518.jpg,person,46.0,125.0,17.0,47.0
002518.jpg,person,82.0,130.0,38.0,73.0
002518.jpg,bottle,73.0,167.0,15.0,67.0
002518.jpg,bottle,89.0,166.0,15.0,61.0
002519.jpg,motorbike,119.0,113.0,189.0,223.0
002520.jpg,horse,104.0,158.0,22.0,65.0
002520.jpg,horse,73.0,131.0,10.0,14.0
002520.jpg,horse,20.0,135.0,13.0,19.0
002520.jpg,person,160.0,152.0,23.0,80.0
002520.jpg,person,203.0,157.0,13.0,70.0
002523.jpg,bicycle,116.0,111.0,202.0,192.0
002524.jpg,person,121.0,131.0,181.0,151.0
002525.jpg,train,103.0,181.0,206.0,82.0
002529.jpg,diningtable,112.0,139.0,222.0,169.0
002529.jpg,person,51.0,125.0,101.0,68.0
002533.jpg,car,105.0,119.0,177.0,188.0
002533.jpg,car,179.0,117.0,89.0,90.0
002533.jpg,person,205.0,107.0,38.0,137.0
002534.jpg,car,164.0,115.0,17.0,20.0
002534.jpg,car,114.0,119.0,25.0,27.0
002537.jpg,dog,113.0,105.0,212.0,204.0
002539.jpg,bus,112.0,112.0,224.0,223.0
002539.jpg,person,113.0,147.0,49.0,153.0
002540.jpg,bicycle,118.0,132.0,17.0,44.0
002540.jpg,bicycle,80.0,141.0,25.0,43.0
002540.jpg,person,80.0,121.0,21.0,81.0
002542.jpg,person,207.0,181.0,34.0,87.0
002542.jpg,person,123.0,149.0,68.0,142.0
002542.jpg,person,91.0,124.0,52.0,84.0
002542.jpg,person,24.0,99.0,47.0,49.0
002542.jpg,diningtable,78.0,170.0,155.0,108.0
002542.jpg,chair,164.0,177.0,32.0,95.0
002542.jpg,chair,57.0,109.0,21.0,16.0
002542.jpg,pottedplant,110.0,79.0,22.0,34.0
002542.jpg,pottedplant,106.0,42.0,22.0,33.0
002542.jpg,pottedplant,86.0,46.0,15.0,38.0
002542.jpg,pottedplant,77.0,24.0,22.0,36.0
002542.jpg,pottedplant,76.0,92.0,16.0,36.0
002544.jpg,car,113.0,118.0,153.0,94.0
002544.jpg,car,95.0,56.0,42.0,25.0
002544.jpg,car,125.0,56.0,30.0,22.0
002544.jpg,car,149.0,54.0,29.0,19.0
002544.jpg,car,145.0,47.0,34.0,22.0
002545.jpg,person,84.0,121.0,78.0,203.0
002545.jpg,bottle,117.0,43.0,18.0,31.0
002545.jpg,sofa,75.0,94.0,146.0,164.0
002545.jpg,sofa,184.0,80.0,79.0,91.0
002546.jpg,dog,142.0,117.0,109.0,214.0
002547.jpg,bird,105.0,127.0,34.0,85.0
002549.jpg,tvmonitor,145.0,88.0,73.0,87.0
002554.jpg,person,102.0,109.0,54.0,72.0
002554.jpg,horse,112.0,163.0,224.0,122.0
002555.jpg,horse,31.0,113.0,26.0,78.0
002555.jpg,horse,48.0,139.0,13.0,23.0
002555.jpg,horse,58.0,118.0,65.0,122.0
002555.jpg,horse,102.0,121.0,47.0,108.0
002555.jpg,horse,155.0,140.0,127.0,167.0
002555.jpg,person,15.0,124.0,24.0,78.0
002555.jpg,person,195.0,166.0,57.0,116.0
002558.jpg,bicycle,69.0,124.0,54.0,99.0
002558.jpg,bicycle,172.0,154.0,48.0,104.0
002558.jpg,person,69.0,92.0,61.0,137.0
002558.jpg,person,174.0,117.0,53.0,146.0
002559.jpg,car,125.0,107.0,157.0,137.0
002559.jpg,chair,11.0,89.0,21.0,41.0
002559.jpg,pottedplant,99.0,32.0,57.0,63.0
002561.jpg,tvmonitor,107.0,68.0,48.0,66.0
002561.jpg,chair,77.0,199.0,115.0,50.0
002561.jpg,person,184.0,133.0,80.0,182.0
002561.jpg,person,86.0,136.0,95.0,176.0
002563.jpg,person,190.0,177.0,7.0,26.0
002563.jpg,car,178.0,177.0,22.0,23.0
002563.jpg,person,57.0,184.0,7.0,27.0
002563.jpg,person,48.0,185.0,8.0,32.0
002564.jpg,person,51.0,128.0,87.0,192.0
002564.jpg,person,136.0,123.0,130.0,201.0
002564.jpg,sofa,149.0,153.0,149.0,143.0
002565.jpg,train,103.0,110.0,206.0,197.0
002565.jpg,person,133.0,153.0,34.0,96.0
002566.jpg,bus,136.0,102.0,58.0,31.0
002566.jpg,car,31.0,116.0,31.0,16.0
002566.jpg,car,194.0,103.0,8.0,9.0
002566.jpg,car,80.0,108.0,22.0,8.0
002566.jpg,person,109.0,110.0,6.0,17.0
002566.jpg,person,85.0,110.0,8.0,17.0
002566.jpg,person,79.0,110.0,6.0,16.0
002566.jpg,person,62.0,116.0,6.0,15.0
002567.jpg,motorbike,123.0,114.0,163.0,199.0
002569.jpg,pottedplant,114.0,113.0,190.0,206.0
002569.jpg,pottedplant,16.0,110.0,30.0,155.0
002571.jpg,bird,71.0,114.0,141.0,221.0
002572.jpg,bottle,69.0,99.0,17.0,65.0
002572.jpg,bottle,57.0,113.0,8.0,36.0
002572.jpg,chair,195.0,162.0,58.0,115.0
002572.jpg,chair,172.0,134.0,40.0,100.0
002572.jpg,chair,174.0,84.0,17.0,48.0
002572.jpg,person,61.0,46.0,13.0,52.0
002572.jpg,person,74.0,43.0,15.0,57.0
002572.jpg,person,100.0,35.0,20.0,46.0
002572.jpg,person,119.0,37.0,20.0,43.0
002572.jpg,person,169.0,59.0,17.0,32.0
002572.jpg,person,153.0,127.0,53.0,134.0
002572.jpg,person,123.0,87.0,30.0,61.0
002572.jpg,person,54.0,137.0,79.0,175.0
002572.jpg,person,108.0,87.0,19.0,64.0
002572.jpg,person,98.0,85.0,19.0,66.0
002578.jpg,dog,107.0,104.0,176.0,165.0
002579.jpg,bird,127.0,123.0,162.0,180.0
002584.jpg,person,142.0,110.0,160.0,214.0
002584.jpg,person,34.0,183.0,66.0,82.0
002584.jpg,person,69.0,139.0,38.0,34.0
002584.jpg,car,65.0,133.0,129.0,43.0
002584.jpg,person,193.0,108.0,14.0,25.0
002585.jpg,person,127.0,100.0,54.0,127.0
002585.jpg,person,71.0,86.0,44.0,106.0
002585.jpg,motorbike,121.0,139.0,108.0,118.0
002585.jpg,motorbike,66.0,114.0,73.0,87.0
002586.jpg,bird,97.0,98.0,141.0,195.0
002589.jpg,chair,103.0,154.0,49.0,99.0
002589.jpg,chair,114.0,75.0,24.0,50.0
002589.jpg,chair,94.0,88.0,17.0,37.0
002589.jpg,sofa,31.0,141.0,62.0,114.0
002589.jpg,person,36.0,137.0,52.0,137.0
002589.jpg,person,156.0,166.0,79.0,116.0
002589.jpg,person,112.0,142.0,48.0,143.0
002589.jpg,person,152.0,107.0,50.0,140.0
002590.jpg,train,113.0,160.0,222.0,77.0
002593.jpg,sheep,116.0,119.0,26.0,42.0
002594.jpg,pottedplant,192.0,98.0,62.0,138.0
002594.jpg,pottedplant,159.0,149.0,47.0,105.0
002594.jpg,pottedplant,100.0,129.0,65.0,101.0
002594.jpg,pottedplant,42.0,163.0,46.0,96.0
002594.jpg,pottedplant,28.0,85.0,51.0,95.0
002595.jpg,car,114.0,104.0,168.0,71.0
002595.jpg,person,140.0,87.0,15.0,17.0
002595.jpg,person,211.0,59.0,10.0,57.0
002595.jpg,person,205.0,40.0,6.0,19.0
002595.jpg,person,192.0,61.0,9.0,51.0
002595.jpg,person,183.0,60.0,10.0,51.0
002595.jpg,person,200.0,77.0,21.0,82.0
002595.jpg,person,162.0,55.0,22.0,52.0
002595.jpg,person,140.0,55.0,27.0,34.0
002595.jpg,person,126.0,55.0,13.0,27.0
002595.jpg,person,112.0,54.0,17.0,36.0
002595.jpg,person,95.0,61.0,12.0,45.0
002595.jpg,person,73.0,62.0,17.0,54.0
002595.jpg,person,62.0,65.0,14.0,50.0
002595.jpg,person,30.0,70.0,17.0,68.0
002595.jpg,person,17.0,75.0,17.0,68.0
002595.jpg,person,4.0,73.0,6.0,69.0
002598.jpg,pottedplant,112.0,99.0,104.0,155.0
002599.jpg,motorbike,111.0,122.0,159.0,192.0
002599.jpg,motorbike,36.0,124.0,72.0,129.0
002600.jpg,train,100.0,119.0,124.0,170.0
002603.jpg,bird,110.0,103.0,53.0,87.0
002605.jpg,boat,124.0,152.0,25.0,24.0
002605.jpg,boat,199.0,157.0,11.0,8.0
002605.jpg,boat,189.0,151.0,10.0,20.0
002605.jpg,boat,159.0,146.0,13.0,33.0
002605.jpg,boat,49.0,156.0,10.0,11.0
002605.jpg,boat,7.0,153.0,13.0,13.0
002606.jpg,car,175.0,142.0,36.0,21.0
002606.jpg,car,139.0,144.0,52.0,29.0
002606.jpg,car,100.0,146.0,26.0,30.0
002606.jpg,car,9.0,157.0,17.0,37.0
002606.jpg,car,121.0,136.0,20.0,13.0
002609.jpg,dog,58.0,97.0,79.0,141.0
002611.jpg,person,89.0,105.0,177.0,209.0
002611.jpg,dog,110.0,128.0,83.0,100.0
002613.jpg,bottle,133.0,175.0,17.0,65.0
002613.jpg,bottle,147.0,180.0,20.0,88.0
002613.jpg,bottle,165.0,183.0,20.0,82.0
002613.jpg,bottle,181.0,177.0,15.0,83.0
002613.jpg,bottle,197.0,175.0,17.0,79.0
002613.jpg,person,68.0,95.0,99.0,166.0
002615.jpg,sheep,84.0,80.0,10.0,17.0
002615.jpg,sheep,163.0,185.0,18.0,17.0
002618.jpg,sheep,112.0,106.0,209.0,188.0
002621.jpg,bird,146.0,110.0,147.0,147.0
002621.jpg,bird,179.0,33.0,67.0,63.0
002625.jpg,car,61.0,182.0,20.0,10.0
002625.jpg,car,29.0,181.0,21.0,11.0
002625.jpg,person,77.0,182.0,4.0,25.0
002625.jpg,person,50.0,179.0,4.0,15.0
002625.jpg,person,46.0,184.0,5.0,21.0
002625.jpg,person,41.0,185.0,7.0,30.0
002625.jpg,person,195.0,187.0,9.0,32.0
002625.jpg,person,18.0,180.0,3.0,17.0
002627.jpg,sofa,101.0,116.0,82.0,34.0
002627.jpg,sofa,178.0,128.0,69.0,51.0
002627.jpg,tvmonitor,30.0,109.0,34.0,29.0
002627.jpg,chair,157.0,145.0,70.0,21.0
002627.jpg,chair,45.0,181.0,56.0,50.0
002627.jpg,diningtable,113.0,187.0,222.0,74.0
002632.jpg,person,96.0,112.0,190.0,223.0
002633.jpg,horse,152.0,126.0,121.0,116.0
002633.jpg,person,143.0,92.0,45.0,94.0
002634.jpg,cow,124.0,137.0,103.0,139.0
002634.jpg,cow,80.0,141.0,51.0,96.0
002635.jpg,bird,125.0,131.0,126.0,115.0
002636.jpg,sofa,182.0,166.0,85.0,66.0
002636.jpg,sofa,32.0,182.0,64.0,84.0
002636.jpg,person,74.0,125.0,12.0,39.0
002636.jpg,chair,68.0,134.0,20.0,44.0
002636.jpg,chair,113.0,135.0,17.0,45.0
002636.jpg,chair,121.0,130.0,18.0,39.0
002636.jpg,chair,87.0,139.0,18.0,46.0
002636.jpg,diningtable,92.0,136.0,31.0,46.0
002637.jpg,cat,65.0,140.0,77.0,56.0
002637.jpg,person,138.0,51.0,64.0,53.0
002641.jpg,person,46.0,137.0,89.0,173.0
002641.jpg,person,117.0,144.0,72.0,159.0
002641.jpg,person,174.0,156.0,101.0,136.0
002641.jpg,bottle,128.0,198.0,20.0,53.0
002643.jpg,car,20.0,61.0,39.0,60.0
002643.jpg,person,193.0,69.0,21.0,70.0
002643.jpg,person,103.0,92.0,45.0,63.0
002643.jpg,motorbike,108.0,124.0,54.0,89.0
002645.jpg,tvmonitor,11.0,147.0,21.0,43.0
002645.jpg,chair,97.0,141.0,20.0,47.0
002645.jpg,chair,115.0,146.0,21.0,55.0
002645.jpg,chair,142.0,169.0,60.0,111.0
002646.jpg,car,113.0,127.0,210.0,131.0
002647.jpg,car,118.0,130.0,38.0,26.0
002648.jpg,sheep,91.0,158.0,89.0,128.0
002648.jpg,sheep,132.0,111.0,50.0,46.0
002648.jpg,sheep,66.0,110.0,97.0,100.0
002649.jpg,person,43.0,149.0,85.0,150.0
002649.jpg,person,90.0,148.0,84.0,152.0
002649.jpg,person,129.0,149.0,56.0,147.0
002649.jpg,person,174.0,127.0,67.0,194.0
002653.jpg,boat,103.0,116.0,203.0,217.0
002657.jpg,horse,112.0,138.0,34.0,39.0
002657.jpg,person,147.0,136.0,5.0,14.0
002657.jpg,person,126.0,217.0,13.0,13.0
002658.jpg,bottle,79.0,99.0,12.0,74.0
002658.jpg,pottedplant,56.0,41.0,20.0,72.0
002658.jpg,pottedplant,74.0,43.0,17.0,72.0
002658.jpg,pottedplant,93.0,54.0,24.0,50.0
002658.jpg,person,167.0,110.0,89.0,216.0
002658.jpg,diningtable,99.0,173.0,148.0,102.0
002658.jpg,chair,167.0,135.0,84.0,136.0
002658.jpg,chair,211.0,119.0,26.0,157.0
002659.jpg,boat,88.0,95.0,31.0,180.0
002662.jpg,diningtable,137.0,162.0,166.0,123.0
002662.jpg,person,196.0,99.0,57.0,149.0
002662.jpg,person,215.0,177.0,17.0,94.0
002662.jpg,person,121.0,56.0,52.0,95.0
002662.jpg,person,79.0,61.0,30.0,82.0
002662.jpg,person,56.0,67.0,29.0,68.0
002662.jpg,person,52.0,125.0,99.0,187.0
002664.jpg,bird,55.0,133.0,21.0,25.0
002664.jpg,bird,94.0,94.0,54.0,43.0
002664.jpg,bird,153.0,130.0,21.0,26.0
002664.jpg,bird,215.0,162.0,17.0,31.0
002664.jpg,bird,115.0,133.0,15.0,25.0
002664.jpg,bird,85.0,124.0,14.0,23.0
002664.jpg,bird,100.0,131.0,34.0,28.0
002666.jpg,motorbike,101.0,139.0,199.0,123.0
002666.jpg,car,211.0,131.0,27.0,53.0
002667.jpg,car,113.0,138.0,222.0,173.0
002668.jpg,diningtable,131.0,205.0,185.0,37.0
002668.jpg,person,184.0,126.0,81.0,130.0
002668.jpg,person,199.0,71.0,16.0,17.0
002668.jpg,person,90.0,120.0,96.0,141.0
002668.jpg,person,45.0,107.0,10.0,13.0
002668.jpg,pottedplant,26.0,93.0,35.0,38.0
002669.jpg,cow,149.0,93.0,36.0,22.0
002669.jpg,cow,81.0,143.0,58.0,57.0
002669.jpg,person,206.0,160.0,16.0,32.0
002669.jpg,cow,98.0,135.0,49.0,51.0
002670.jpg,dog,118.0,128.0,210.0,128.0
002670.jpg,sofa,113.0,112.0,223.0,223.0
002675.jpg,bicycle,127.0,130.0,111.0,100.0
002675.jpg,person,130.0,88.0,68.0,134.0
002677.jpg,cat,108.0,85.0,213.0,167.0
002678.jpg,horse,76.0,134.0,151.0,180.0
002678.jpg,horse,151.0,110.0,35.0,115.0
002678.jpg,person,202.0,112.0,34.0,222.0
002678.jpg,person,54.0,51.0,48.0,100.0
002678.jpg,person,15.0,60.0,29.0,118.0
002680.jpg,dog,113.0,124.0,222.0,200.0
002682.jpg,car,112.0,128.0,73.0,76.0
002683.jpg,sheep,107.0,124.0,98.0,102.0
002684.jpg,horse,130.0,121.0,188.0,200.0
002689.jpg,person,120.0,109.0,61.0,193.0
002690.jpg,dog,122.0,178.0,146.0,91.0
002691.jpg,car,22.0,36.0,43.0,37.0
002691.jpg,dog,43.0,178.0,86.0,79.0
002691.jpg,person,121.0,120.0,185.0,208.0
002691.jpg,sofa,112.0,138.0,223.0,172.0
002693.jpg,car,121.0,152.0,113.0,126.0
002693.jpg,person,40.0,120.0,39.0,165.0
002693.jpg,person,180.0,124.0,34.0,67.0
002693.jpg,person,20.0,79.0,9.0,52.0
002693.jpg,person,8.0,81.0,15.0,54.0
002693.jpg,car,42.0,111.0,82.0,57.0
002695.jpg,cow,64.0,102.0,122.0,200.0
002695.jpg,cow,207.0,89.0,33.0,42.0
002695.jpg,cow,169.0,82.0,26.0,35.0
002696.jpg,dog,90.0,69.0,134.0,109.0
002696.jpg,chair,118.0,56.0,211.0,111.0
002696.jpg,person,55.0,125.0,109.0,197.0
002697.jpg,dog,56.0,118.0,89.0,212.0
002697.jpg,dog,145.0,100.0,104.0,163.0
002697.jpg,dog,168.0,196.0,112.0,55.0
002699.jpg,bus,116.0,106.0,151.0,70.0
002702.jpg,chair,142.0,154.0,164.0,139.0
002702.jpg,chair,34.0,173.0,67.0,101.0
002702.jpg,chair,119.0,141.0,135.0,103.0
002704.jpg,car,115.0,134.0,215.0,181.0
002704.jpg,car,135.0,56.0,128.0,37.0
002706.jpg,cat,105.0,132.0,104.0,181.0
002709.jpg,bird,116.0,144.0,122.0,149.0
002710.jpg,person,138.0,133.0,165.0,181.0
002713.jpg,horse,73.0,142.0,87.0,151.0
002713.jpg,person,75.0,96.0,99.0,147.0
002713.jpg,person,215.0,92.0,14.0,30.0
002714.jpg,person,93.0,134.0,35.0,159.0
002715.jpg,bicycle,97.0,197.0,93.0,55.0
002715.jpg,person,89.0,174.0,30.0,97.0
002715.jpg,person,160.0,176.0,37.0,96.0
002715.jpg,person,202.0,176.0,22.0,88.0
002717.jpg,bird,100.0,120.0,48.0,118.0
002718.jpg,bird,122.0,100.0,121.0,155.0
002721.jpg,bird,163.0,96.0,80.0,84.0
002722.jpg,bicycle,122.0,109.0,191.0,161.0
002723.jpg,motorbike,100.0,155.0,99.0,91.0
002723.jpg,motorbike,170.0,147.0,84.0,83.0
002723.jpg,motorbike,204.0,151.0,40.0,98.0
002723.jpg,motorbike,50.0,141.0,26.0,62.0
002723.jpg,person,74.0,117.0,28.0,53.0
002727.jpg,bicycle,116.0,186.0,48.0,75.0
002727.jpg,person,85.0,141.0,47.0,167.0
002727.jpg,person,116.0,157.0,45.0,124.0
002730.jpg,car,128.0,128.0,89.0,139.0
002730.jpg,person,110.0,106.0,22.0,36.0
002730.jpg,person,121.0,86.0,23.0,22.0
002732.jpg,dog,91.0,69.0,109.0,133.0
002734.jpg,car,213.0,42.0,23.0,29.0
002734.jpg,car,166.0,41.0,45.0,28.0
002734.jpg,bus,153.0,26.0,82.0,44.0
002735.jpg,horse,103.0,140.0,148.0,124.0
002735.jpg,person,104.0,82.0,64.0,88.0
002737.jpg,aeroplane,122.0,97.0,132.0,73.0
002738.jpg,boat,30.0,102.0,29.0,60.0
002738.jpg,boat,35.0,108.0,38.0,72.0
002738.jpg,boat,28.0,146.0,25.0,34.0
002738.jpg,boat,133.0,114.0,12.0,29.0
002738.jpg,boat,142.0,118.0,8.0,18.0
002738.jpg,boat,152.0,112.0,14.0,39.0
002738.jpg,boat,164.0,115.0,6.0,29.0
002738.jpg,boat,197.0,126.0,9.0,12.0
002738.jpg,boat,218.0,129.0,11.0,19.0
002741.jpg,person,159.0,169.0,30.0,110.0
002741.jpg,train,130.0,118.0,187.0,211.0
002741.jpg,person,199.0,101.0,44.0,28.0
002741.jpg,person,18.0,140.0,9.0,32.0
002741.jpg,person,12.0,139.0,5.0,31.0
002744.jpg,person,159.0,155.0,119.0,139.0
002744.jpg,person,42.0,117.0,84.0,213.0
002745.jpg,bottle,157.0,112.0,59.0,172.0
002745.jpg,pottedplant,168.0,147.0,103.0,49.0
002745.jpg,pottedplant,202.0,77.0,43.0,51.0
002747.jpg,chair,130.0,90.0,72.0,162.0
002747.jpg,chair,53.0,136.0,104.0,175.0
002749.jpg,cow,120.0,167.0,111.0,113.0
002749.jpg,cow,151.0,103.0,146.0,176.0
002751.jpg,bicycle,95.0,143.0,96.0,78.0
002751.jpg,person,100.0,112.0,65.0,88.0
002751.jpg,person,214.0,59.0,21.0,59.0
002751.jpg,chair,176.0,68.0,17.0,34.0
002751.jpg,bicycle,75.0,67.0,41.0,36.0
002755.jpg,person,108.0,119.0,106.0,131.0
002755.jpg,person,176.0,131.0,91.0,164.0
002755.jpg,diningtable,112.0,193.0,224.0,62.0
002755.jpg,person,199.0,164.0,51.0,44.0
002757.jpg,train,121.0,126.0,176.0,184.0
002759.jpg,motorbike,109.0,117.0,151.0,137.0
002759.jpg,car,189.0,79.0,71.0,51.0
002759.jpg,car,141.0,74.0,52.0,35.0
002759.jpg,person,206.0,74.0,16.0,68.0
002759.jpg,person,218.0,57.0,11.0,24.0
002760.jpg,cat,169.0,103.0,109.0,167.0
002760.jpg,cat,61.0,101.0,122.0,193.0
002762.jpg,bird,138.0,90.0,21.0,44.0
002762.jpg,bird,128.0,81.0,16.0,57.0
002763.jpg,cow,107.0,139.0,155.0,137.0
002765.jpg,aeroplane,191.0,98.0,58.0,36.0
002765.jpg,aeroplane,126.0,97.0,70.0,38.0
002765.jpg,aeroplane,34.0,98.0,50.0,38.0
002765.jpg,aeroplane,74.0,100.0,43.0,32.0
002766.jpg,cat,110.0,106.0,70.0,73.0
002767.jpg,tvmonitor,123.0,134.0,25.0,42.0
002767.jpg,tvmonitor,57.0,115.0,13.0,27.0
002767.jpg,tvmonitor,42.0,116.0,17.0,32.0
002767.jpg,person,81.0,163.0,60.0,122.0
002767.jpg,person,29.0,133.0,41.0,61.0
002767.jpg,chair,21.0,161.0,33.0,76.0
002767.jpg,chair,65.0,185.0,47.0,78.0
002772.jpg,car,105.0,125.0,181.0,76.0
002774.jpg,horse,176.0,135.0,97.0,178.0
002774.jpg,horse,92.0,150.0,120.0,148.0
002775.jpg,pottedplant,191.0,148.0,65.0,153.0
002775.jpg,pottedplant,124.0,190.0,104.0,69.0
002775.jpg,pottedplant,30.0,176.0,59.0,96.0
002776.jpg,bus,208.0,128.0,32.0,20.0
002776.jpg,person,147.0,182.0,8.0,16.0
002776.jpg,person,138.0,194.0,13.0,36.0
002776.jpg,car,184.0,143.0,15.0,21.0
002776.jpg,car,194.0,140.0,10.0,19.0
002776.jpg,car,121.0,158.0,28.0,22.0
002778.jpg,chair,149.0,123.0,16.0,5.0
002778.jpg,chair,35.0,143.0,22.0,23.0
002778.jpg,chair,56.0,145.0,22.0,23.0
002778.jpg,chair,76.0,151.0,16.0,18.0
002778.jpg,chair,106.0,155.0,16.0,19.0
002778.jpg,chair,133.0,158.0,19.0,19.0
002778.jpg,chair,172.0,163.0,22.0,21.0
002778.jpg,chair,18.0,160.0,21.0,39.0
002778.jpg,chair,43.0,172.0,31.0,32.0
002778.jpg,chair,75.0,179.0,34.0,35.0
002778.jpg,chair,111.0,186.0,34.0,36.0
002778.jpg,chair,161.0,200.0,33.0,48.0
002778.jpg,chair,6.0,201.0,12.0,18.0
002778.jpg,chair,13.0,216.0,26.0,17.0
002778.jpg,tvmonitor,77.0,72.0,24.0,24.0
002779.jpg,car,58.0,124.0,88.0,69.0
002779.jpg,car,162.0,125.0,70.0,79.0
002782.jpg,train,105.0,101.0,209.0,157.0
002783.jpg,bus,139.0,194.0,26.0,35.0
002783.jpg,car,155.0,195.0,10.0,13.0
002784.jpg,dog,134.0,123.0,181.0,202.0
002785.jpg,cat,156.0,60.0,113.0,119.0
002786.jpg,horse,96.0,124.0,120.0,118.0
002786.jpg,person,103.0,86.0,26.0,101.0
002791.jpg,bird,135.0,149.0,167.0,136.0
002791.jpg,bird,135.0,118.0,65.0,210.0
002794.jpg,cow,121.0,114.0,139.0,202.0
002795.jpg,person,141.0,92.0,4.0,9.0
002795.jpg,person,45.0,95.0,5.0,13.0
002795.jpg,person,50.0,162.0,9.0,28.0
002795.jpg,person,97.0,128.0,10.0,26.0
002795.jpg,motorbike,101.0,135.0,27.0,27.0
002796.jpg,cat,147.0,132.0,119.0,61.0
002798.jpg,pottedplant,24.0,35.0,46.0,68.0
002798.jpg,person,199.0,71.0,51.0,82.0
002798.jpg,person,170.0,164.0,108.0,120.0
002798.jpg,person,54.0,157.0,106.0,135.0
002798.jpg,person,9.0,82.0,17.0,40.0
002798.jpg,person,48.0,61.0,44.0,69.0
002798.jpg,person,95.0,56.0,38.0,48.0
002798.jpg,person,132.0,58.0,55.0,67.0
002798.jpg,chair,161.0,73.0,7.0,23.0
002798.jpg,chair,79.0,73.0,4.0,16.0
002798.jpg,chair,23.0,83.0,13.0,33.0
002798.jpg,chair,223.0,93.0,2.0,24.0
002798.jpg,diningtable,114.0,152.0,220.0,143.0
002800.jpg,horse,108.0,130.0,54.0,113.0
002800.jpg,horse,120.0,113.0,78.0,149.0
002801.jpg,diningtable,112.0,113.0,223.0,223.0
002801.jpg,chair,14.0,27.0,27.0,54.0
002801.jpg,chair,75.0,16.0,51.0,31.0
002801.jpg,chair,198.0,184.0,51.0,81.0
002803.jpg,chair,134.0,139.0,67.0,94.0
002803.jpg,chair,83.0,131.0,70.0,89.0
002803.jpg,chair,183.0,87.0,30.0,44.0
002803.jpg,chair,157.0,77.0,35.0,26.0
002803.jpg,chair,108.0,80.0,41.0,30.0
002803.jpg,chair,79.0,85.0,28.0,33.0
002803.jpg,person,142.0,63.0,14.0,24.0
002804.jpg,car,218.0,97.0,13.0,16.0
002804.jpg,car,174.0,91.0,53.0,26.0
002804.jpg,car,39.0,85.0,31.0,14.0
002804.jpg,car,11.0,87.0,20.0,13.0
002804.jpg,person,207.0,95.0,8.0,24.0
002804.jpg,person,4.0,116.0,8.0,46.0
002804.jpg,person,108.0,139.0,20.0,93.0
002804.jpg,person,168.0,125.0,12.0,57.0
002804.jpg,person,144.0,106.0,16.0,31.0
002804.jpg,horse,148.0,124.0,24.0,45.0
002804.jpg,horse,95.0,145.0,20.0,57.0
002807.jpg,motorbike,112.0,126.0,152.0,150.0
002807.jpg,person,120.0,93.0,120.0,157.0
002810.jpg,dog,99.0,109.0,124.0,136.0
002812.jpg,car,135.0,137.0,58.0,37.0
002812.jpg,bus,54.0,120.0,96.0,71.0
002812.jpg,car,3.0,126.0,5.0,16.0
002815.jpg,person,112.0,119.0,223.0,209.0
002816.jpg,bus,113.0,135.0,181.0,97.0
002817.jpg,pottedplant,90.0,98.0,160.0,186.0
002820.jpg,pottedplant,202.0,161.0,37.0,45.0
002820.jpg,pottedplant,128.0,166.0,25.0,38.0
002820.jpg,pottedplant,85.0,159.0,26.0,43.0
002826.jpg,dog,183.0,47.0,82.0,70.0
002826.jpg,dog,68.0,57.0,135.0,61.0
002826.jpg,person,33.0,41.0,64.0,81.0
002826.jpg,person,190.0,41.0,66.0,82.0
002826.jpg,person,149.0,124.0,126.0,165.0
002826.jpg,dog,93.0,157.0,123.0,97.0
002827.jpg,person,173.0,131.0,101.0,175.0
002827.jpg,person,73.0,127.0,108.0,167.0
002827.jpg,person,8.0,100.0,15.0,72.0
002827.jpg,person,35.0,87.0,16.0,22.0
002833.jpg,car,126.0,125.0,195.0,194.0
002834.jpg,person,51.0,112.0,98.0,222.0
002835.jpg,train,90.0,143.0,148.0,49.0
002836.jpg,bird,129.0,135.0,30.0,88.0
002836.jpg,bird,74.0,134.0,36.0,76.0
002838.jpg,person,108.0,157.0,34.0,112.0
002838.jpg,boat,191.0,123.0,67.0,47.0
002838.jpg,boat,119.0,87.0,74.0,35.0
002841.jpg,person,66.0,147.0,105.0,77.0
002841.jpg,person,128.0,114.0,140.0,160.0
002842.jpg,horse,133.0,133.0,116.0,134.0
002842.jpg,person,123.0,89.0,29.0,107.0
002844.jpg,train,144.0,98.0,161.0,145.0
002845.jpg,sheep,182.0,92.0,25.0,9.0
002845.jpg,sheep,56.0,137.0,96.0,37.0
002845.jpg,sheep,97.0,97.0,27.0,16.0
002845.jpg,sheep,140.0,98.0,17.0,9.0
002845.jpg,sheep,159.0,97.0,15.0,10.0
002845.jpg,sheep,145.0,94.0,16.0,9.0
002847.jpg,aeroplane,120.0,110.0,207.0,117.0
002848.jpg,motorbike,107.0,113.0,34.0,156.0
002854.jpg,car,113.0,170.0,223.0,105.0
002855.jpg,sofa,155.0,169.0,116.0,109.0
002855.jpg,person,124.0,143.0,86.0,116.0
002858.jpg,horse,121.0,125.0,151.0,180.0
002858.jpg,person,147.0,85.0,79.0,141.0
002859.jpg,bus,107.0,119.0,213.0,182.0
002859.jpg,person,23.0,143.0,16.0,24.0
002859.jpg,person,154.0,80.0,10.0,12.0
002859.jpg,person,164.0,81.0,8.0,10.0
002859.jpg,person,173.0,82.0,9.0,12.0
002859.jpg,person,184.0,85.0,11.0,10.0
002859.jpg,person,194.0,85.0,10.0,11.0
002859.jpg,person,63.0,69.0,10.0,19.0
002859.jpg,person,54.0,68.0,9.0,21.0
002864.jpg,person,18.0,32.0,33.0,47.0
002864.jpg,person,36.0,43.0,71.0,84.0
002864.jpg,person,62.0,113.0,85.0,205.0
002864.jpg,person,169.0,109.0,111.0,196.0
002866.jpg,chair,73.0,194.0,60.0,60.0
002866.jpg,chair,126.0,188.0,51.0,72.0
002866.jpg,chair,145.0,182.0,42.0,83.0
002866.jpg,diningtable,105.0,179.0,101.0,90.0
002867.jpg,bus,162.0,102.0,124.0,204.0
002867.jpg,bus,39.0,90.0,77.0,168.0
002867.jpg,person,98.0,141.0,72.0,122.0
002868.jpg,cow,61.0,165.0,51.0,51.0
002868.jpg,cow,190.0,159.0,37.0,56.0
002868.jpg,cow,187.0,174.0,21.0,34.0
002868.jpg,cow,153.0,172.0,17.0,26.0
002868.jpg,cow,167.0,173.0,16.0,22.0
002868.jpg,bird,106.0,177.0,6.0,11.0
002868.jpg,bird,114.0,179.0,4.0,11.0
002868.jpg,bird,118.0,176.0,2.0,16.0
002868.jpg,bird,123.0,179.0,5.0,11.0
002868.jpg,bird,132.0,173.0,5.0,13.0
002868.jpg,bird,137.0,186.0,6.0,10.0
002868.jpg,bird,143.0,184.0,5.0,11.0
002868.jpg,bird,143.0,173.0,6.0,10.0
002868.jpg,bird,141.0,162.0,5.0,10.0
002869.jpg,aeroplane,114.0,108.0,210.0,89.0
002870.jpg,motorbike,55.0,146.0,55.0,145.0
002870.jpg,person,55.0,99.0,50.0,178.0
002870.jpg,person,112.0,127.0,18.0,69.0
002870.jpg,person,170.0,149.0,41.0,50.0
002870.jpg,person,212.0,129.0,15.0,77.0
002870.jpg,person,143.0,132.0,9.0,52.0
002870.jpg,person,178.0,131.0,12.0,49.0
002870.jpg,person,190.0,116.0,15.0,21.0
002870.jpg,person,16.0,126.0,18.0,61.0
002870.jpg,motorbike,193.0,145.0,17.0,49.0
002870.jpg,motorbike,110.0,145.0,32.0,36.0
002870.jpg,motorbike,86.0,149.0,18.0,20.0
002870.jpg,person,5.0,143.0,9.0,32.0
002873.jpg,aeroplane,86.0,125.0,47.0,15.0
002873.jpg,sheep,196.0,136.0,11.0,11.0
002873.jpg,sheep,172.0,138.0,13.0,13.0
002873.jpg,sheep,142.0,143.0,5.0,7.0
002873.jpg,sheep,142.0,172.0,6.0,15.0
002873.jpg,sheep,78.0,170.0,14.0,11.0
002873.jpg,sheep,39.0,129.0,9.0,9.0
002875.jpg,dog,120.0,109.0,207.0,130.0
002879.jpg,person,114.0,131.0,221.0,185.0
002880.jpg,dog,108.0,113.0,166.0,195.0
002881.jpg,bottle,184.0,172.0,14.0,38.0
002881.jpg,person,91.0,115.0,107.0,191.0
002884.jpg,car,114.0,92.0,92.0,125.0
002884.jpg,person,101.0,63.0,17.0,19.0
002886.jpg,person,64.0,129.0,124.0,187.0
002886.jpg,person,133.0,143.0,52.0,158.0
002886.jpg,person,156.0,136.0,77.0,177.0
002886.jpg,person,185.0,133.0,77.0,178.0
002889.jpg,person,122.0,133.0,33.0,183.0
002889.jpg,person,86.0,134.0,42.0,176.0
002891.jpg,train,101.0,116.0,140.0,170.0
002893.jpg,motorbike,111.0,114.0,221.0,220.0
002896.jpg,bird,113.0,128.0,77.0,192.0
002899.jpg,bus,119.0,100.0,206.0,150.0
002899.jpg,person,179.0,144.0,59.0,109.0
002899.jpg,person,147.0,148.0,34.0,93.0
002899.jpg,person,105.0,174.0,31.0,55.0
002899.jpg,person,84.0,173.0,53.0,69.0
002899.jpg,person,39.0,174.0,42.0,76.0
002899.jpg,person,22.0,155.0,44.0,91.0
002899.jpg,person,47.0,121.0,91.0,44.0
002899.jpg,person,61.0,128.0,35.0,49.0
002899.jpg,person,90.0,103.0,29.0,14.0
002899.jpg,person,108.0,94.0,31.0,24.0
002899.jpg,person,133.0,93.0,41.0,25.0
002901.jpg,tvmonitor,181.0,85.0,24.0,55.0
002901.jpg,tvmonitor,58.0,126.0,81.0,94.0
002901.jpg,person,202.0,112.0,45.0,223.0
002906.jpg,train,132.0,129.0,86.0,83.0
002910.jpg,chair,155.0,131.0,73.0,114.0
002910.jpg,chair,72.0,122.0,64.0,97.0
002912.jpg,bicycle,108.0,129.0,36.0,44.0
002912.jpg,person,109.0,108.0,36.0,51.0
002913.jpg,train,145.0,98.0,133.0,42.0
002913.jpg,train,76.0,89.0,11.0,38.0
002913.jpg,person,21.0,109.0,6.0,28.0
002913.jpg,person,27.0,107.0,6.0,24.0
002913.jpg,person,32.0,108.0,4.0,25.0
002913.jpg,person,39.0,103.0,5.0,16.0
002913.jpg,person,35.0,103.0,4.0,16.0
002913.jpg,person,93.0,109.0,9.0,44.0
002913.jpg,person,12.0,109.0,12.0,42.0
002913.jpg,train,36.0,93.0,71.0,33.0
002914.jpg,diningtable,89.0,191.0,177.0,65.0
002914.jpg,person,176.0,116.0,95.0,216.0
002915.jpg,person,151.0,109.0,37.0,164.0
002915.jpg,person,131.0,136.0,33.0,127.0
002915.jpg,person,92.0,113.0,52.0,215.0
002916.jpg,person,94.0,121.0,88.0,207.0
002916.jpg,sofa,150.0,140.0,50.0,42.0
002917.jpg,car,205.0,84.0,39.0,60.0
002917.jpg,car,122.0,120.0,179.0,134.0
002917.jpg,car,47.0,71.0,52.0,27.0
002917.jpg,car,11.0,74.0,16.0,17.0
002919.jpg,bird,87.0,109.0,151.0,213.0
002924.jpg,pottedplant,169.0,113.0,87.0,222.0
002924.jpg,cat,57.0,117.0,112.0,210.0
002931.jpg,bottle,79.0,108.0,7.0,38.0
002931.jpg,bottle,135.0,198.0,13.0,52.0
002931.jpg,tvmonitor,205.0,92.0,39.0,65.0
002931.jpg,person,173.0,136.0,103.0,176.0
002931.jpg,person,60.0,151.0,93.0,146.0
002931.jpg,bottle,169.0,9.0,4.0,17.0
002931.jpg,bottle,173.0,9.0,4.0,17.0
002931.jpg,bottle,177.0,9.0,4.0,17.0
002931.jpg,bottle,180.0,9.0,4.0,17.0
002931.jpg,bottle,184.0,9.0,4.0,17.0
002931.jpg,bottle,187.0,9.0,4.0,17.0
002931.jpg,bottle,191.0,9.0,4.0,17.0
002931.jpg,bottle,194.0,9.0,3.0,17.0
002931.jpg,bottle,209.0,10.0,4.0,18.0
002931.jpg,bottle,205.0,9.0,5.0,17.0
002931.jpg,bottle,198.0,9.0,4.0,17.0
002931.jpg,bottle,201.0,9.0,5.0,16.0
002931.jpg,sofa,66.0,157.0,131.0,134.0
002932.jpg,person,89.0,187.0,55.0,44.0
002933.jpg,person,111.0,137.0,134.0,171.0
002933.jpg,person,140.0,127.0,88.0,193.0
002933.jpg,dog,94.0,132.0,53.0,75.0
002934.jpg,cat,121.0,100.0,206.0,195.0
002934.jpg,cat,112.0,171.0,222.0,106.0
002935.jpg,person,187.0,127.0,74.0,193.0
002935.jpg,person,49.0,120.0,91.0,209.0
002935.jpg,person,83.0,125.0,143.0,197.0
002937.jpg,car,99.0,119.0,133.0,162.0
002937.jpg,car,175.0,75.0,97.0,91.0
002938.jpg,bird,68.0,139.0,95.0,84.0
002939.jpg,bottle,134.0,116.0,15.0,39.0
002939.jpg,person,111.0,142.0,79.0,164.0
002939.jpg,chair,142.0,169.0,46.0,93.0
002939.jpg,tvmonitor,36.0,102.0,37.0,75.0
002940.jpg,cow,187.0,147.0,72.0,148.0
002940.jpg,cow,171.0,77.0,10.0,20.0
002940.jpg,cow,181.0,70.0,11.0,12.0
002940.jpg,cow,118.0,74.0,14.0,17.0
002940.jpg,cow,22.0,76.0,13.0,20.0
002940.jpg,cow,9.0,101.0,18.0,44.0
002940.jpg,person,53.0,113.0,104.0,222.0
002941.jpg,bottle,191.0,64.0,12.0,61.0
002941.jpg,bottle,210.0,77.0,22.0,69.0
002941.jpg,bottle,183.0,75.0,24.0,69.0
002941.jpg,bottle,162.0,68.0,21.0,66.0
002942.jpg,aeroplane,120.0,116.0,40.0,26.0
002943.jpg,chair,120.0,182.0,89.0,85.0
002943.jpg,chair,188.0,180.0,61.0,88.0
002943.jpg,chair,194.0,134.0,38.0,12.0
002943.jpg,diningtable,118.0,180.0,212.0,87.0
002944.jpg,cat,106.0,86.0,192.0,159.0
002946.jpg,pottedplant,149.0,149.0,43.0,69.0
002947.jpg,sofa,114.0,177.0,220.0,94.0
002947.jpg,chair,51.0,148.0,51.0,35.0
002952.jpg,tvmonitor,125.0,187.0,141.0,72.0
002952.jpg,cat,134.0,79.0,49.0,45.0
002952.jpg,cat,118.0,119.0,152.0,102.0
002953.jpg,bottle,26.0,129.0,30.0,135.0
002953.jpg,bottle,58.0,133.0,32.0,141.0
002953.jpg,bottle,92.0,136.0,37.0,148.0
002953.jpg,tvmonitor,142.0,108.0,90.0,153.0
002953.jpg,tvmonitor,56.0,61.0,33.0,48.0
002954.jpg,person,71.0,94.0,37.0,161.0
002954.jpg,person,182.0,162.0,49.0,125.0
002956.jpg,bicycle,161.0,153.0,102.0,93.0
002957.jpg,chair,98.0,123.0,195.0,202.0
002957.jpg,dog,113.0,119.0,85.0,50.0
002958.jpg,person,127.0,113.0,195.0,223.0
002960.jpg,person,71.0,131.0,100.0,161.0
002962.jpg,tvmonitor,208.0,109.0,31.0,56.0
002962.jpg,person,147.0,110.0,123.0,218.0
002962.jpg,person,29.0,160.0,57.0,124.0
002963.jpg,sheep,128.0,123.0,192.0,202.0
002965.jpg,bottle,19.0,134.0,17.0,59.0
002965.jpg,bottle,50.0,123.0,15.0,67.0
002965.jpg,bottle,67.0,118.0,16.0,56.0
002965.jpg,bottle,83.0,116.0,13.0,48.0
002965.jpg,bottle,96.0,113.0,14.0,46.0
002965.jpg,bottle,111.0,119.0,11.0,50.0
002965.jpg,bottle,123.0,123.0,11.0,64.0
002965.jpg,bottle,135.0,125.0,13.0,65.0
002965.jpg,bottle,148.0,126.0,13.0,65.0
002965.jpg,bottle,162.0,127.0,12.0,65.0
002965.jpg,bottle,176.0,129.0,15.0,63.0
002965.jpg,bottle,109.0,184.0,31.0,79.0
002965.jpg,bottle,136.0,190.0,30.0,67.0
002965.jpg,person,30.0,68.0,49.0,94.0
002965.jpg,person,71.0,42.0,21.0,59.0
002965.jpg,person,149.0,70.0,38.0,65.0
002965.jpg,person,98.0,88.0,40.0,62.0
002965.jpg,person,151.0,95.0,35.0,54.0
002965.jpg,person,179.0,72.0,24.0,63.0
002965.jpg,person,162.0,66.0,26.0,60.0
002965.jpg,person,99.0,63.0,51.0,74.0
002965.jpg,person,208.0,68.0,26.0,47.0
002965.jpg,person,194.0,66.0,15.0,38.0
002965.jpg,person,217.0,69.0,13.0,38.0
002965.jpg,person,67.0,64.0,26.0,42.0
002965.jpg,person,8.0,45.0,16.0,88.0
002966.jpg,dog,112.0,112.0,223.0,222.0
002967.jpg,pottedplant,141.0,57.0,59.0,114.0
002967.jpg,pottedplant,53.0,94.0,97.0,51.0
002967.jpg,pottedplant,126.0,172.0,63.0,46.0
002969.jpg,bird,143.0,149.0,162.0,149.0
002975.jpg,train,162.0,91.0,123.0,143.0
002975.jpg,person,109.0,125.0,10.0,53.0
002976.jpg,person,108.0,157.0,212.0,135.0
002976.jpg,person,202.0,186.0,44.0,49.0
002977.jpg,dog,163.0,110.0,62.0,126.0
002977.jpg,dog,115.0,114.0,58.0,89.0
002978.jpg,cow,202.0,79.0,13.0,24.0
002978.jpg,cow,153.0,112.0,72.0,90.0
002978.jpg,cow,52.0,135.0,103.0,115.0
002984.jpg,bird,86.0,105.0,19.0,20.0
002984.jpg,bird,97.0,103.0,28.0,26.0
002984.jpg,bird,116.0,105.0,13.0,19.0
002986.jpg,sheep,32.0,71.0,63.0,97.0
002986.jpg,sheep,43.0,165.0,85.0,119.0
002986.jpg,sheep,132.0,136.0,62.0,100.0
002986.jpg,sheep,176.0,128.0,67.0,103.0
002986.jpg,sheep,165.0,174.0,118.0,99.0
002986.jpg,sheep,193.0,45.0,39.0,53.0
002986.jpg,sheep,211.0,30.0,25.0,54.0
002986.jpg,sheep,93.0,71.0,43.0,56.0
002986.jpg,sheep,125.0,92.0,71.0,95.0
002986.jpg,sheep,136.0,49.0,20.0,20.0
002986.jpg,sheep,70.0,27.0,50.0,54.0
002986.jpg,sheep,23.0,12.0,44.0,23.0
002986.jpg,sheep,195.0,22.0,46.0,42.0
002986.jpg,sheep,115.0,19.0,42.0,37.0
002986.jpg,sheep,150.0,19.0,30.0,36.0
002987.jpg,bus,112.0,112.0,224.0,222.0
002987.jpg,person,101.0,165.0,87.0,118.0
002988.jpg,person,115.0,105.0,135.0,189.0
002989.jpg,tvmonitor,139.0,119.0,26.0,37.0
002989.jpg,chair,215.0,166.0,17.0,71.0
002989.jpg,chair,210.0,153.0,29.0,86.0
002989.jpg,chair,168.0,184.0,61.0,81.0
002989.jpg,chair,62.0,149.0,52.0,59.0
002989.jpg,sofa,113.0,123.0,29.0,28.0
002989.jpg,sofa,32.0,177.0,64.0,94.0
002990.jpg,cow,71.0,153.0,45.0,97.0
002990.jpg,person,103.0,145.0,27.0,78.0
002992.jpg,bicycle,116.0,140.0,192.0,99.0
002992.jpg,person,116.0,101.0,141.0,120.0
002994.jpg,car,106.0,185.0,65.0,35.0
002994.jpg,car,48.0,182.0,36.0,27.0
002995.jpg,cat,108.0,117.0,215.0,213.0
003000.jpg,aeroplane,106.0,94.0,38.0,34.0
003002.jpg,pottedplant,36.0,107.0,70.0,134.0
003002.jpg,person,131.0,117.0,117.0,141.0
003003.jpg,person,123.0,154.0,67.0,141.0
003003.jpg,person,189.0,151.0,70.0,146.0
003003.jpg,person,28.0,156.0,31.0,96.0
003003.jpg,person,7.0,147.0,14.0,87.0
003004.jpg,cat,20.0,100.0,12.0,23.0
003004.jpg,sofa,116.0,131.0,215.0,136.0
003004.jpg,chair,196.0,64.0,27.0,54.0
003004.jpg,chair,214.0,58.0,21.0,53.0
003004.jpg,pottedplant,180.0,23.0,23.0,24.0
003005.jpg,sofa,56.0,154.0,108.0,130.0
003005.jpg,tvmonitor,118.0,67.0,31.0,36.0
003005.jpg,chair,193.0,133.0,31.0,44.0
003007.jpg,car,118.0,101.0,211.0,198.0
003008.jpg,boat,106.0,92.0,23.0,13.0
003009.jpg,car,117.0,149.0,112.0,31.0
003011.jpg,diningtable,54.0,202.0,106.0,43.0
003011.jpg,chair,15.0,175.0,30.0,28.0
003011.jpg,chair,76.0,199.0,70.0,50.0
003011.jpg,sofa,131.0,134.0,84.0,39.0
003011.jpg,sofa,168.0,177.0,91.0,93.0
003011.jpg,chair,182.0,123.0,12.0,14.0
003011.jpg,tvmonitor,40.0,115.0,48.0,61.0
003011.jpg,tvmonitor,103.0,102.0,17.0,24.0
003013.jpg,car,116.0,122.0,155.0,104.0
003015.jpg,horse,102.0,103.0,41.0,54.0
003017.jpg,horse,133.0,151.0,141.0,133.0
003017.jpg,person,108.0,120.0,60.0,97.0
003021.jpg,bus,113.0,104.0,202.0,157.0
003023.jpg,chair,182.0,197.0,30.0,55.0
003023.jpg,person,83.0,129.0,132.0,190.0
003023.jpg,person,35.0,156.0,68.0,93.0
003024.jpg,sofa,35.0,127.0,65.0,98.0
003024.jpg,pottedplant,74.0,64.0,33.0,125.0
003024.jpg,pottedplant,105.0,72.0,20.0,75.0
003024.jpg,tvmonitor,125.0,102.0,11.0,41.0
003024.jpg,tvmonitor,123.0,78.0,5.0,19.0
003024.jpg,chair,150.0,115.0,14.0,52.0
003024.jpg,pottedplant,107.0,51.0,15.0,36.0
003024.jpg,bicycle,213.0,147.0,21.0,87.0
003024.jpg,person,138.0,104.0,16.0,48.0
003027.jpg,car,111.0,105.0,100.0,80.0
003027.jpg,horse,125.0,135.0,121.0,138.0
003027.jpg,person,101.0,89.0,32.0,98.0
003028.jpg,aeroplane,112.0,112.0,223.0,168.0
003031.jpg,cat,112.0,121.0,218.0,135.0
003031.jpg,person,181.0,51.0,85.0,97.0
003032.jpg,aeroplane,113.0,96.0,196.0,85.0
003032.jpg,car,69.0,167.0,20.0,32.0
003032.jpg,car,32.0,171.0,64.0,54.0
003034.jpg,diningtable,66.0,196.0,132.0,57.0
003034.jpg,sofa,24.0,120.0,24.0,27.0
003034.jpg,pottedplant,167.0,93.0,16.0,19.0
003034.jpg,chair,172.0,164.0,74.0,120.0
003034.jpg,chair,109.0,116.0,11.0,15.0
003034.jpg,person,164.0,159.0,56.0,78.0
003034.jpg,person,67.0,121.0,98.0,125.0
003038.jpg,train,82.0,130.0,61.0,118.0
003039.jpg,person,93.0,122.0,45.0,167.0
003039.jpg,person,132.0,128.0,42.0,167.0
003042.jpg,chair,29.0,88.0,32.0,39.0
003042.jpg,chair,95.0,97.0,31.0,36.0
003042.jpg,diningtable,28.0,72.0,53.0,32.0
003042.jpg,diningtable,110.0,82.0,68.0,44.0
003042.jpg,diningtable,114.0,165.0,138.0,107.0
003042.jpg,diningtable,184.0,94.0,79.0,45.0
003042.jpg,person,69.0,113.0,59.0,125.0
003042.jpg,person,183.0,134.0,78.0,177.0
003042.jpg,chair,37.0,157.0,42.0,96.0
003042.jpg,person,67.0,29.0,16.0,43.0
003044.jpg,person,55.0,207.0,14.0,33.0
003044.jpg,person,64.0,207.0,13.0,31.0
003044.jpg,pottedplant,15.0,205.0,26.0,17.0
003044.jpg,pottedplant,72.0,200.0,27.0,28.0
003044.jpg,pottedplant,166.0,197.0,23.0,22.0
003045.jpg,cat,146.0,90.0,155.0,116.0
003047.jpg,bicycle,183.0,80.0,23.0,65.0
003047.jpg,bicycle,144.0,77.0,40.0,51.0
003047.jpg,bicycle,101.0,72.0,32.0,48.0
003051.jpg,car,70.0,97.0,113.0,84.0
003053.jpg,train,164.0,139.0,75.0,39.0
003053.jpg,train,40.0,145.0,33.0,38.0
003053.jpg,car,213.0,150.0,15.0,18.0
003054.jpg,sofa,80.0,148.0,140.0,102.0
003054.jpg,car,192.0,98.0,27.0,26.0
003056.jpg,diningtable,144.0,176.0,42.0,47.0
003056.jpg,chair,122.0,171.0,12.0,51.0
003056.jpg,chair,131.0,173.0,13.0,49.0
003056.jpg,chair,161.0,154.0,6.0,6.0
003056.jpg,bottle,154.0,147.0,11.0,8.0
003056.jpg,bottle,153.0,162.0,12.0,11.0
003056.jpg,bottle,153.0,176.0,13.0,12.0
003056.jpg,bottle,152.0,190.0,13.0,12.0
003056.jpg,bottle,168.0,186.0,14.0,32.0
003056.jpg,bottle,169.0,213.0,16.0,23.0
003056.jpg,bottle,151.0,215.0,12.0,18.0
003056.jpg,sofa,45.0,171.0,34.0,50.0
003056.jpg,chair,32.0,149.0,23.0,20.0
003057.jpg,motorbike,120.0,120.0,116.0,142.0
003057.jpg,person,123.0,110.0,124.0,129.0
003057.jpg,car,44.0,77.0,84.0,46.0
003058.jpg,person,112.0,112.0,222.0,223.0
003061.jpg,chair,164.0,78.0,72.0,141.0
003061.jpg,chair,79.0,62.0,74.0,89.0
003061.jpg,chair,218.0,103.0,13.0,89.0
003063.jpg,person,103.0,111.0,142.0,213.0
003063.jpg,sofa,112.0,96.0,220.0,154.0
003064.jpg,person,88.0,135.0,81.0,178.0
003065.jpg,boat,98.0,173.0,136.0,32.0
003065.jpg,boat,111.0,129.0,22.0,6.0
003065.jpg,person,124.0,153.0,22.0,28.0
003065.jpg,person,96.0,156.0,17.0,25.0
003065.jpg,person,114.0,126.0,4.0,6.0
003065.jpg,person,108.0,126.0,3.0,5.0
003066.jpg,bird,88.0,116.0,52.0,53.0
003072.jpg,bird,124.0,124.0,63.0,172.0
003074.jpg,bird,146.0,122.0,25.0,20.0
003074.jpg,bird,104.0,139.0,24.0,20.0
003074.jpg,bird,77.0,157.0,22.0,20.0
003074.jpg,bird,37.0,182.0,26.0,19.0
003077.jpg,sofa,72.0,146.0,71.0,72.0
003077.jpg,chair,171.0,136.0,53.0,68.0
003077.jpg,chair,133.0,138.0,42.0,67.0
003077.jpg,person,51.0,144.0,37.0,101.0
003077.jpg,person,87.0,144.0,38.0,96.0
003077.jpg,person,127.0,133.0,34.0,94.0
003077.jpg,person,176.0,134.0,37.0,86.0
003078.jpg,chair,20.0,99.0,27.0,36.0
003078.jpg,chair,41.0,95.0,16.0,34.0
003078.jpg,chair,155.0,116.0,38.0,52.0
003078.jpg,chair,217.0,111.0,14.0,53.0
003078.jpg,chair,194.0,108.0,29.0,48.0
003078.jpg,chair,166.0,104.0,26.0,47.0
003078.jpg,person,190.0,97.0,40.0,71.0
003078.jpg,person,165.0,96.0,25.0,60.0
003078.jpg,person,92.0,115.0,105.0,213.0
003078.jpg,person,120.0,111.0,64.0,209.0
003082.jpg,bird,108.0,129.0,39.0,54.0
003082.jpg,bird,100.0,165.0,72.0,74.0
003083.jpg,car,215.0,209.0,19.0,11.0
003083.jpg,bus,193.0,203.0,63.0,24.0
003085.jpg,cat,112.0,103.0,69.0,110.0
003086.jpg,person,162.0,154.0,37.0,120.0
003088.jpg,bottle,58.0,190.0,21.0,58.0
003088.jpg,person,89.0,131.0,117.0,185.0
003088.jpg,person,111.0,90.0,34.0,72.0
003089.jpg,motorbike,67.0,141.0,50.0,91.0
003089.jpg,motorbike,144.0,137.0,116.0,174.0
003089.jpg,person,98.0,118.0,64.0,194.0
003090.jpg,train,85.0,105.0,99.0,58.0
003092.jpg,car,133.0,98.0,128.0,135.0
003093.jpg,pottedplant,76.0,164.0,9.0,49.0
003093.jpg,pottedplant,69.0,161.0,13.0,61.0
003093.jpg,pottedplant,172.0,161.0,12.0,56.0
003094.jpg,car,116.0,97.0,215.0,154.0
003098.jpg,boat,97.0,139.0,190.0,169.0
003098.jpg,boat,139.0,203.0,36.0,29.0
003098.jpg,boat,186.0,185.0,76.0,78.0
003100.jpg,person,88.0,146.0,25.0,62.0
003100.jpg,dog,63.0,177.0,71.0,40.0
003100.jpg,dog,144.0,174.0,41.0,33.0
003100.jpg,dog,135.0,158.0,31.0,26.0
003100.jpg,dog,107.0,179.0,42.0,26.0
003102.jpg,person,108.0,88.0,136.0,148.0
003102.jpg,bicycle,102.0,148.0,123.0,117.0
003103.jpg,car,112.0,124.0,183.0,121.0
003105.jpg,cow,88.0,110.0,138.0,145.0
003105.jpg,cow,158.0,135.0,94.0,118.0
003106.jpg,cat,137.0,168.0,88.0,51.0
003106.jpg,person,131.0,116.0,97.0,214.0
003107.jpg,person,93.0,141.0,184.0,165.0
003108.jpg,sofa,160.0,112.0,128.0,173.0
003108.jpg,bottle,168.0,187.0,11.0,48.0
003110.jpg,dog,109.0,123.0,28.0,87.0
003110.jpg,dog,69.0,107.0,30.0,79.0
003112.jpg,bird,105.0,105.0,64.0,122.0
003116.jpg,bird,131.0,131.0,173.0,186.0
003117.jpg,car,132.0,122.0,129.0,174.0
003118.jpg,bird,110.0,43.0,35.0,59.0
003118.jpg,bird,184.0,125.0,45.0,45.0
003118.jpg,bird,150.0,142.0,34.0,50.0
003118.jpg,person,116.0,137.0,119.0,175.0
003118.jpg,person,187.0,181.0,49.0,85.0
003120.jpg,tvmonitor,113.0,111.0,26.0,28.0
003120.jpg,diningtable,196.0,196.0,56.0,57.0
003120.jpg,chair,187.0,172.0,15.0,23.0
003120.jpg,chair,94.0,172.0,37.0,56.0
003120.jpg,sofa,39.0,162.0,65.0,67.0
003121.jpg,horse,64.0,117.0,125.0,213.0
003121.jpg,person,155.0,129.0,122.0,190.0
003121.jpg,person,217.0,169.0,14.0,110.0
003121.jpg,person,208.0,130.0,23.0,64.0
003122.jpg,bottle,27.0,181.0,50.0,45.0
003122.jpg,bottle,190.0,171.0,11.0,38.0
003122.jpg,person,50.0,135.0,71.0,177.0
003122.jpg,person,118.0,137.0,79.0,173.0
003122.jpg,person,181.0,132.0,86.0,183.0
003124.jpg,motorbike,118.0,106.0,189.0,177.0
003124.jpg,person,202.0,47.0,44.0,94.0
003124.jpg,person,157.0,38.0,39.0,73.0
003124.jpg,person,11.0,36.0,21.0,70.0
003124.jpg,person,29.0,28.0,20.0,54.0
003124.jpg,motorbike,90.0,38.0,87.0,70.0
003124.jpg,person,105.0,36.0,39.0,72.0
003126.jpg,bird,92.0,121.0,66.0,55.0
003127.jpg,cat,112.0,105.0,222.0,208.0
003129.jpg,chair,182.0,198.0,84.0,52.0
003129.jpg,chair,146.0,148.0,41.0,24.0
003129.jpg,chair,131.0,139.0,26.0,24.0
003129.jpg,person,74.0,131.0,146.0,186.0
003129.jpg,person,193.0,140.0,62.0,68.0
003129.jpg,person,211.0,110.0,26.0,75.0
003129.jpg,person,171.0,125.0,26.0,56.0
003129.jpg,person,153.0,116.0,20.0,30.0
003129.jpg,person,129.0,119.0,32.0,42.0
003129.jpg,person,4.0,116.0,8.0,60.0
003129.jpg,person,47.0,114.0,9.0,27.0
003129.jpg,person,36.0,116.0,7.0,30.0
003129.jpg,person,28.0,116.0,8.0,29.0
003133.jpg,aeroplane,105.0,90.0,181.0,106.0
003134.jpg,person,56.0,123.0,54.0,141.0
003134.jpg,person,103.0,109.0,63.0,130.0
003134.jpg,person,169.0,112.0,95.0,223.0
003135.jpg,train,112.0,116.0,222.0,97.0
003137.jpg,bus,91.0,106.0,181.0,158.0
003138.jpg,person,146.0,135.0,108.0,179.0
003138.jpg,person,32.0,147.0,64.0,152.0
003138.jpg,person,188.0,102.0,30.0,59.0
003140.jpg,person,174.0,121.0,100.0,207.0
003140.jpg,person,80.0,137.0,146.0,173.0
003142.jpg,bicycle,102.0,114.0,157.0,182.0
003145.jpg,person,82.0,120.0,150.0,208.0
003145.jpg,person,183.0,124.0,83.0,201.0
003146.jpg,pottedplant,58.0,141.0,77.0,99.0
003147.jpg,dog,116.0,136.0,95.0,76.0
003147.jpg,person,43.0,95.0,38.0,144.0
003149.jpg,bottle,50.0,97.0,36.0,151.0
003149.jpg,bottle,109.0,27.0,58.0,35.0
003149.jpg,bottle,82.0,62.0,34.0,96.0
003149.jpg,bottle,99.0,81.0,68.0,107.0
003149.jpg,bottle,142.0,59.0,64.0,59.0
003149.jpg,bottle,133.0,108.0,149.0,179.0
003149.jpg,bottle,120.0,179.0,114.0,90.0
003150.jpg,person,147.0,123.0,121.0,161.0
003150.jpg,person,82.0,69.0,67.0,86.0
003150.jpg,person,30.0,101.0,59.0,139.0
003150.jpg,sofa,68.0,102.0,135.0,122.0
003154.jpg,bus,141.0,121.0,137.0,119.0
003155.jpg,bird,107.0,121.0,208.0,134.0
003157.jpg,tvmonitor,131.0,54.0,99.0,57.0
003159.jpg,person,182.0,124.0,55.0,144.0
003159.jpg,person,57.0,122.0,65.0,123.0
003159.jpg,person,10.0,112.0,19.0,146.0
003159.jpg,bottle,129.0,157.0,10.0,42.0
003159.jpg,bottle,121.0,146.0,10.0,42.0
003159.jpg,bottle,95.0,203.0,14.0,41.0
003161.jpg,sheep,189.0,148.0,25.0,81.0
003161.jpg,sheep,159.0,157.0,23.0,73.0
003161.jpg,sheep,110.0,153.0,23.0,77.0
003161.jpg,sheep,89.0,150.0,23.0,78.0
003161.jpg,dog,60.0,131.0,20.0,43.0
003162.jpg,motorbike,114.0,136.0,205.0,163.0
003162.jpg,person,105.0,72.0,107.0,130.0
003163.jpg,bus,111.0,116.0,172.0,132.0
003164.jpg,train,118.0,106.0,212.0,160.0
003165.jpg,car,109.0,111.0,160.0,157.0
003169.jpg,cat,118.0,133.0,188.0,131.0
003169.jpg,sofa,56.0,82.0,111.0,88.0
003170.jpg,sheep,188.0,148.0,34.0,43.0
003170.jpg,sheep,163.0,151.0,17.0,34.0
003170.jpg,sheep,152.0,148.0,14.0,26.0
003170.jpg,sheep,53.0,142.0,43.0,44.0
003170.jpg,person,21.0,113.0,25.0,82.0
003170.jpg,person,65.0,109.0,31.0,47.0
003170.jpg,person,75.0,128.0,20.0,58.0
003170.jpg,person,88.0,128.0,19.0,57.0
003170.jpg,person,100.0,128.0,16.0,52.0
003170.jpg,person,104.0,108.0,33.0,46.0
003175.jpg,bicycle,99.0,184.0,196.0,79.0
003175.jpg,person,113.0,134.0,212.0,179.0
003176.jpg,car,127.0,106.0,88.0,68.0
003177.jpg,dog,128.0,98.0,192.0,194.0
003178.jpg,train,108.0,122.0,152.0,78.0
003181.jpg,bottle,138.0,123.0,19.0,77.0
003181.jpg,bottle,173.0,137.0,26.0,87.0
003181.jpg,person,61.0,109.0,120.0,180.0
003181.jpg,person,15.0,24.0,29.0,45.0
003183.jpg,aeroplane,104.0,110.0,10.0,9.0
003184.jpg,cat,112.0,134.0,223.0,180.0
003184.jpg,cat,129.0,131.0,127.0,169.0
003185.jpg,person,123.0,134.0,38.0,66.0
003185.jpg,person,164.0,136.0,48.0,70.0
003185.jpg,chair,178.0,208.0,55.0,32.0
003185.jpg,chair,24.0,213.0,36.0,22.0
003185.jpg,bottle,205.0,172.0,22.0,93.0
003185.jpg,bottle,180.0,151.0,11.0,48.0
003185.jpg,person,75.0,134.0,56.0,180.0
003185.jpg,person,34.0,132.0,37.0,185.0
003186.jpg,sofa,48.0,154.0,95.0,80.0
003186.jpg,chair,144.0,129.0,23.0,44.0
003186.jpg,chair,108.0,131.0,19.0,36.0
003186.jpg,pottedplant,127.0,102.0,17.0,20.0
003188.jpg,bicycle,84.0,149.0,119.0,149.0
003188.jpg,person,155.0,113.0,80.0,222.0
003189.jpg,horse,109.0,113.0,47.0,73.0
003189.jpg,person,111.0,76.0,62.0,103.0
003189.jpg,pottedplant,109.0,180.0,45.0,67.0
003189.jpg,pottedplant,87.0,142.0,35.0,28.0
003189.jpg,pottedplant,56.0,141.0,24.0,40.0
003194.jpg,dog,84.0,106.0,167.0,190.0
003195.jpg,bus,109.0,143.0,69.0,85.0
003195.jpg,car,179.0,167.0,66.0,28.0
003199.jpg,bird,112.0,123.0,113.0,195.0
003200.jpg,aeroplane,150.0,142.0,109.0,37.0
003200.jpg,aeroplane,51.0,105.0,102.0,130.0
003202.jpg,diningtable,140.0,101.0,43.0,48.0
003202.jpg,chair,164.0,97.0,29.0,52.0
003202.jpg,chair,105.0,124.0,55.0,81.0
003202.jpg,pottedplant,34.0,110.0,45.0,80.0
003202.jpg,pottedplant,207.0,184.0,34.0,79.0
003204.jpg,tvmonitor,101.0,148.0,47.0,62.0
003205.jpg,person,112.0,101.0,187.0,134.0
003205.jpg,chair,112.0,138.0,209.0,125.0
003207.jpg,bottle,64.0,36.0,17.0,65.0
003207.jpg,bottle,51.0,43.0,17.0,37.0
003207.jpg,bottle,40.0,75.0,17.0,73.0
003207.jpg,bottle,56.0,83.0,22.0,87.0
003207.jpg,bottle,17.0,86.0,22.0,76.0
003207.jpg,bottle,80.0,118.0,23.0,82.0
003207.jpg,bottle,107.0,109.0,20.0,81.0
003207.jpg,bottle,127.0,133.0,22.0,85.0
003207.jpg,bottle,149.0,127.0,22.0,84.0
003207.jpg,bottle,170.0,136.0,26.0,84.0
003210.jpg,horse,99.0,123.0,140.0,179.0
003210.jpg,person,102.0,74.0,80.0,100.0
003211.jpg,pottedplant,164.0,146.0,54.0,146.0
003211.jpg,pottedplant,159.0,141.0,18.0,75.0
003211.jpg,pottedplant,101.0,144.0,18.0,55.0
003213.jpg,person,174.0,47.0,98.0,92.0
003213.jpg,person,16.0,115.0,32.0,158.0
003213.jpg,cat,79.0,128.0,157.0,192.0
003214.jpg,car,163.0,108.0,119.0,46.0
003214.jpg,car,123.0,110.0,62.0,39.0
003214.jpg,car,94.0,111.0,38.0,30.0
003214.jpg,car,78.0,111.0,34.0,28.0
003214.jpg,car,65.0,112.0,35.0,27.0
003214.jpg,car,54.0,112.0,33.0,24.0
003214.jpg,car,43.0,116.0,26.0,16.0
003216.jpg,dog,115.0,121.0,110.0,142.0
003216.jpg,chair,66.0,29.0,132.0,57.0
003218.jpg,bicycle,117.0,139.0,23.0,62.0
003218.jpg,bicycle,207.0,142.0,21.0,66.0
003218.jpg,bicycle,136.0,133.0,19.0,53.0
003218.jpg,bicycle,151.0,122.0,11.0,51.0
003218.jpg,bicycle,89.0,152.0,23.0,68.0
003218.jpg,bicycle,45.0,102.0,15.0,34.0
003218.jpg,person,204.0,112.0,23.0,99.0
003218.jpg,person,115.0,107.0,22.0,87.0
003218.jpg,person,134.0,105.0,19.0,75.0
003218.jpg,person,44.0,87.0,14.0,52.0
003218.jpg,person,144.0,80.0,15.0,43.0
003218.jpg,person,162.0,95.0,14.0,76.0
003218.jpg,person,173.0,91.0,9.0,74.0
003218.jpg,person,210.0,71.0,13.0,43.0
003218.jpg,person,154.0,90.0,13.0,70.0
003218.jpg,person,26.0,112.0,20.0,105.0
003218.jpg,person,64.0,80.0,10.0,50.0
003218.jpg,person,13.0,103.0,16.0,99.0
003218.jpg,person,110.0,61.0,4.0,13.0
003218.jpg,person,104.0,55.0,5.0,12.0
003218.jpg,person,100.0,65.0,9.0,26.0
003218.jpg,person,92.0,63.0,5.0,9.0
003218.jpg,person,73.0,81.0,8.0,52.0
003218.jpg,person,55.0,81.0,12.0,49.0
003218.jpg,person,46.0,60.0,7.0,16.0
003218.jpg,person,4.0,78.0,7.0,27.0
003219.jpg,diningtable,117.0,148.0,215.0,151.0
003219.jpg,bottle,75.0,70.0,11.0,26.0
003219.jpg,chair,191.0,78.0,45.0,45.0
003219.jpg,chair,7.0,108.0,13.0,43.0
003219.jpg,chair,5.0,177.0,9.0,65.0
003223.jpg,boat,109.0,118.0,56.0,31.0
003228.jpg,car,157.0,97.0,40.0,53.0
003228.jpg,person,209.0,97.0,13.0,42.0
003228.jpg,dog,20.0,186.0,31.0,66.0
003228.jpg,bus,49.0,80.0,96.0,110.0
003228.jpg,bus,112.0,83.0,40.0,52.0
003228.jpg,person,183.0,89.0,5.0,14.0
003228.jpg,person,138.0,87.0,4.0,14.0
003228.jpg,person,133.0,91.0,4.0,14.0
003229.jpg,aeroplane,175.0,115.0,39.0,38.0
003231.jpg,car,61.0,142.0,77.0,43.0
003233.jpg,aeroplane,112.0,126.0,223.0,159.0
003236.jpg,person,153.0,181.0,30.0,44.0
003236.jpg,person,11.0,101.0,21.0,28.0
003236.jpg,sofa,166.0,85.0,115.0,168.0
003239.jpg,chair,171.0,134.0,59.0,76.0
003239.jpg,pottedplant,49.0,170.0,23.0,52.0
003240.jpg,car,167.0,94.0,114.0,61.0
003240.jpg,car,39.0,204.0,77.0,39.0
003240.jpg,bicycle,48.0,169.0,37.0,34.0
003240.jpg,car,45.0,7.0,84.0,13.0
003242.jpg,bird,101.0,119.0,41.0,62.0
003243.jpg,car,84.0,126.0,31.0,19.0
003243.jpg,car,177.0,128.0,28.0,18.0
003244.jpg,train,112.0,116.0,223.0,62.0
003247.jpg,person,144.0,103.0,53.0,190.0
003247.jpg,person,95.0,109.0,48.0,183.0
003247.jpg,bottle,160.0,96.0,8.0,22.0
003247.jpg,bottle,155.0,98.0,4.0,21.0
003247.jpg,bottle,170.0,97.0,5.0,18.0
003247.jpg,bottle,41.0,105.0,5.0,16.0
003247.jpg,bottle,72.0,103.0,5.0,16.0
003250.jpg,bird,118.0,120.0,81.0,208.0
003253.jpg,dog,58.0,138.0,108.0,145.0
003253.jpg,dog,182.0,84.0,84.0,148.0
003253.jpg,person,112.0,111.0,224.0,221.0
003254.jpg,bird,114.0,101.0,41.0,44.0
003255.jpg,sofa,119.0,143.0,209.0,162.0
003256.jpg,car,108.0,72.0,76.0,41.0
003256.jpg,bird,116.0,147.0,13.0,23.0
003258.jpg,sofa,157.0,179.0,134.0,91.0
003258.jpg,tvmonitor,105.0,101.0,20.0,26.0
003259.jpg,bottle,217.0,194.0,15.0,61.0
003259.jpg,diningtable,112.0,204.0,223.0,40.0
003259.jpg,person,88.0,118.0,90.0,165.0
003259.jpg,chair,27.0,146.0,45.0,53.0
003259.jpg,chair,17.0,115.0,29.0,21.0
003259.jpg,chair,56.0,112.0,18.0,18.0
003260.jpg,tvmonitor,202.0,69.0,45.0,39.0
003260.jpg,person,42.0,114.0,69.0,175.0
003260.jpg,person,110.0,114.0,57.0,159.0
003260.jpg,person,154.0,111.0,51.0,158.0
003261.jpg,car,102.0,112.0,9.0,12.0
003261.jpg,person,46.0,112.0,92.0,223.0
003261.jpg,person,177.0,172.0,94.0,104.0
003261.jpg,person,46.0,112.0,91.0,223.0
003262.jpg,bottle,116.0,94.0,72.0,176.0
003269.jpg,bottle,192.0,112.0,63.0,222.0
003269.jpg,bottle,129.0,112.0,63.0,222.0
003269.jpg,bottle,61.0,112.0,74.0,223.0
003269.jpg,bottle,12.0,112.0,23.0,223.0
003270.jpg,bird,100.0,129.0,94.0,151.0
003270.jpg,person,98.0,118.0,62.0,211.0
003271.jpg,car,114.0,121.0,191.0,148.0
003272.jpg,cat,148.0,144.0,93.0,128.0
003273.jpg,bird,133.0,87.0,98.0,81.0
003274.jpg,dog,100.0,94.0,67.0,97.0
003279.jpg,sofa,151.0,99.0,146.0,104.0
003280.jpg,person,135.0,132.0,173.0,184.0
003282.jpg,person,158.0,139.0,132.0,118.0
003282.jpg,person,113.0,116.0,223.0,215.0
003284.jpg,boat,172.0,160.0,54.0,56.0
003284.jpg,pottedplant,174.0,123.0,47.0,24.0
003284.jpg,chair,53.0,188.0,52.0,72.0
003284.jpg,diningtable,26.0,195.0,52.0,58.0
003284.jpg,person,66.0,162.0,77.0,119.0
003284.jpg,sofa,211.0,190.0,26.0,67.0
003284.jpg,dog,177.0,202.0,44.0,43.0
003285.jpg,car,49.0,150.0,74.0,112.0
003285.jpg,car,126.0,117.0,44.0,25.0
003285.jpg,car,151.0,130.0,79.0,41.0
003290.jpg,horse,144.0,122.0,74.0,141.0
003290.jpg,horse,83.0,127.0,57.0,79.0
003290.jpg,person,92.0,99.0,22.0,76.0
003290.jpg,person,160.0,82.0,41.0,131.0
003290.jpg,horse,119.0,141.0,26.0,72.0
003290.jpg,person,134.0,63.0,13.0,18.0
003292.jpg,person,21.0,133.0,19.0,53.0
003292.jpg,person,37.0,154.0,17.0,68.0
003292.jpg,person,179.0,167.0,22.0,78.0
003292.jpg,person,111.0,133.0,65.0,183.0
003293.jpg,dog,113.0,131.0,223.0,185.0
003294.jpg,horse,121.0,128.0,206.0,192.0
003296.jpg,person,57.0,129.0,112.0,189.0
003296.jpg,person,161.0,129.0,126.0,189.0
003299.jpg,aeroplane,112.0,88.0,223.0,172.0
003300.jpg,sofa,175.0,142.0,54.0,63.0
003300.jpg,sofa,58.0,123.0,39.0,33.0
003300.jpg,sofa,62.0,165.0,51.0,68.0
003300.jpg,diningtable,156.0,194.0,109.0,60.0
003300.jpg,chair,199.0,166.0,33.0,44.0
003300.jpg,chair,110.0,158.0,26.0,33.0
003300.jpg,chair,103.0,196.0,34.0,57.0
003300.jpg,tvmonitor,114.0,101.0,22.0,25.0
003301.jpg,person,82.0,126.0,78.0,196.0
003301.jpg,dog,76.0,165.0,59.0,66.0
003301.jpg,chair,87.0,176.0,87.0,96.0
003301.jpg,pottedplant,25.0,141.0,47.0,134.0
003303.jpg,person,162.0,108.0,57.0,60.0
003303.jpg,person,71.0,104.0,59.0,64.0
003303.jpg,horse,159.0,125.0,32.0,60.0
003303.jpg,horse,71.0,125.0,36.0,53.0
003303.jpg,horse,185.0,112.0,13.0,17.0
003307.jpg,horse,103.0,105.0,202.0,166.0
003308.jpg,cat,129.0,36.0,50.0,21.0
003308.jpg,chair,57.0,174.0,102.0,100.0
003311.jpg,bus,118.0,119.0,123.0,76.0
003311.jpg,person,181.0,137.0,6.0,26.0
003311.jpg,person,187.0,136.0,7.0,26.0
003311.jpg,person,77.0,94.0,6.0,17.0
003311.jpg,person,82.0,97.0,5.0,11.0
003311.jpg,person,108.0,97.0,4.0,8.0
003311.jpg,person,148.0,95.0,6.0,9.0
003313.jpg,car,136.0,105.0,110.0,68.0
003313.jpg,person,159.0,31.0,13.0,56.0
003313.jpg,person,154.0,16.0,13.0,31.0
003313.jpg,person,134.0,16.0,14.0,31.0
003313.jpg,person,133.0,89.0,11.0,18.0
003316.jpg,bird,137.0,126.0,90.0,127.0
003316.jpg,bird,41.0,40.0,35.0,33.0
003316.jpg,bird,100.0,26.0,43.0,39.0
003320.jpg,person,184.0,139.0,70.0,170.0
003320.jpg,person,127.0,140.0,69.0,168.0
003320.jpg,person,42.0,136.0,82.0,176.0
003320.jpg,person,100.0,124.0,12.0,35.0
003320.jpg,person,84.0,125.0,7.0,27.0
003320.jpg,person,14.0,128.0,19.0,39.0
003320.jpg,person,137.0,107.0,16.0,30.0
003325.jpg,dog,54.0,115.0,87.0,216.0
003325.jpg,dog,186.0,150.0,75.0,148.0
003327.jpg,motorbike,124.0,114.0,140.0,198.0
003327.jpg,person,199.0,60.0,50.0,117.0
003327.jpg,person,98.0,20.0,37.0,40.0
003327.jpg,person,133.0,9.0,13.0,18.0
003330.jpg,bird,144.0,115.0,48.0,102.0
003330.jpg,bird,90.0,73.0,32.0,51.0
003331.jpg,car,106.0,123.0,68.0,58.0
003331.jpg,car,210.0,105.0,28.0,30.0
003331.jpg,car,65.0,110.0,40.0,24.0
003331.jpg,car,141.0,104.0,32.0,22.0
003331.jpg,car,202.0,92.0,26.0,22.0
003331.jpg,person,158.0,91.0,5.0,23.0
003331.jpg,person,153.0,90.0,5.0,22.0
003331.jpg,person,98.0,108.0,9.0,10.0
003331.jpg,person,119.0,106.0,10.0,11.0
003335.jpg,chair,35.0,132.0,34.0,65.0
003335.jpg,chair,199.0,134.0,49.0,72.0
003335.jpg,chair,74.0,129.0,27.0,52.0
003335.jpg,person,127.0,122.0,86.0,174.0
003335.jpg,person,76.0,97.0,41.0,97.0
003335.jpg,person,95.0,143.0,69.0,67.0
003335.jpg,chair,210.0,150.0,28.0,82.0
003336.jpg,motorbike,55.0,130.0,107.0,188.0
003336.jpg,motorbike,159.0,33.0,57.0,42.0
003336.jpg,motorbike,88.0,35.0,46.0,36.0
003337.jpg,boat,98.0,106.0,132.0,38.0
003337.jpg,boat,117.0,118.0,30.0,22.0
003338.jpg,bird,119.0,123.0,62.0,143.0
003339.jpg,dog,87.0,121.0,152.0,205.0
003343.jpg,dog,129.0,124.0,108.0,150.0
003344.jpg,car,124.0,138.0,124.0,97.0
003344.jpg,car,65.0,91.0,27.0,25.0
003344.jpg,person,40.0,123.0,27.0,127.0
003344.jpg,car,105.0,65.0,20.0,9.0
003344.jpg,car,120.0,65.0,21.0,9.0
003344.jpg,car,141.0,66.0,21.0,12.0
003344.jpg,car,153.0,66.0,16.0,12.0
003344.jpg,car,163.0,66.0,20.0,11.0
003344.jpg,car,183.0,67.0,26.0,17.0
003344.jpg,car,192.0,68.0,21.0,14.0
003344.jpg,car,208.0,68.0,26.0,19.0
003344.jpg,car,218.0,69.0,12.0,18.0
003349.jpg,bird,93.0,116.0,107.0,157.0
003350.jpg,diningtable,106.0,112.0,211.0,222.0
003350.jpg,person,191.0,62.0,66.0,122.0
003350.jpg,chair,211.0,95.0,26.0,59.0
003351.jpg,cat,139.0,128.0,135.0,158.0
003354.jpg,cow,78.0,101.0,73.0,100.0
003355.jpg,person,135.0,133.0,67.0,103.0
003355.jpg,car,73.0,82.0,144.0,160.0
003355.jpg,car,186.0,45.0,77.0,88.0
003355.jpg,car,158.0,76.0,119.0,82.0
003356.jpg,tvmonitor,109.0,116.0,129.0,157.0
003359.jpg,car,100.0,116.0,181.0,196.0
003359.jpg,car,189.0,78.0,71.0,113.0
003360.jpg,chair,15.0,109.0,28.0,79.0
003360.jpg,person,118.0,92.0,183.0,181.0
003360.jpg,dog,107.0,165.0,81.0,102.0
003362.jpg,horse,102.0,130.0,48.0,95.0
003362.jpg,person,104.0,91.0,55.0,123.0
003363.jpg,car,106.0,159.0,209.0,110.0
003363.jpg,car,213.0,123.0,23.0,14.0
003365.jpg,aeroplane,127.0,103.0,149.0,60.0
003367.jpg,person,9.0,128.0,17.0,47.0
003367.jpg,person,6.0,154.0,9.0,69.0
003367.jpg,motorbike,28.0,154.0,43.0,53.0
003367.jpg,pottedplant,166.0,130.0,16.0,60.0
003367.jpg,pottedplant,180.0,90.0,14.0,24.0
003367.jpg,pottedplant,195.0,89.0,11.0,26.0
003367.jpg,pottedplant,206.0,94.0,12.0,19.0
003367.jpg,pottedplant,218.0,94.0,9.0,19.0
003369.jpg,person,122.0,156.0,11.0,59.0
003369.jpg,person,107.0,157.0,12.0,57.0
003369.jpg,aeroplane,100.0,90.0,200.0,178.0
003369.jpg,tvmonitor,204.0,119.0,11.0,17.0
003370.jpg,train,101.0,124.0,57.0,123.0
003373.jpg,dog,151.0,146.0,94.0,101.0
003373.jpg,person,113.0,59.0,69.0,116.0
003374.jpg,tvmonitor,54.0,44.0,84.0,72.0
003374.jpg,pottedplant,117.0,62.0,20.0,41.0
003374.jpg,dog,104.0,149.0,82.0,150.0
003376.jpg,chair,74.0,191.0,46.0,66.0
003376.jpg,chair,191.0,175.0,52.0,99.0
003376.jpg,bottle,210.0,203.0,9.0,42.0
003376.jpg,person,111.0,147.0,49.0,154.0
003376.jpg,person,205.0,154.0,38.0,79.0
003377.jpg,bird,128.0,112.0,94.0,98.0
003379.jpg,car,107.0,110.0,153.0,67.0
003380.jpg,person,57.0,137.0,108.0,173.0
003380.jpg,person,167.0,120.0,114.0,208.0
003382.jpg,sheep,39.0,82.0,73.0,37.0
003382.jpg,sheep,43.0,151.0,83.0,107.0
003382.jpg,sheep,72.0,173.0,137.0,102.0
003382.jpg,person,156.0,147.0,137.0,153.0
003386.jpg,aeroplane,112.0,142.0,224.0,163.0
003386.jpg,person,16.0,61.0,9.0,40.0
003390.jpg,car,123.0,136.0,115.0,134.0
003390.jpg,car,39.0,90.0,22.0,62.0
003390.jpg,person,55.0,96.0,17.0,106.0
003390.jpg,person,14.0,133.0,27.0,182.0
003390.jpg,person,28.0,77.0,16.0,47.0
003391.jpg,person,69.0,179.0,30.0,91.0
003391.jpg,motorbike,76.0,195.0,83.0,58.0
003392.jpg,cat,142.0,113.0,162.0,222.0
003395.jpg,bicycle,118.0,158.0,143.0,126.0
003395.jpg,sofa,101.0,76.0,189.0,64.0
003395.jpg,person,121.0,115.0,143.0,108.0
003396.jpg,motorbike,87.0,135.0,162.0,160.0
003396.jpg,motorbike,130.0,132.0,87.0,166.0
003396.jpg,person,111.0,107.0,111.0,149.0
003396.jpg,person,160.0,65.0,63.0,83.0
003397.jpg,person,127.0,153.0,46.0,70.0
003397.jpg,car,61.0,146.0,109.0,91.0
003398.jpg,tvmonitor,114.0,117.0,181.0,205.0
003401.jpg,tvmonitor,123.0,115.0,25.0,61.0
003401.jpg,chair,47.0,168.0,77.0,112.0
003403.jpg,horse,127.0,112.0,190.0,166.0
003403.jpg,person,112.0,76.0,72.0,127.0
003404.jpg,boat,102.0,99.0,79.0,49.0
003406.jpg,person,179.0,119.0,52.0,194.0
003406.jpg,person,211.0,110.0,26.0,130.0
003406.jpg,car,112.0,113.0,223.0,221.0
003407.jpg,bus,88.0,116.0,176.0,112.0
003407.jpg,person,134.0,143.0,86.0,161.0
003407.jpg,bus,219.0,119.0,9.0,25.0
003407.jpg,bus,211.0,119.0,9.0,23.0
003407.jpg,bus,201.0,119.0,12.0,22.0
003407.jpg,bus,191.0,118.0,9.0,17.0
003407.jpg,bus,181.0,118.0,13.0,15.0
003407.jpg,bus,170.0,118.0,6.0,12.0
003407.jpg,person,185.0,126.0,4.0,11.0
003407.jpg,person,47.0,160.0,69.0,128.0
003408.jpg,sofa,179.0,189.0,90.0,69.0
003408.jpg,sofa,59.0,198.0,116.0,53.0
003410.jpg,cow,69.0,115.0,78.0,53.0
003412.jpg,motorbike,132.0,141.0,184.0,165.0
003412.jpg,person,156.0,112.0,136.0,169.0
003413.jpg,boat,172.0,165.0,51.0,48.0
003413.jpg,boat,150.0,178.0,55.0,21.0
003413.jpg,boat,127.0,131.0,25.0,119.0
003413.jpg,boat,73.0,106.0,86.0,178.0
003413.jpg,boat,29.0,185.0,20.0,17.0
003415.jpg,cat,156.0,66.0,136.0,129.0
003415.jpg,cat,103.0,158.0,92.0,132.0
003416.jpg,bird,165.0,57.0,14.0,28.0
003416.jpg,bird,217.0,113.0,14.0,30.0
003416.jpg,bird,201.0,68.0,17.0,25.0
003416.jpg,bird,104.0,105.0,34.0,38.0
003416.jpg,bird,75.0,157.0,18.0,73.0
003416.jpg,bird,127.0,119.0,18.0,47.0
003416.jpg,person,72.0,103.0,143.0,192.0
003417.jpg,train,101.0,114.0,185.0,116.0
003417.jpg,person,73.0,168.0,28.0,39.0
003417.jpg,person,14.0,195.0,27.0,46.0
003419.jpg,pottedplant,114.0,45.0,23.0,16.0
003419.jpg,pottedplant,81.0,60.0,21.0,16.0
003419.jpg,pottedplant,104.0,79.0,21.0,20.0
003419.jpg,pottedplant,69.0,81.0,26.0,38.0
003419.jpg,pottedplant,84.0,98.0,23.0,40.0
003419.jpg,pottedplant,111.0,121.0,40.0,71.0
003419.jpg,pottedplant,145.0,96.0,41.0,88.0
003419.jpg,pottedplant,183.0,139.0,48.0,99.0
003419.jpg,pottedplant,27.0,141.0,37.0,79.0
003419.jpg,pottedplant,6.0,170.0,11.0,72.0
003419.jpg,pottedplant,15.0,89.0,30.0,38.0
003419.jpg,pottedplant,15.0,108.0,28.0,33.0
003419.jpg,pottedplant,34.0,75.0,10.0,30.0
003419.jpg,pottedplant,27.0,82.0,11.0,24.0
003419.jpg,pottedplant,20.0,68.0,10.0,24.0
003419.jpg,pottedplant,20.0,36.0,16.0,36.0
003419.jpg,pottedplant,7.0,34.0,13.0,35.0
003419.jpg,pottedplant,215.0,143.0,18.0,74.0
003419.jpg,pottedplant,213.0,67.0,18.0,40.0
003419.jpg,pottedplant,213.0,102.0,22.0,34.0
003420.jpg,car,33.0,144.0,43.0,30.0
003420.jpg,car,70.0,144.0,41.0,27.0
003420.jpg,car,100.0,144.0,41.0,26.0
003420.jpg,car,129.0,144.0,41.0,22.0
003420.jpg,car,151.0,145.0,39.0,21.0
003420.jpg,car,175.0,147.0,35.0,19.0
003420.jpg,car,193.0,147.0,33.0,19.0
003420.jpg,car,207.0,146.0,26.0,16.0
003421.jpg,chair,122.0,184.0,115.0,80.0
003422.jpg,chair,86.0,125.0,42.0,35.0
003422.jpg,person,197.0,162.0,55.0,63.0
003422.jpg,person,156.0,114.0,89.0,84.0
003422.jpg,person,54.0,137.0,107.0,173.0
003422.jpg,diningtable,140.0,178.0,168.0,91.0
003424.jpg,horse,87.0,166.0,135.0,117.0
003424.jpg,person,146.0,182.0,155.0,84.0
003424.jpg,person,122.0,111.0,117.0,148.0
003425.jpg,dog,101.0,87.0,163.0,173.0
003429.jpg,person,122.0,58.0,57.0,93.0
003429.jpg,horse,123.0,88.0,132.0,101.0
003430.jpg,dog,113.0,135.0,92.0,117.0
003433.jpg,bicycle,59.0,148.0,97.0,147.0
003433.jpg,person,141.0,92.0,108.0,170.0
003433.jpg,chair,173.0,172.0,60.0,64.0
003435.jpg,person,169.0,118.0,110.0,213.0
003435.jpg,person,72.0,163.0,95.0,123.0
003436.jpg,horse,47.0,122.0,27.0,79.0
003436.jpg,horse,99.0,137.0,63.0,154.0
003436.jpg,horse,161.0,135.0,72.0,161.0
003436.jpg,pottedplant,206.0,124.0,15.0,33.0
003436.jpg,person,61.0,68.0,13.0,26.0
003436.jpg,person,99.0,52.0,22.0,35.0
003439.jpg,cow,153.0,159.0,70.0,79.0
003439.jpg,cow,82.0,129.0,86.0,139.0
003441.jpg,bus,108.0,111.0,122.0,105.0
003443.jpg,dog,65.0,98.0,76.0,82.0
003444.jpg,sofa,103.0,147.0,163.0,143.0
003449.jpg,tvmonitor,28.0,99.0,53.0,174.0
003449.jpg,bottle,106.0,160.0,42.0,32.0
003449.jpg,bottle,62.0,162.0,28.0,32.0
003449.jpg,tvmonitor,196.0,27.0,55.0,52.0
003450.jpg,person,101.0,138.0,37.0,132.0
003450.jpg,person,133.0,118.0,53.0,83.0
003450.jpg,person,83.0,131.0,45.0,68.0
003450.jpg,sofa,100.0,145.0,180.0,137.0
003450.jpg,pottedplant,188.0,73.0,54.0,79.0
003451.jpg,sofa,144.0,127.0,78.0,48.0
003451.jpg,chair,106.0,139.0,22.0,53.0
003451.jpg,tvmonitor,192.0,161.0,34.0,50.0
003451.jpg,bottle,7.0,160.0,8.0,29.0
003452.jpg,diningtable,115.0,173.0,115.0,77.0
003452.jpg,chair,167.0,185.0,102.0,77.0
003452.jpg,chair,51.0,156.0,20.0,59.0
003452.jpg,chair,86.0,174.0,77.0,78.0
003452.jpg,chair,87.0,128.0,28.0,17.0
003452.jpg,chair,155.0,133.0,23.0,21.0
003452.jpg,chair,193.0,140.0,32.0,23.0
003453.jpg,person,118.0,116.0,141.0,105.0
003453.jpg,sofa,128.0,134.0,190.0,164.0
003455.jpg,aeroplane,101.0,125.0,202.0,197.0
003455.jpg,person,100.0,81.0,13.0,20.0
003458.jpg,bird,152.0,133.0,141.0,158.0
003458.jpg,bird,82.0,146.0,141.0,149.0
003461.jpg,car,42.0,162.0,77.0,46.0
003461.jpg,car,37.0,205.0,73.0,38.0
003461.jpg,car,110.0,182.0,35.0,85.0
003461.jpg,car,150.0,181.0,47.0,86.0
003461.jpg,car,202.0,162.0,38.0,108.0
003461.jpg,car,195.0,61.0,36.0,98.0
003461.jpg,car,157.0,84.0,34.0,106.0
003461.jpg,car,154.0,16.0,26.0,30.0
003461.jpg,car,122.0,42.0,31.0,82.0
003461.jpg,car,68.0,22.0,65.0,42.0
003461.jpg,car,66.0,55.0,75.0,75.0
003461.jpg,chair,63.0,185.0,15.0,30.0
003461.jpg,car,18.0,56.0,27.0,54.0
003462.jpg,dog,101.0,168.0,82.0,112.0
003462.jpg,dog,119.0,85.0,63.0,120.0
003462.jpg,person,88.0,58.0,59.0,114.0
003462.jpg,person,172.0,31.0,69.0,59.0
003462.jpg,pottedplant,216.0,97.0,16.0,135.0
003464.jpg,train,100.0,127.0,199.0,140.0
003465.jpg,person,94.0,151.0,70.0,81.0
003466.jpg,person,139.0,89.0,120.0,160.0
003466.jpg,diningtable,113.0,177.0,223.0,95.0
003466.jpg,pottedplant,10.0,82.0,19.0,44.0
003468.jpg,person,166.0,159.0,16.0,77.0
003468.jpg,bicycle,164.0,182.0,17.0,56.0
003469.jpg,bicycle,112.0,154.0,100.0,136.0
003469.jpg,person,57.0,115.0,52.0,198.0
003469.jpg,person,151.0,92.0,112.0,183.0
003470.jpg,motorbike,149.0,133.0,150.0,182.0
003470.jpg,person,121.0,104.0,154.0,206.0
003470.jpg,person,35.0,55.0,46.0,68.0
003470.jpg,person,43.0,37.0,21.0,41.0
003470.jpg,person,62.0,34.0,17.0,39.0
003470.jpg,person,67.0,30.0,11.0,16.0
003470.jpg,person,73.0,38.0,27.0,29.0
003470.jpg,person,7.0,62.0,11.0,50.0
003470.jpg,person,193.0,25.0,21.0,28.0
003470.jpg,person,209.0,37.0,15.0,17.0
003477.jpg,chair,80.0,139.0,72.0,141.0
003484.jpg,person,215.0,38.0,11.0,29.0
003484.jpg,person,216.0,63.0,16.0,87.0
003484.jpg,person,207.0,46.0,11.0,34.0
003484.jpg,person,188.0,50.0,13.0,61.0
003484.jpg,car,121.0,130.0,198.0,174.0
003487.jpg,person,145.0,184.0,51.0,80.0
003487.jpg,person,104.0,160.0,164.0,127.0
003487.jpg,person,16.0,155.0,30.0,138.0
003487.jpg,tvmonitor,159.0,36.0,27.0,35.0
003489.jpg,dog,165.0,86.0,79.0,134.0
003491.jpg,dog,101.0,108.0,174.0,198.0
003492.jpg,horse,134.0,113.0,179.0,223.0
003492.jpg,person,133.0,138.0,145.0,173.0
003492.jpg,person,41.0,141.0,47.0,165.0
003493.jpg,aeroplane,129.0,106.0,136.0,69.0
003496.jpg,bottle,179.0,157.0,14.0,47.0
003496.jpg,person,212.0,104.0,23.0,114.0
003496.jpg,person,151.0,133.0,90.0,183.0
003496.jpg,person,105.0,114.0,208.0,221.0
003496.jpg,person,24.0,64.0,47.0,81.0
003496.jpg,person,200.0,80.0,11.0,37.0
003496.jpg,person,164.0,109.0,21.0,61.0
003496.jpg,person,172.0,79.0,17.0,24.0
003496.jpg,person,45.0,74.0,14.0,28.0
003496.jpg,person,115.0,85.0,10.0,27.0
003496.jpg,person,124.0,99.0,10.0,13.0
003496.jpg,person,107.0,91.0,29.0,39.0
003497.jpg,train,86.0,119.0,149.0,102.0
003497.jpg,train,202.0,104.0,43.0,21.0
003499.jpg,train,135.0,105.0,174.0,178.0
003500.jpg,cat,84.0,134.0,167.0,171.0
003506.jpg,pottedplant,73.0,111.0,89.0,165.0
003508.jpg,dog,91.0,147.0,180.0,154.0
003509.jpg,pottedplant,167.0,118.0,114.0,211.0
003510.jpg,chair,196.0,177.0,24.0,62.0
003510.jpg,chair,173.0,159.0,16.0,30.0
003510.jpg,chair,140.0,192.0,54.0,63.0
003510.jpg,person,121.0,142.0,35.0,50.0
003511.jpg,bicycle,117.0,112.0,187.0,212.0
003516.jpg,diningtable,112.0,150.0,169.0,92.0
003516.jpg,chair,75.0,93.0,28.0,21.0
003516.jpg,chair,105.0,93.0,29.0,18.0
003516.jpg,chair,140.0,93.0,30.0,17.0
003516.jpg,chair,189.0,141.0,50.0,104.0
003516.jpg,chair,25.0,140.0,49.0,102.0
003516.jpg,chair,142.0,158.0,42.0,108.0
003516.jpg,chair,98.0,156.0,38.0,103.0
003516.jpg,chair,56.0,156.0,49.0,107.0
003518.jpg,chair,32.0,122.0,63.0,203.0
003518.jpg,person,97.0,133.0,134.0,182.0
003518.jpg,person,24.0,97.0,47.0,193.0
003519.jpg,bird,96.0,137.0,90.0,174.0
003521.jpg,chair,111.0,157.0,93.0,134.0
003521.jpg,chair,178.0,116.0,37.0,102.0
003521.jpg,person,186.0,145.0,76.0,158.0
003521.jpg,person,106.0,152.0,81.0,143.0
003521.jpg,person,25.0,113.0,50.0,223.0
003522.jpg,cat,168.0,99.0,112.0,195.0
003524.jpg,bird,110.0,116.0,187.0,198.0
003525.jpg,cat,136.0,112.0,129.0,223.0
003528.jpg,sofa,103.0,114.0,205.0,202.0
003528.jpg,person,183.0,149.0,82.0,151.0
003528.jpg,person,145.0,109.0,54.0,189.0
003528.jpg,person,99.0,155.0,71.0,137.0
003528.jpg,person,44.0,153.0,57.0,141.0
003528.jpg,person,49.0,88.0,62.0,117.0
003528.jpg,person,110.0,116.0,84.0,180.0
003528.jpg,person,202.0,96.0,44.0,191.0
003529.jpg,diningtable,83.0,188.0,166.0,71.0
003529.jpg,person,96.0,118.0,108.0,175.0
003530.jpg,sofa,82.0,169.0,162.0,110.0
003530.jpg,person,86.0,147.0,166.0,154.0
003536.jpg,dog,137.0,142.0,174.0,164.0
003536.jpg,person,42.0,141.0,82.0,165.0
003537.jpg,train,123.0,110.0,178.0,149.0
003537.jpg,train,17.0,149.0,32.0,60.0
003539.jpg,motorbike,65.0,149.0,60.0,119.0
003539.jpg,motorbike,160.0,145.0,53.0,118.0
003539.jpg,motorbike,205.0,106.0,32.0,65.0
003539.jpg,person,163.0,117.0,62.0,144.0
003539.jpg,person,69.0,117.0,65.0,157.0
003539.jpg,person,196.0,83.0,22.0,73.0
003546.jpg,cat,87.0,93.0,56.0,87.0
003548.jpg,person,123.0,123.0,201.0,202.0
003549.jpg,bicycle,59.0,98.0,114.0,130.0
003549.jpg,bicycle,154.0,106.0,116.0,135.0
003550.jpg,person,149.0,116.0,93.0,217.0
003550.jpg,person,71.0,117.0,93.0,214.0
003551.jpg,car,104.0,120.0,179.0,107.0
003551.jpg,car,49.0,90.0,97.0,53.0
003551.jpg,car,147.0,65.0,27.0,11.0
003551.jpg,car,170.0,71.0,35.0,17.0
003554.jpg,aeroplane,114.0,126.0,162.0,83.0
003555.jpg,pottedplant,186.0,164.0,10.0,16.0
003555.jpg,pottedplant,173.0,166.0,10.0,15.0
003555.jpg,pottedplant,156.0,168.0,10.0,19.0
003555.jpg,pottedplant,135.0,169.0,12.0,16.0
003555.jpg,pottedplant,111.0,172.0,10.0,19.0
003555.jpg,car,210.0,162.0,28.0,36.0
003556.jpg,person,136.0,103.0,111.0,201.0
003556.jpg,bottle,54.0,190.0,17.0,41.0
003564.jpg,train,97.0,119.0,110.0,169.0
003564.jpg,train,20.0,130.0,39.0,60.0
003565.jpg,bird,175.0,160.0,99.0,59.0
003566.jpg,bottle,139.0,141.0,12.0,21.0
003566.jpg,person,102.0,106.0,68.0,93.0
003567.jpg,person,59.0,73.0,16.0,82.0
003567.jpg,person,118.0,110.0,72.0,154.0
003567.jpg,motorbike,116.0,136.0,72.0,124.0
003567.jpg,person,32.0,71.0,9.0,37.0
003567.jpg,person,20.0,73.0,11.0,36.0
003567.jpg,motorbike,33.0,79.0,10.0,24.0
003567.jpg,motorbike,22.0,81.0,10.0,26.0
003567.jpg,motorbike,8.0,83.0,15.0,26.0
003575.jpg,sofa,187.0,136.0,73.0,101.0
003575.jpg,person,64.0,157.0,110.0,134.0
003575.jpg,person,115.0,121.0,56.0,74.0
003575.jpg,person,189.0,119.0,59.0,99.0
003575.jpg,sofa,82.0,152.0,144.0,130.0
003576.jpg,bus,23.0,135.0,44.0,87.0
003576.jpg,bus,157.0,127.0,134.0,137.0
003576.jpg,motorbike,194.0,160.0,60.0,88.0
003576.jpg,person,199.0,135.0,33.0,101.0
003576.jpg,person,63.0,129.0,14.0,68.0
003576.jpg,person,84.0,128.0,14.0,68.0
003576.jpg,person,116.0,107.0,12.0,27.0
003576.jpg,person,105.0,110.0,10.0,24.0
003577.jpg,bottle,50.0,172.0,16.0,61.0
003577.jpg,bottle,61.0,168.0,14.0,62.0
003577.jpg,bottle,83.0,157.0,12.0,50.0
003577.jpg,bottle,118.0,125.0,8.0,23.0
003577.jpg,bottle,111.0,130.0,8.0,37.0
003577.jpg,person,132.0,100.0,41.0,63.0
003577.jpg,person,177.0,110.0,45.0,91.0
003577.jpg,person,184.0,143.0,81.0,161.0
003577.jpg,person,71.0,111.0,37.0,66.0
003577.jpg,person,34.0,123.0,66.0,95.0
003577.jpg,diningtable,94.0,174.0,188.0,101.0
003580.jpg,person,99.0,113.0,198.0,221.0
003585.jpg,person,134.0,133.0,81.0,102.0
003585.jpg,motorbike,128.0,150.0,136.0,81.0
003586.jpg,cat,87.0,100.0,171.0,198.0
003587.jpg,train,127.0,95.0,190.0,141.0
003587.jpg,car,13.0,112.0,26.0,12.0
003588.jpg,chair,117.0,128.0,56.0,172.0
003588.jpg,chair,56.0,139.0,53.0,167.0
003589.jpg,bicycle,117.0,158.0,96.0,90.0
003589.jpg,person,117.0,116.0,56.0,146.0
003589.jpg,person,21.0,76.0,20.0,63.0
003589.jpg,person,21.0,70.0,37.0,74.0
003589.jpg,person,41.0,83.0,24.0,45.0
003589.jpg,person,46.0,54.0,21.0,45.0
003589.jpg,person,55.0,74.0,14.0,50.0
003589.jpg,person,69.0,62.0,22.0,59.0
003589.jpg,person,62.0,95.0,17.0,18.0
003589.jpg,person,87.0,84.0,20.0,37.0
003589.jpg,person,124.0,52.0,17.0,29.0
003589.jpg,person,159.0,81.0,30.0,41.0
003589.jpg,person,184.0,65.0,22.0,69.0
003589.jpg,person,207.0,72.0,22.0,51.0
003589.jpg,person,208.0,61.0,26.0,72.0
003593.jpg,sheep,174.0,135.0,66.0,87.0
003593.jpg,sheep,84.0,142.0,113.0,124.0
003594.jpg,bird,113.0,135.0,93.0,147.0
003596.jpg,car,114.0,123.0,157.0,118.0
003596.jpg,car,116.0,50.0,24.0,14.0
003596.jpg,car,147.0,52.0,17.0,10.0
003597.jpg,train,107.0,120.0,204.0,118.0
003599.jpg,bicycle,112.0,122.0,112.0,198.0
003603.jpg,person,107.0,191.0,71.0,67.0
003603.jpg,person,173.0,185.0,48.0,78.0
003603.jpg,person,200.0,173.0,29.0,86.0
003603.jpg,person,201.0,146.0,46.0,122.0
003603.jpg,person,143.0,111.0,57.0,100.0
003603.jpg,person,98.0,106.0,34.0,54.0
003603.jpg,person,55.0,96.0,15.0,30.0
003603.jpg,person,39.0,140.0,76.0,168.0
003603.jpg,diningtable,115.0,179.0,144.0,91.0
003604.jpg,dog,126.0,143.0,196.0,162.0
003604.jpg,tvmonitor,129.0,43.0,128.0,84.0
003605.jpg,train,115.0,134.0,217.0,176.0
003606.jpg,car,116.0,122.0,208.0,205.0
003606.jpg,car,174.0,107.0,100.0,122.0
003608.jpg,car,118.0,104.0,160.0,132.0
003609.jpg,sofa,104.0,124.0,138.0,78.0
003609.jpg,chair,196.0,131.0,56.0,90.0
003609.jpg,chair,60.0,168.0,112.0,112.0
003611.jpg,person,102.0,173.0,9.0,22.0
003611.jpg,horse,101.0,181.0,9.0,27.0
003614.jpg,bird,79.0,108.0,85.0,82.0
003618.jpg,person,110.0,112.0,23.0,82.0
003618.jpg,person,105.0,96.0,9.0,31.0
003618.jpg,person,33.0,112.0,14.0,36.0
003618.jpg,horse,122.0,143.0,105.0,71.0
003618.jpg,horse,116.0,104.0,42.0,28.0
003618.jpg,horse,33.0,127.0,16.0,47.0
003618.jpg,horse,3.0,128.0,5.0,30.0
003620.jpg,cat,118.0,87.0,169.0,172.0
003621.jpg,bicycle,118.0,138.0,58.0,77.0
003621.jpg,person,131.0,97.0,38.0,99.0
003621.jpg,bus,209.0,59.0,23.0,38.0
003621.jpg,bus,152.0,56.0,39.0,31.0
003622.jpg,pottedplant,56.0,170.0,51.0,74.0
003622.jpg,pottedplant,133.0,188.0,36.0,59.0
003622.jpg,pottedplant,196.0,192.0,52.0,62.0
003623.jpg,bird,120.0,100.0,144.0,173.0
003625.jpg,horse,113.0,122.0,112.0,126.0
003625.jpg,person,119.0,80.0,27.0,105.0
003627.jpg,dog,112.0,112.0,103.0,223.0
003628.jpg,person,26.0,140.0,10.0,59.0
003628.jpg,person,13.0,142.0,14.0,64.0
003628.jpg,train,112.0,109.0,178.0,217.0
003629.jpg,pottedplant,194.0,152.0,39.0,100.0
003629.jpg,pottedplant,138.0,109.0,71.0,167.0
003629.jpg,pottedplant,72.0,64.0,86.0,109.0
003629.jpg,pottedplant,90.0,108.0,61.0,134.0
003632.jpg,dog,129.0,132.0,190.0,176.0
003634.jpg,car,166.0,126.0,91.0,90.0
003634.jpg,car,55.0,120.0,69.0,72.0
003635.jpg,bus,113.0,111.0,223.0,167.0
003636.jpg,bus,99.0,155.0,33.0,45.0
003636.jpg,car,140.0,178.0,27.0,32.0
003636.jpg,car,95.0,171.0,23.0,26.0
003636.jpg,car,84.0,176.0,26.0,26.0
003636.jpg,car,62.0,196.0,118.0,52.0
003636.jpg,car,28.0,207.0,53.0,33.0
003636.jpg,car,147.0,166.0,24.0,37.0
003636.jpg,car,148.0,154.0,43.0,23.0
003636.jpg,car,171.0,146.0,22.0,14.0
003636.jpg,car,167.0,150.0,16.0,13.0
003638.jpg,chair,66.0,195.0,28.0,56.0
003638.jpg,diningtable,26.0,193.0,51.0,60.0
003638.jpg,person,160.0,127.0,15.0,47.0
003638.jpg,person,105.0,150.0,25.0,119.0
003638.jpg,person,126.0,150.0,71.0,145.0
003638.jpg,person,184.0,160.0,79.0,128.0
003639.jpg,boat,163.0,97.0,122.0,188.0
003640.jpg,cow,161.0,141.0,76.0,62.0
003642.jpg,bus,109.0,122.0,195.0,145.0
003644.jpg,person,168.0,153.0,76.0,141.0
003644.jpg,person,127.0,118.0,43.0,74.0
003644.jpg,person,71.0,156.0,65.0,136.0
003644.jpg,chair,19.0,181.0,37.0,82.0
003644.jpg,diningtable,116.0,181.0,102.0,72.0
003644.jpg,chair,215.0,183.0,17.0,82.0
003645.jpg,horse,82.0,118.0,14.0,39.0
003645.jpg,horse,122.0,105.0,14.0,37.0
003645.jpg,person,84.0,99.0,15.0,43.0
003645.jpg,person,122.0,90.0,14.0,37.0
003646.jpg,bird,107.0,133.0,34.0,96.0
003648.jpg,sofa,124.0,139.0,201.0,168.0
003648.jpg,person,121.0,125.0,40.0,151.0
003648.jpg,person,111.0,104.0,78.0,143.0
003651.jpg,train,131.0,114.0,187.0,220.0
003651.jpg,person,169.0,82.0,21.0,60.0
003654.jpg,person,8.0,88.0,15.0,31.0
003654.jpg,person,31.0,86.0,33.0,35.0
003654.jpg,person,56.0,77.0,14.0,14.0
003654.jpg,person,149.0,90.0,36.0,75.0
003654.jpg,person,210.0,87.0,27.0,72.0
003654.jpg,person,124.0,123.0,133.0,203.0
003654.jpg,person,65.0,153.0,115.0,141.0
003655.jpg,car,110.0,123.0,217.0,201.0
003655.jpg,person,116.0,120.0,118.0,207.0
003656.jpg,cat,28.0,43.0,26.0,34.0
003657.jpg,boat,125.0,167.0,73.0,46.0
003658.jpg,bicycle,117.0,113.0,211.0,212.0
003660.jpg,tvmonitor,181.0,129.0,87.0,92.0
003662.jpg,tvmonitor,108.0,29.0,75.0,51.0
003662.jpg,chair,171.0,145.0,106.0,158.0
003662.jpg,person,103.0,130.0,86.0,143.0
003663.jpg,person,68.0,109.0,135.0,161.0
003663.jpg,person,179.0,122.0,90.0,130.0
003664.jpg,chair,139.0,181.0,59.0,87.0
003664.jpg,chair,52.0,182.0,101.0,84.0
003664.jpg,person,138.0,176.0,96.0,95.0
003664.jpg,person,32.0,139.0,22.0,59.0
003664.jpg,person,106.0,139.0,14.0,47.0
003667.jpg,aeroplane,109.0,110.0,202.0,179.0
003669.jpg,boat,65.0,89.0,130.0,132.0
003669.jpg,boat,141.0,118.0,109.0,75.0
003669.jpg,person,182.0,168.0,11.0,24.0
003669.jpg,person,173.0,163.0,6.0,18.0
003669.jpg,person,157.0,161.0,6.0,26.0
003669.jpg,person,219.0,169.0,11.0,30.0
003671.jpg,dog,110.0,111.0,100.0,213.0
003673.jpg,dog,164.0,155.0,121.0,137.0
003673.jpg,dog,71.0,113.0,85.0,223.0
003674.jpg,cat,124.0,112.0,178.0,223.0
003675.jpg,bird,102.0,121.0,39.0,63.0
003675.jpg,bird,86.0,92.0,44.0,36.0
003675.jpg,bird,85.0,133.0,42.0,65.0
003678.jpg,tvmonitor,128.0,72.0,43.0,49.0
003678.jpg,person,163.0,140.0,113.0,161.0
003678.jpg,person,35.0,87.0,70.0,173.0
003678.jpg,bottle,38.0,192.0,17.0,65.0
003678.jpg,diningtable,112.0,193.0,223.0,63.0
003679.jpg,bird,105.0,120.0,177.0,168.0
003681.jpg,sheep,187.0,122.0,73.0,174.0
003681.jpg,sheep,156.0,109.0,54.0,121.0
003681.jpg,sheep,72.0,112.0,55.0,101.0
003681.jpg,dog,111.0,126.0,32.0,87.0
003681.jpg,dog,69.0,145.0,47.0,104.0
003681.jpg,dog,27.0,145.0,54.0,100.0
003681.jpg,dog,128.0,143.0,73.0,103.0
003681.jpg,sheep,25.0,72.0,48.0,44.0
003684.jpg,motorbike,125.0,107.0,179.0,210.0
003685.jpg,train,112.0,127.0,223.0,194.0
003685.jpg,person,94.0,93.0,23.0,43.0
003688.jpg,person,60.0,113.0,119.0,223.0
003688.jpg,person,163.0,139.0,118.0,171.0
003690.jpg,sofa,102.0,129.0,202.0,190.0
003690.jpg,person,119.0,135.0,210.0,178.0
003691.jpg,horse,114.0,134.0,211.0,89.0
003691.jpg,person,120.0,94.0,49.0,92.0
003694.jpg,tvmonitor,155.0,153.0,35.0,50.0
003694.jpg,sofa,34.0,178.0,63.0,84.0
003694.jpg,pottedplant,46.0,108.0,43.0,138.0
003694.jpg,chair,83.0,146.0,26.0,48.0
003694.jpg,person,86.0,127.0,22.0,75.0
003695.jpg,train,112.0,151.0,224.0,97.0
003696.jpg,horse,126.0,125.0,78.0,134.0
003696.jpg,person,96.0,133.0,39.0,117.0
003698.jpg,sheep,170.0,174.0,22.0,38.0
003699.jpg,sofa,24.0,85.0,45.0,90.0
003699.jpg,pottedplant,117.0,75.0,33.0,63.0
003699.jpg,pottedplant,213.0,51.0,17.0,18.0
003699.jpg,pottedplant,78.0,66.0,6.0,68.0
003699.jpg,pottedplant,87.0,92.0,11.0,19.0
003699.jpg,pottedplant,138.0,67.0,10.0,45.0
003699.jpg,person,97.0,113.0,194.0,148.0
003700.jpg,person,205.0,143.0,30.0,155.0
003700.jpg,person,139.0,136.0,25.0,127.0
003700.jpg,person,101.0,128.0,26.0,95.0
003700.jpg,person,110.0,121.0,22.0,86.0
003700.jpg,person,35.0,155.0,19.0,109.0
003700.jpg,person,52.0,161.0,29.0,122.0
003703.jpg,car,108.0,121.0,104.0,60.0
003703.jpg,person,206.0,99.0,9.0,24.0
003703.jpg,person,33.0,106.0,6.0,19.0
003703.jpg,person,20.0,104.0,7.0,22.0
003703.jpg,person,13.0,104.0,4.0,15.0
003703.jpg,person,9.0,106.0,4.0,16.0
003704.jpg,bird,152.0,122.0,107.0,170.0
003705.jpg,sheep,104.0,82.0,33.0,45.0
003706.jpg,motorbike,124.0,113.0,177.0,212.0
003706.jpg,person,208.0,67.0,22.0,103.0
003706.jpg,person,183.0,41.0,16.0,63.0
003708.jpg,person,105.0,132.0,209.0,184.0
003708.jpg,chair,180.0,139.0,75.0,141.0
003708.jpg,diningtable,31.0,77.0,58.0,14.0
003709.jpg,train,180.0,135.0,30.0,36.0
003709.jpg,train,143.0,107.0,28.0,139.0
003709.jpg,train,110.0,155.0,36.0,54.0
003709.jpg,train,35.0,141.0,24.0,59.0
003711.jpg,car,67.0,172.0,15.0,29.0
003711.jpg,bus,141.0,122.0,138.0,146.0
003711.jpg,person,126.0,81.0,11.0,15.0
003711.jpg,person,107.0,80.0,9.0,15.0
003711.jpg,person,95.0,79.0,11.0,15.0
003711.jpg,person,155.0,108.0,5.0,20.0
003711.jpg,person,161.0,109.0,7.0,19.0
003711.jpg,person,167.0,110.0,6.0,20.0
003713.jpg,car,90.0,151.0,23.0,27.0
003713.jpg,car,74.0,144.0,8.0,10.0
003713.jpg,car,17.0,168.0,33.0,76.0
003713.jpg,car,136.0,146.0,18.0,13.0
003713.jpg,car,194.0,152.0,56.0,39.0
003713.jpg,car,153.0,141.0,25.0,23.0
003713.jpg,car,115.0,144.0,9.0,8.0
003713.jpg,car,49.0,142.0,27.0,40.0
003714.jpg,sheep,106.0,137.0,54.0,72.0
003717.jpg,bicycle,106.0,162.0,109.0,93.0
003717.jpg,bicycle,191.0,98.0,66.0,77.0
003717.jpg,bicycle,76.0,68.0,66.0,93.0
003717.jpg,bicycle,176.0,62.0,86.0,108.0
003717.jpg,bicycle,54.0,36.0,32.0,70.0
003717.jpg,person,117.0,32.0,22.0,61.0
003717.jpg,person,68.0,55.0,40.0,109.0
003717.jpg,person,110.0,113.0,68.0,105.0
003717.jpg,person,32.0,147.0,41.0,134.0
003717.jpg,person,23.0,200.0,37.0,38.0
003717.jpg,person,100.0,194.0,28.0,30.0
003717.jpg,person,32.0,127.0,39.0,145.0
003717.jpg,person,185.0,76.0,53.0,150.0
003717.jpg,person,171.0,59.0,24.0,117.0
003717.jpg,person,20.0,55.0,39.0,108.0
003721.jpg,car,103.0,118.0,192.0,98.0
003722.jpg,boat,177.0,182.0,84.0,25.0
003727.jpg,bird,139.0,129.0,114.0,126.0
003729.jpg,bottle,104.0,39.0,30.0,76.0
003729.jpg,bottle,203.0,68.0,43.0,135.0
003732.jpg,person,18.0,147.0,33.0,112.0
003732.jpg,person,45.0,160.0,64.0,126.0
003732.jpg,horse,132.0,112.0,184.0,224.0
003735.jpg,person,95.0,73.0,47.0,104.0
003735.jpg,person,206.0,94.0,29.0,72.0
003735.jpg,horse,112.0,132.0,154.0,164.0
003735.jpg,horse,201.0,130.0,46.0,92.0
003740.jpg,person,105.0,146.0,27.0,101.0
003740.jpg,person,171.0,136.0,27.0,104.0
003740.jpg,person,24.0,152.0,41.0,118.0
003740.jpg,dog,87.0,154.0,9.0,22.0
003743.jpg,sofa,84.0,167.0,93.0,102.0
003743.jpg,sofa,14.0,177.0,28.0,93.0
003748.jpg,bird,152.0,148.0,69.0,87.0
003749.jpg,person,150.0,129.0,148.0,190.0
003750.jpg,cow,181.0,157.0,39.0,119.0
003750.jpg,cow,107.0,93.0,102.0,127.0
003750.jpg,bird,96.0,127.0,41.0,38.0
003751.jpg,sofa,32.0,176.0,62.0,97.0
003751.jpg,cat,39.0,160.0,15.0,16.0
003751.jpg,chair,73.0,140.0,43.0,51.0
003751.jpg,chair,118.0,121.0,17.0,35.0
003751.jpg,tvmonitor,193.0,52.0,45.0,102.0
003751.jpg,person,193.0,58.0,22.0,71.0
003752.jpg,train,202.0,201.0,43.0,17.0
003752.jpg,train,29.0,176.0,57.0,22.0
003752.jpg,train,115.0,152.0,44.0,22.0
003753.jpg,chair,179.0,53.0,90.0,103.0
003753.jpg,dog,122.0,112.0,204.0,159.0
003754.jpg,horse,123.0,208.0,23.0,24.0
003758.jpg,pottedplant,64.0,122.0,99.0,199.0
003758.jpg,pottedplant,128.0,113.0,182.0,223.0
003759.jpg,person,74.0,151.0,54.0,147.0
003759.jpg,person,108.0,154.0,34.0,139.0
003759.jpg,person,152.0,153.0,77.0,143.0
003759.jpg,tvmonitor,194.0,143.0,36.0,60.0
003760.jpg,motorbike,91.0,163.0,25.0,59.0
003760.jpg,motorbike,67.0,156.0,28.0,41.0
003760.jpg,person,16.0,145.0,10.0,37.0
003760.jpg,person,27.0,147.0,13.0,46.0
003760.jpg,person,39.0,147.0,12.0,45.0
003760.jpg,person,41.0,141.0,8.0,44.0
003760.jpg,person,47.0,142.0,9.0,54.0
003760.jpg,person,66.0,145.0,26.0,66.0
003760.jpg,person,93.0,148.0,28.0,83.0
003760.jpg,person,116.0,154.0,13.0,64.0
003760.jpg,person,133.0,153.0,10.0,59.0
003760.jpg,person,141.0,152.0,10.0,60.0
003760.jpg,dog,149.0,174.0,22.0,23.0
003760.jpg,person,154.0,151.0,12.0,42.0
003760.jpg,person,169.0,156.0,13.0,52.0
003760.jpg,person,181.0,158.0,9.0,53.0
003760.jpg,person,192.0,151.0,14.0,65.0
003760.jpg,person,159.0,151.0,10.0,62.0
003760.jpg,person,110.0,134.0,8.0,30.0
003763.jpg,cat,91.0,112.0,182.0,223.0
003767.jpg,chair,144.0,141.0,45.0,78.0
003767.jpg,chair,164.0,172.0,80.0,104.0
003767.jpg,chair,99.0,129.0,28.0,72.0
003767.jpg,chair,53.0,134.0,40.0,70.0
003767.jpg,chair,58.0,171.0,74.0,105.0
003767.jpg,chair,14.0,146.0,26.0,63.0
003772.jpg,horse,116.0,107.0,134.0,137.0
003773.jpg,aeroplane,112.0,118.0,211.0,73.0
003774.jpg,dog,96.0,93.0,191.0,82.0
003779.jpg,horse,106.0,118.0,161.0,134.0
003779.jpg,person,118.0,79.0,65.0,92.0
003780.jpg,tvmonitor,86.0,89.0,48.0,29.0
003780.jpg,tvmonitor,193.0,126.0,51.0,57.0
003780.jpg,tvmonitor,54.0,90.0,22.0,27.0
003780.jpg,person,89.0,129.0,70.0,78.0
003780.jpg,person,34.0,99.0,65.0,116.0
003780.jpg,cat,82.0,178.0,83.0,76.0
003781.jpg,person,82.0,141.0,135.0,165.0
003781.jpg,person,170.0,130.0,108.0,188.0
003781.jpg,person,26.0,164.0,21.0,26.0
003783.jpg,bottle,109.0,166.0,27.0,44.0
003783.jpg,bottle,61.0,151.0,37.0,48.0
003783.jpg,bottle,69.0,137.0,30.0,45.0
003783.jpg,bottle,94.0,148.0,24.0,48.0
003783.jpg,bottle,119.0,140.0,27.0,53.0
003783.jpg,bottle,126.0,108.0,33.0,63.0
003783.jpg,bottle,174.0,93.0,27.0,46.0
003783.jpg,bottle,150.0,92.0,23.0,58.0
003783.jpg,bottle,133.0,102.0,20.0,43.0
003783.jpg,bottle,90.0,121.0,27.0,34.0
003783.jpg,bottle,71.0,108.0,22.0,35.0
003783.jpg,bottle,77.0,89.0,24.0,35.0
003783.jpg,bottle,84.0,79.0,17.0,26.0
003783.jpg,bottle,97.0,71.0,18.0,29.0
003783.jpg,bottle,102.0,97.0,17.0,24.0
003783.jpg,bottle,99.0,114.0,26.0,45.0
003783.jpg,bottle,135.0,80.0,15.0,33.0
003783.jpg,bottle,138.0,63.0,14.0,30.0
003783.jpg,bottle,144.0,52.0,17.0,27.0
003783.jpg,bottle,160.0,49.0,11.0,9.0
003783.jpg,bottle,160.0,69.0,17.0,30.0
003783.jpg,bottle,189.0,73.0,17.0,35.0
003783.jpg,bottle,184.0,84.0,16.0,41.0
003783.jpg,bottle,174.0,60.0,13.0,21.0
003783.jpg,bottle,100.0,59.0,19.0,26.0
003784.jpg,bicycle,117.0,143.0,191.0,78.0
003786.jpg,bus,103.0,175.0,52.0,86.0
003788.jpg,cat,108.0,155.0,70.0,114.0
003788.jpg,chair,112.0,112.0,224.0,223.0
003790.jpg,car,116.0,115.0,183.0,92.0
003791.jpg,chair,116.0,185.0,56.0,76.0
003791.jpg,chair,32.0,203.0,46.0,41.0
003791.jpg,chair,9.0,180.0,17.0,78.0
003791.jpg,chair,193.0,185.0,20.0,78.0
003791.jpg,chair,209.0,206.0,16.0,36.0
003791.jpg,diningtable,58.0,192.0,84.0,64.0
003791.jpg,diningtable,210.0,186.0,29.0,27.0
003791.jpg,pottedplant,151.0,177.0,22.0,35.0
003791.jpg,pottedplant,110.0,165.0,22.0,24.0
003792.jpg,dog,37.0,122.0,60.0,101.0
003792.jpg,dog,132.0,131.0,104.0,119.0
003792.jpg,dog,185.0,117.0,55.0,119.0
003793.jpg,sofa,130.0,112.0,189.0,224.0
003793.jpg,cat,113.0,118.0,190.0,212.0
003796.jpg,pottedplant,194.0,147.0,10.0,31.0
003797.jpg,person,147.0,185.0,15.0,40.0
003797.jpg,person,128.0,170.0,15.0,27.0
003797.jpg,person,171.0,185.0,17.0,24.0
003797.jpg,person,190.0,185.0,14.0,32.0
003797.jpg,person,205.0,191.0,13.0,25.0
003797.jpg,person,219.0,195.0,10.0,28.0
003797.jpg,boat,121.0,108.0,207.0,216.0
003798.jpg,car,134.0,133.0,84.0,58.0
003803.jpg,bird,121.0,118.0,56.0,69.0
003806.jpg,car,207.0,99.0,33.0,64.0
003806.jpg,car,116.0,114.0,156.0,186.0
003807.jpg,cat,120.0,132.0,208.0,184.0
003807.jpg,cat,99.0,114.0,159.0,182.0
003808.jpg,tvmonitor,114.0,111.0,189.0,219.0
003809.jpg,car,133.0,135.0,169.0,98.0
003811.jpg,boat,99.0,107.0,82.0,109.0
003811.jpg,boat,33.0,60.0,8.0,14.0
003811.jpg,boat,164.0,138.0,57.0,31.0
003811.jpg,person,12.0,65.0,11.0,26.0
003814.jpg,cat,121.0,116.0,138.0,143.0
003817.jpg,person,98.0,113.0,191.0,222.0
003818.jpg,train,114.0,116.0,77.0,49.0
003820.jpg,car,112.0,113.0,224.0,222.0
003820.jpg,person,8.0,20.0,15.0,38.0
003821.jpg,dog,102.0,124.0,159.0,198.0
003824.jpg,person,118.0,88.0,130.0,155.0
003824.jpg,motorbike,122.0,134.0,161.0,137.0
003824.jpg,car,112.0,67.0,223.0,95.0
003826.jpg,motorbike,99.0,139.0,104.0,120.0
003826.jpg,person,110.0,97.0,68.0,113.0
003827.jpg,bicycle,181.0,135.0,38.0,36.0
003827.jpg,bicycle,211.0,135.0,21.0,56.0
003827.jpg,bicycle,142.0,112.0,42.0,73.0
003827.jpg,bicycle,98.0,143.0,49.0,68.0
003827.jpg,bicycle,64.0,109.0,13.0,27.0
003827.jpg,bicycle,17.0,132.0,33.0,58.0
003827.jpg,person,213.0,125.0,22.0,96.0
003827.jpg,person,184.0,119.0,25.0,53.0
003827.jpg,person,137.0,124.0,30.0,95.0
003827.jpg,person,105.0,119.0,35.0,118.0
003827.jpg,person,21.0,107.0,26.0,88.0
003827.jpg,person,77.0,105.0,11.0,36.0
003828.jpg,bird,109.0,31.0,31.0,15.0
003830.jpg,train,122.0,118.0,205.0,209.0
003834.jpg,pottedplant,177.0,115.0,90.0,170.0
003834.jpg,pottedplant,44.0,116.0,81.0,165.0
003834.jpg,pottedplant,117.0,176.0,21.0,32.0
003834.jpg,pottedplant,103.0,146.0,37.0,78.0
003834.jpg,pottedplant,124.0,145.0,19.0,32.0
003835.jpg,car,104.0,182.0,51.0,32.0
003835.jpg,car,12.0,172.0,17.0,14.0
003835.jpg,bus,51.0,152.0,64.0,69.0
003835.jpg,bus,8.0,156.0,15.0,36.0
003837.jpg,chair,52.0,167.0,102.0,65.0
003837.jpg,chair,120.0,200.0,207.0,48.0
003838.jpg,person,38.0,134.0,73.0,180.0
003838.jpg,person,89.0,139.0,72.0,171.0
003838.jpg,person,134.0,131.0,70.0,186.0
003838.jpg,person,189.0,136.0,71.0,175.0
003838.jpg,person,163.0,79.0,22.0,78.0
003838.jpg,person,215.0,87.0,17.0,65.0
003844.jpg,cat,90.0,147.0,58.0,99.0
003844.jpg,cat,118.0,145.0,82.0,109.0
003845.jpg,sofa,112.0,114.0,224.0,197.0
003846.jpg,dog,97.0,110.0,41.0,95.0
003846.jpg,dog,26.0,30.0,42.0,57.0
003847.jpg,person,158.0,157.0,133.0,134.0
003847.jpg,person,47.0,130.0,93.0,189.0
003848.jpg,train,110.0,116.0,211.0,178.0
003849.jpg,motorbike,106.0,149.0,59.0,62.0
003849.jpg,person,110.0,142.0,28.0,65.0
003849.jpg,person,161.0,143.0,9.0,32.0
003855.jpg,motorbike,142.0,110.0,65.0,54.0
003855.jpg,person,133.0,94.0,30.0,62.0
003855.jpg,person,29.0,96.0,29.0,59.0
003855.jpg,person,84.0,99.0,29.0,56.0
003855.jpg,bicycle,82.0,116.0,47.0,36.0
003855.jpg,bicycle,27.0,111.0,39.0,38.0
003855.jpg,bicycle,147.0,27.0,21.0,14.0
003855.jpg,bicycle,100.0,32.0,20.0,15.0
003855.jpg,person,147.0,18.0,15.0,23.0
003855.jpg,person,100.0,22.0,13.0,27.0
003856.jpg,person,135.0,158.0,168.0,132.0
003856.jpg,person,110.0,115.0,114.0,205.0
003856.jpg,person,41.0,100.0,59.0,63.0
003856.jpg,person,52.0,115.0,47.0,68.0
003857.jpg,chair,113.0,90.0,222.0,174.0
003859.jpg,bottle,124.0,47.0,23.0,81.0
003859.jpg,person,116.0,29.0,99.0,57.0
003859.jpg,diningtable,112.0,139.0,223.0,170.0
003859.jpg,chair,196.0,32.0,48.0,56.0
003860.jpg,boat,103.0,72.0,205.0,142.0
003860.jpg,person,172.0,141.0,58.0,135.0
003861.jpg,boat,90.0,116.0,77.0,162.0
003861.jpg,boat,178.0,174.0,27.0,16.0
003863.jpg,boat,95.0,97.0,123.0,45.0
003863.jpg,person,115.0,142.0,60.0,163.0
003865.jpg,diningtable,97.0,188.0,76.0,73.0
003865.jpg,person,198.0,130.0,52.0,188.0
003865.jpg,person,158.0,163.0,60.0,122.0
003865.jpg,person,82.0,131.0,46.0,51.0
003865.jpg,person,45.0,163.0,67.0,122.0
003865.jpg,chair,187.0,190.0,38.0,68.0
003865.jpg,chair,15.0,190.0,30.0,67.0
003865.jpg,bottle,192.0,133.0,20.0,39.0
003865.jpg,bottle,110.0,151.0,8.0,38.0
003866.jpg,train,89.0,105.0,168.0,101.0
003866.jpg,train,198.0,111.0,52.0,46.0
003868.jpg,person,112.0,182.0,223.0,83.0
003869.jpg,dog,176.0,154.0,58.0,96.0
003869.jpg,dog,100.0,135.0,85.0,122.0
003869.jpg,person,43.0,123.0,84.0,130.0
003869.jpg,person,90.0,144.0,76.0,141.0
003869.jpg,person,152.0,137.0,132.0,174.0
003871.jpg,bird,145.0,115.0,130.0,157.0
003872.jpg,dog,115.0,124.0,47.0,45.0
003874.jpg,sheep,19.0,191.0,19.0,14.0
003874.jpg,sheep,210.0,150.0,6.0,13.0
003874.jpg,sheep,188.0,128.0,8.0,8.0
003874.jpg,sheep,138.0,125.0,9.0,11.0
003874.jpg,sheep,6.0,154.0,8.0,5.0
003874.jpg,sheep,11.0,148.0,6.0,5.0
003874.jpg,sheep,62.0,176.0,8.0,8.0
003874.jpg,sheep,56.0,185.0,22.0,18.0
003874.jpg,sheep,100.0,132.0,4.0,7.0
003876.jpg,aeroplane,60.0,71.0,36.0,27.0
003877.jpg,pottedplant,145.0,164.0,39.0,57.0
003877.jpg,pottedplant,60.0,160.0,82.0,96.0
003877.jpg,pottedplant,153.0,44.0,31.0,26.0
003877.jpg,sofa,128.0,117.0,174.0,134.0
003877.jpg,person,105.0,156.0,49.0,108.0
003879.jpg,person,160.0,114.0,40.0,160.0
003879.jpg,person,128.0,119.0,40.0,161.0
003879.jpg,person,105.0,119.0,21.0,162.0
003879.jpg,person,91.0,130.0,33.0,154.0
003879.jpg,person,62.0,119.0,47.0,151.0
003885.jpg,car,113.0,179.0,39.0,23.0
003886.jpg,aeroplane,108.0,104.0,194.0,101.0
003887.jpg,cow,120.0,205.0,23.0,13.0
003887.jpg,cow,140.0,200.0,13.0,11.0
003887.jpg,cow,171.0,197.0,9.0,13.0
003887.jpg,cow,149.0,204.0,22.0,12.0
003887.jpg,cow,156.0,207.0,17.0,14.0
003889.jpg,horse,180.0,130.0,38.0,155.0
003889.jpg,horse,102.0,131.0,58.0,151.0
003889.jpg,horse,44.0,142.0,40.0,135.0
003889.jpg,person,181.0,79.0,48.0,113.0
003889.jpg,person,84.0,79.0,55.0,108.0
003889.jpg,person,24.0,129.0,47.0,176.0
003889.jpg,person,41.0,86.0,34.0,104.0
003889.jpg,chair,211.0,100.0,19.0,33.0
003890.jpg,cat,87.0,172.0,165.0,103.0
003891.jpg,person,215.0,131.0,18.0,41.0
003891.jpg,person,185.0,127.0,32.0,27.0
003891.jpg,person,111.0,116.0,24.0,22.0
003891.jpg,person,136.0,118.0,15.0,16.0
003891.jpg,person,82.0,119.0,21.0,18.0
003891.jpg,person,63.0,135.0,33.0,46.0
003891.jpg,person,28.0,118.0,18.0,30.0
003891.jpg,person,43.0,118.0,17.0,30.0
003891.jpg,car,113.0,182.0,221.0,83.0
003891.jpg,car,114.0,152.0,221.0,50.0
003895.jpg,train,112.0,84.0,224.0,165.0
003898.jpg,bird,58.0,108.0,24.0,35.0
003898.jpg,bird,79.0,119.0,21.0,28.0
003899.jpg,dog,99.0,124.0,87.0,108.0
003899.jpg,person,213.0,111.0,22.0,63.0
003905.jpg,bird,137.0,104.0,63.0,126.0
003907.jpg,sofa,100.0,146.0,103.0,92.0
003907.jpg,sofa,171.0,174.0,102.0,99.0
003907.jpg,chair,10.0,121.0,17.0,88.0
003911.jpg,tvmonitor,125.0,40.0,60.0,66.0
003911.jpg,sofa,112.0,114.0,224.0,116.0
003912.jpg,cat,135.0,140.0,167.0,167.0
003913.jpg,person,159.0,112.0,130.0,222.0
003913.jpg,person,60.0,112.0,116.0,223.0
003915.jpg,dog,147.0,160.0,154.0,128.0
003915.jpg,person,44.0,46.0,79.0,90.0
003915.jpg,person,111.0,59.0,47.0,77.0
003918.jpg,bird,88.0,129.0,147.0,189.0
003919.jpg,boat,12.0,200.0,23.0,19.0
003919.jpg,boat,64.0,172.0,47.0,23.0
003919.jpg,boat,110.0,150.0,31.0,20.0
003919.jpg,boat,195.0,128.0,25.0,10.0
003919.jpg,boat,172.0,134.0,16.0,11.0
003919.jpg,boat,215.0,120.0,17.0,13.0
003919.jpg,bus,25.0,157.0,11.0,5.0
003919.jpg,bus,32.0,161.0,11.0,7.0
003919.jpg,bus,53.0,153.0,12.0,5.0
003919.jpg,bus,64.0,151.0,10.0,5.0
003921.jpg,dog,108.0,132.0,141.0,183.0
003923.jpg,person,101.0,90.0,68.0,104.0
003923.jpg,person,20.0,74.0,35.0,52.0
003923.jpg,person,43.0,62.0,16.0,53.0
003923.jpg,chair,25.0,133.0,50.0,69.0
003923.jpg,chair,58.0,135.0,14.0,39.0
003923.jpg,diningtable,122.0,181.0,204.0,87.0
003924.jpg,pottedplant,49.0,160.0,22.0,35.0
003924.jpg,pottedplant,77.0,157.0,23.0,28.0
003924.jpg,pottedplant,81.0,165.0,19.0,28.0
003924.jpg,pottedplant,106.0,153.0,22.0,16.0
003924.jpg,pottedplant,106.0,169.0,20.0,25.0
003924.jpg,pottedplant,129.0,145.0,21.0,68.0
003924.jpg,pottedplant,47.0,70.0,29.0,39.0
003924.jpg,pottedplant,75.0,66.0,23.0,39.0
003924.jpg,pottedplant,99.0,70.0,27.0,37.0
003924.jpg,pottedplant,118.0,76.0,11.0,21.0
003924.jpg,pottedplant,132.0,73.0,24.0,34.0
003926.jpg,train,105.0,106.0,208.0,210.0
003932.jpg,bottle,136.0,188.0,24.0,66.0
003932.jpg,person,103.0,115.0,132.0,212.0
003932.jpg,pottedplant,184.0,153.0,77.0,62.0
003935.jpg,dog,100.0,118.0,112.0,170.0
003936.jpg,car,50.0,156.0,70.0,39.0
003937.jpg,cat,70.0,113.0,139.0,223.0
003939.jpg,horse,103.0,161.0,106.0,126.0
003939.jpg,horse,165.0,156.0,82.0,133.0
003939.jpg,horse,35.0,182.0,59.0,85.0
003939.jpg,person,144.0,92.0,41.0,81.0
003939.jpg,person,96.0,129.0,42.0,140.0
003939.jpg,person,76.0,105.0,35.0,81.0
003941.jpg,motorbike,118.0,114.0,187.0,181.0
003945.jpg,bicycle,110.0,151.0,53.0,69.0
003945.jpg,bicycle,74.0,131.0,56.0,80.0
003945.jpg,bicycle,11.0,116.0,22.0,76.0
003945.jpg,person,118.0,121.0,47.0,81.0
003945.jpg,person,83.0,106.0,39.0,85.0
003945.jpg,person,85.0,98.0,44.0,99.0
003945.jpg,person,11.0,65.0,21.0,76.0
003945.jpg,person,15.0,24.0,28.0,19.0
003946.jpg,person,106.0,65.0,108.0,94.0
003946.jpg,dog,80.0,140.0,155.0,155.0
003947.jpg,chair,74.0,198.0,67.0,51.0
003947.jpg,chair,145.0,202.0,74.0,43.0
003947.jpg,tvmonitor,73.0,145.0,32.0,18.0
003947.jpg,diningtable,122.0,194.0,129.0,60.0
003948.jpg,person,104.0,98.0,80.0,159.0
003948.jpg,horse,103.0,120.0,50.0,153.0
003949.jpg,bird,102.0,116.0,16.0,28.0
003953.jpg,sofa,113.0,163.0,223.0,121.0
003953.jpg,person,118.0,136.0,123.0,112.0
003953.jpg,person,120.0,64.0,29.0,28.0
003953.jpg,person,31.0,15.0,28.0,27.0
003953.jpg,person,56.0,14.0,28.0,26.0
003953.jpg,person,50.0,66.0,14.0,22.0
003954.jpg,car,32.0,100.0,58.0,42.0
003954.jpg,car,98.0,123.0,53.0,46.0
003954.jpg,car,106.0,185.0,72.0,65.0
003956.jpg,pottedplant,113.0,129.0,223.0,190.0
003956.jpg,pottedplant,211.0,155.0,27.0,115.0
003957.jpg,train,96.0,110.0,178.0,121.0
003960.jpg,horse,68.0,169.0,102.0,103.0
003960.jpg,horse,123.0,177.0,71.0,90.0
003960.jpg,person,78.0,121.0,27.0,54.0
003960.jpg,person,110.0,139.0,30.0,80.0
003960.jpg,person,72.0,187.0,39.0,75.0
003960.jpg,person,209.0,189.0,30.0,69.0
003961.jpg,person,99.0,112.0,196.0,224.0
003963.jpg,tvmonitor,33.0,131.0,19.0,29.0
003963.jpg,sofa,149.0,176.0,57.0,77.0
003963.jpg,person,145.0,149.0,10.0,10.0
003965.jpg,bird,138.0,129.0,65.0,132.0
003966.jpg,bus,104.0,22.0,166.0,39.0
003966.jpg,person,112.0,66.0,60.0,118.0
003969.jpg,dog,190.0,100.0,13.0,42.0
003969.jpg,bird,47.0,108.0,25.0,33.0
003969.jpg,bird,100.0,112.0,15.0,19.0
003970.jpg,horse,115.0,129.0,94.0,150.0
003970.jpg,person,122.0,89.0,113.0,96.0
003971.jpg,car,113.0,119.0,203.0,88.0
003973.jpg,bus,47.0,155.0,93.0,115.0
003973.jpg,car,125.0,186.0,68.0,33.0
003973.jpg,person,218.0,185.0,13.0,41.0
003973.jpg,person,187.0,177.0,5.0,19.0
003974.jpg,boat,65.0,90.0,129.0,125.0
003974.jpg,car,207.0,132.0,33.0,108.0
003974.jpg,person,124.0,141.0,19.0,90.0
003974.jpg,person,138.0,134.0,22.0,101.0
003974.jpg,person,156.0,135.0,23.0,98.0
003974.jpg,person,174.0,137.0,20.0,95.0
003974.jpg,person,179.0,139.0,13.0,99.0
003974.jpg,person,192.0,138.0,17.0,110.0
003979.jpg,bird,78.0,91.0,48.0,47.0
003979.jpg,bird,101.0,132.0,46.0,63.0
003979.jpg,bird,166.0,169.0,64.0,110.0
003983.jpg,tvmonitor,109.0,91.0,84.0,110.0
003984.jpg,cat,143.0,86.0,163.0,130.0
003986.jpg,dog,80.0,116.0,120.0,163.0
003986.jpg,person,143.0,98.0,129.0,162.0
003986.jpg,sofa,119.0,116.0,207.0,214.0
003987.jpg,car,95.0,197.0,187.0,54.0
003987.jpg,car,210.0,184.0,29.0,56.0
003988.jpg,chair,30.0,186.0,58.0,76.0
003988.jpg,chair,219.0,171.0,10.0,54.0
003988.jpg,chair,150.0,120.0,18.0,41.0
003990.jpg,dog,167.0,152.0,114.0,143.0
003991.jpg,cat,130.0,91.0,189.0,122.0
003992.jpg,motorbike,62.0,55.0,93.0,62.0
003992.jpg,motorbike,101.0,97.0,180.0,137.0
003992.jpg,person,190.0,57.0,27.0,113.0
003992.jpg,person,167.0,51.0,30.0,101.0
003992.jpg,person,148.0,24.0,17.0,46.0
003992.jpg,person,136.0,21.0,12.0,39.0
003993.jpg,aeroplane,104.0,112.0,167.0,106.0
003994.jpg,cow,63.0,140.0,119.0,165.0
003994.jpg,person,187.0,151.0,55.0,144.0
003994.jpg,person,138.0,154.0,51.0,138.0
003994.jpg,person,175.0,70.0,20.0,64.0
003996.jpg,person,184.0,115.0,80.0,217.0
003996.jpg,person,118.0,113.0,129.0,223.0
003997.jpg,car,138.0,129.0,124.0,106.0
003998.jpg,car,115.0,110.0,219.0,148.0
004003.jpg,motorbike,116.0,109.0,191.0,158.0
004005.jpg,train,107.0,121.0,108.0,19.0
004008.jpg,dog,94.0,123.0,69.0,172.0
004008.jpg,person,12.0,111.0,22.0,221.0
004009.jpg,aeroplane,96.0,110.0,54.0,91.0
004010.jpg,sofa,112.0,133.0,224.0,122.0
004010.jpg,person,127.0,114.0,149.0,220.0
004011.jpg,car,112.0,122.0,147.0,114.0
004012.jpg,person,104.0,139.0,144.0,170.0
004012.jpg,person,88.0,156.0,97.0,110.0
004012.jpg,chair,112.0,137.0,223.0,173.0
004013.jpg,bird,125.0,136.0,97.0,92.0
004014.jpg,chair,112.0,129.0,223.0,190.0
004014.jpg,person,91.0,123.0,179.0,202.0
004015.jpg,dog,84.0,119.0,103.0,210.0
004016.jpg,cat,112.0,105.0,125.0,139.0
004016.jpg,person,32.0,175.0,64.0,98.0
004017.jpg,pottedplant,154.0,65.0,95.0,129.0
004017.jpg,person,103.0,113.0,197.0,222.0
004019.jpg,car,194.0,202.0,36.0,26.0
004019.jpg,car,55.0,203.0,34.0,21.0
004019.jpg,car,24.0,201.0,29.0,19.0
004019.jpg,person,167.0,204.0,9.0,30.0
004019.jpg,person,108.0,199.0,7.0,27.0
004019.jpg,car,7.0,199.0,13.0,17.0
004019.jpg,car,218.0,203.0,12.0,19.0
004020.jpg,person,142.0,71.0,47.0,82.0
004020.jpg,person,97.0,52.0,12.0,32.0
004020.jpg,tvmonitor,27.0,100.0,52.0,78.0
004023.jpg,cow,78.0,120.0,74.0,65.0
004023.jpg,cow,168.0,124.0,112.0,146.0
004023.jpg,cow,20.0,105.0,39.0,47.0
004025.jpg,bird,119.0,123.0,90.0,130.0
004028.jpg,chair,22.0,144.0,43.0,106.0
004028.jpg,pottedplant,28.0,68.0,55.0,134.0
004028.jpg,person,176.0,109.0,12.0,13.0
004028.jpg,person,116.0,126.0,15.0,23.0
004031.jpg,cat,89.0,170.0,87.0,108.0
004031.jpg,sofa,112.0,145.0,224.0,158.0
004031.jpg,person,166.0,20.0,22.0,38.0
004033.jpg,person,43.0,47.0,22.0,86.0
004033.jpg,motorbike,75.0,67.0,43.0,86.0
004033.jpg,motorbike,114.0,65.0,64.0,127.0
004033.jpg,motorbike,142.0,92.0,116.0,183.0
004034.jpg,dog,142.0,129.0,163.0,152.0
004035.jpg,cat,63.0,123.0,59.0,67.0
004035.jpg,dog,140.0,93.0,73.0,168.0
004037.jpg,pottedplant,18.0,59.0,31.0,25.0
004037.jpg,pottedplant,60.0,90.0,27.0,22.0
004037.jpg,pottedplant,111.0,119.0,30.0,24.0
004037.jpg,pottedplant,168.0,92.0,30.0,23.0
004037.jpg,pottedplant,19.0,169.0,34.0,39.0
004037.jpg,pottedplant,37.0,197.0,23.0,32.0
004037.jpg,pottedplant,66.0,197.0,20.0,30.0
004037.jpg,pottedplant,84.0,149.0,30.0,23.0
004037.jpg,pottedplant,85.0,129.0,28.0,28.0
004037.jpg,pottedplant,145.0,129.0,30.0,22.0
004037.jpg,pottedplant,142.0,147.0,29.0,21.0
004037.jpg,pottedplant,186.0,195.0,21.0,34.0
004037.jpg,pottedplant,173.0,194.0,34.0,33.0
004039.jpg,person,67.0,112.0,134.0,223.0
004039.jpg,person,124.0,172.0,97.0,103.0
004039.jpg,person,190.0,130.0,67.0,187.0
004046.jpg,bird,126.0,85.0,76.0,95.0
004046.jpg,person,58.0,115.0,116.0,85.0
004047.jpg,chair,28.0,108.0,54.0,118.0
004047.jpg,chair,51.0,108.0,68.0,138.0
004047.jpg,diningtable,38.0,78.0,75.0,14.0
004047.jpg,cat,177.0,179.0,93.0,72.0
004047.jpg,person,123.0,134.0,111.0,181.0
004051.jpg,horse,122.0,127.0,135.0,137.0
004051.jpg,person,119.0,77.0,55.0,109.0
004052.jpg,aeroplane,100.0,113.0,157.0,74.0
004057.jpg,bicycle,93.0,136.0,132.0,157.0
004058.jpg,person,72.0,96.0,143.0,170.0
004058.jpg,person,122.0,193.0,184.0,62.0
004058.jpg,person,197.0,131.0,48.0,82.0
004058.jpg,person,171.0,137.0,48.0,61.0
004058.jpg,person,181.0,98.0,38.0,34.0
004058.jpg,person,172.0,90.0,13.0,11.0
004058.jpg,person,162.0,88.0,9.0,11.0
004058.jpg,person,137.0,123.0,50.0,78.0
004058.jpg,person,91.0,114.0,66.0,88.0
004058.jpg,person,111.0,114.0,42.0,80.0
004058.jpg,person,11.0,65.0,22.0,46.0
004060.jpg,sofa,33.0,165.0,65.0,118.0
004060.jpg,person,89.0,139.0,92.0,171.0
004060.jpg,person,144.0,113.0,54.0,93.0
004066.jpg,sofa,131.0,105.0,142.0,108.0
004067.jpg,motorbike,66.0,117.0,21.0,24.0
004067.jpg,motorbike,106.0,114.0,23.0,22.0
004067.jpg,motorbike,139.0,112.0,23.0,23.0
004067.jpg,person,72.0,108.0,12.0,31.0
004067.jpg,person,112.0,106.0,13.0,26.0
004067.jpg,person,145.0,106.0,11.0,28.0
004069.jpg,bird,101.0,144.0,65.0,161.0
004069.jpg,bird,141.0,111.0,65.0,148.0
004073.jpg,person,165.0,138.0,118.0,171.0
004073.jpg,car,194.0,132.0,28.0,16.0
004073.jpg,car,200.0,129.0,19.0,13.0
004073.jpg,bus,49.0,117.0,81.0,59.0
004075.jpg,bottle,105.0,195.0,35.0,59.0
004075.jpg,person,77.0,113.0,151.0,222.0
004075.jpg,person,148.0,78.0,59.0,45.0
004076.jpg,cat,110.0,99.0,151.0,136.0
004077.jpg,dog,32.0,161.0,28.0,34.0
004077.jpg,horse,99.0,115.0,16.0,32.0
004077.jpg,person,99.0,100.0,9.0,26.0
004082.jpg,bicycle,97.0,121.0,41.0,154.0
004085.jpg,dog,64.0,108.0,76.0,43.0
004085.jpg,person,199.0,126.0,51.0,131.0
004087.jpg,car,93.0,121.0,184.0,207.0
004087.jpg,bus,112.0,45.0,224.0,89.0
004089.jpg,person,56.0,71.0,11.0,14.0
004089.jpg,car,151.0,141.0,113.0,119.0
004089.jpg,car,64.0,87.0,111.0,96.0
004091.jpg,person,95.0,131.0,25.0,131.0
004091.jpg,person,103.0,120.0,38.0,130.0
004091.jpg,person,129.0,122.0,20.0,113.0
004091.jpg,person,146.0,129.0,23.0,114.0
004091.jpg,person,150.0,76.0,11.0,22.0
004091.jpg,person,164.0,117.0,17.0,113.0
004091.jpg,person,178.0,117.0,17.0,120.0
004091.jpg,person,193.0,121.0,23.0,122.0
004091.jpg,car,44.0,155.0,88.0,139.0
004092.jpg,person,113.0,142.0,160.0,162.0
004093.jpg,chair,205.0,196.0,38.0,57.0
004093.jpg,chair,204.0,172.0,40.0,65.0
004093.jpg,chair,156.0,147.0,25.0,76.0
004093.jpg,chair,143.0,171.0,56.0,88.0
004095.jpg,dog,114.0,134.0,61.0,139.0
004100.jpg,tvmonitor,176.0,151.0,67.0,83.0
004102.jpg,train,93.0,105.0,185.0,167.0
004102.jpg,train,189.0,107.0,71.0,145.0
004105.jpg,chair,58.0,193.0,32.0,62.0
004105.jpg,chair,21.0,195.0,41.0,59.0
004105.jpg,chair,112.0,193.0,41.0,62.0
004105.jpg,chair,100.0,203.0,52.0,42.0
004105.jpg,chair,161.0,191.0,38.0,58.0
004105.jpg,chair,186.0,205.0,67.0,37.0
004105.jpg,sofa,113.0,165.0,54.0,37.0
004105.jpg,pottedplant,69.0,155.0,29.0,49.0
004106.jpg,tvmonitor,109.0,140.0,33.0,47.0
004106.jpg,chair,138.0,196.0,104.0,56.0
004106.jpg,sofa,45.0,194.0,89.0,61.0
004108.jpg,car,112.0,153.0,219.0,135.0
004110.jpg,person,112.0,146.0,43.0,157.0
004110.jpg,bottle,96.0,172.0,11.0,36.0
004111.jpg,tvmonitor,4.0,57.0,7.0,38.0
004111.jpg,person,113.0,146.0,111.0,156.0
004111.jpg,chair,98.0,142.0,71.0,155.0
004113.jpg,dog,147.0,112.0,142.0,221.0
004117.jpg,horse,120.0,124.0,158.0,175.0
004117.jpg,person,105.0,84.0,48.0,101.0
004120.jpg,bus,125.0,115.0,198.0,175.0
004121.jpg,pottedplant,28.0,141.0,40.0,74.0
004121.jpg,person,127.0,113.0,57.0,101.0
004121.jpg,person,88.0,122.0,28.0,52.0
004122.jpg,person,168.0,162.0,22.0,32.0
004122.jpg,person,136.0,151.0,24.0,22.0
004122.jpg,person,82.0,177.0,20.0,55.0
004122.jpg,person,95.0,175.0,14.0,44.0
004122.jpg,person,105.0,176.0,15.0,45.0
004122.jpg,person,117.0,177.0,16.0,46.0
004122.jpg,person,129.0,177.0,16.0,46.0
004122.jpg,person,141.0,181.0,20.0,47.0
004122.jpg,person,151.0,177.0,14.0,43.0
004122.jpg,person,170.0,175.0,20.0,46.0
004129.jpg,cat,103.0,105.0,205.0,170.0
004131.jpg,bird,158.0,70.0,12.0,8.0
004133.jpg,person,72.0,118.0,57.0,212.0
004135.jpg,aeroplane,110.0,123.0,188.0,83.0
004136.jpg,bicycle,117.0,131.0,170.0,142.0
004136.jpg,person,105.0,119.0,79.0,201.0
004136.jpg,car,212.0,38.0,24.0,33.0
004136.jpg,car,165.0,22.0,23.0,14.0
004136.jpg,car,109.0,23.0,34.0,24.0
004136.jpg,car,48.0,17.0,22.0,12.0
004136.jpg,car,30.0,17.0,16.0,9.0
004136.jpg,car,14.0,16.0,10.0,10.0
004136.jpg,car,147.0,22.0,15.0,9.0
004136.jpg,bus,102.0,14.0,78.0,26.0
004137.jpg,dog,162.0,148.0,111.0,145.0
004137.jpg,person,60.0,137.0,119.0,145.0
004138.jpg,person,171.0,170.0,106.0,109.0
004138.jpg,person,106.0,129.0,204.0,190.0
004140.jpg,bicycle,112.0,112.0,223.0,223.0
004140.jpg,bottle,86.0,101.0,16.0,47.0
004140.jpg,bottle,108.0,110.0,34.0,40.0
004141.jpg,cow,215.0,65.0,19.0,121.0
004141.jpg,cow,86.0,111.0,161.0,215.0
004141.jpg,person,172.0,109.0,97.0,134.0
004142.jpg,dog,16.0,122.0,30.0,32.0
004142.jpg,person,75.0,122.0,80.0,181.0
004142.jpg,person,134.0,112.0,157.0,223.0
004142.jpg,sofa,31.0,139.0,62.0,131.0
004142.jpg,chair,217.0,142.0,13.0,56.0
004143.jpg,bird,131.0,125.0,132.0,169.0
004145.jpg,motorbike,26.0,120.0,42.0,41.0
004145.jpg,motorbike,170.0,122.0,20.0,53.0
004145.jpg,motorbike,215.0,120.0,18.0,50.0
004145.jpg,motorbike,98.0,124.0,13.0,39.0
004145.jpg,car,221.0,148.0,6.0,79.0
004145.jpg,motorbike,140.0,147.0,41.0,56.0
004145.jpg,car,88.0,115.0,25.0,36.0
004145.jpg,person,194.0,105.0,10.0,56.0
004145.jpg,person,187.0,119.0,21.0,76.0
004145.jpg,person,148.0,131.0,24.0,96.0
004145.jpg,person,130.0,95.0,13.0,26.0
004145.jpg,person,113.0,114.0,20.0,69.0
004145.jpg,person,94.0,113.0,12.0,57.0
004145.jpg,person,36.0,116.0,17.0,62.0
004146.jpg,horse,123.0,130.0,203.0,188.0
004148.jpg,tvmonitor,102.0,128.0,203.0,192.0
004149.jpg,cat,109.0,106.0,78.0,102.0
004149.jpg,diningtable,112.0,139.0,224.0,171.0
004149.jpg,chair,111.0,32.0,49.0,63.0
004149.jpg,chair,165.0,36.0,51.0,66.0
004149.jpg,chair,147.0,176.0,154.0,96.0
004149.jpg,chair,36.0,116.0,70.0,216.0
004150.jpg,cat,131.0,154.0,161.0,86.0
004150.jpg,tvmonitor,88.0,94.0,157.0,123.0
004152.jpg,bottle,158.0,106.0,133.0,171.0
004152.jpg,bottle,122.0,186.0,104.0,77.0
004152.jpg,bottle,61.0,78.0,121.0,128.0
004158.jpg,bottle,140.0,164.0,20.0,83.0
004158.jpg,bottle,89.0,148.0,16.0,83.0
004158.jpg,bottle,112.0,150.0,16.0,85.0
004158.jpg,person,26.0,128.0,52.0,192.0
004158.jpg,person,75.0,104.0,70.0,133.0
004158.jpg,person,199.0,132.0,50.0,167.0
004163.jpg,tvmonitor,135.0,115.0,48.0,53.0
004164.jpg,chair,92.0,112.0,26.0,40.0
004164.jpg,tvmonitor,166.0,102.0,30.0,42.0
004164.jpg,sofa,97.0,179.0,189.0,78.0
004168.jpg,horse,160.0,165.0,62.0,102.0
004168.jpg,person,151.0,130.0,42.0,90.0
004169.jpg,person,109.0,117.0,217.0,214.0
004170.jpg,boat,109.0,147.0,150.0,41.0
004170.jpg,person,157.0,120.0,15.0,36.0
004170.jpg,person,146.0,130.0,13.0,27.0
004170.jpg,person,63.0,112.0,14.0,37.0
004170.jpg,person,82.0,121.0,25.0,51.0
004170.jpg,person,89.0,120.0,13.0,52.0
004171.jpg,bird,93.0,165.0,88.0,59.0
004174.jpg,bus,31.0,151.0,60.0,73.0
004178.jpg,dog,87.0,144.0,103.0,146.0
004178.jpg,dog,175.0,125.0,98.0,139.0
004185.jpg,cat,110.0,110.0,196.0,113.0
004186.jpg,bus,92.0,140.0,176.0,167.0
004186.jpg,bus,60.0,82.0,118.0,133.0
004186.jpg,car,144.0,37.0,37.0,27.0
004186.jpg,car,171.0,17.0,27.0,20.0
004186.jpg,car,181.0,31.0,34.0,27.0
004186.jpg,car,211.0,37.0,26.0,36.0
004186.jpg,car,118.0,18.0,25.0,19.0
004186.jpg,car,145.0,8.0,25.0,14.0
004189.jpg,dog,115.0,113.0,78.0,150.0
004190.jpg,tvmonitor,45.0,132.0,90.0,126.0
004191.jpg,motorbike,146.0,138.0,76.0,70.0
004191.jpg,person,157.0,126.0,57.0,69.0
004192.jpg,tvmonitor,83.0,155.0,43.0,48.0
004193.jpg,tvmonitor,87.0,142.0,46.0,60.0
004193.jpg,bottle,127.0,54.0,5.0,24.0
004193.jpg,bottle,133.0,52.0,7.0,23.0
004193.jpg,chair,134.0,198.0,73.0,51.0
004194.jpg,boat,177.0,150.0,40.0,55.0
004195.jpg,horse,47.0,148.0,74.0,76.0
004195.jpg,person,49.0,119.0,18.0,51.0
004195.jpg,person,78.0,158.0,22.0,53.0
004196.jpg,aeroplane,112.0,100.0,91.0,105.0
004200.jpg,cow,50.0,127.0,79.0,165.0
004200.jpg,cow,127.0,124.0,63.0,160.0
004200.jpg,cow,188.0,117.0,69.0,183.0
004201.jpg,person,140.0,148.0,156.0,152.0
004201.jpg,person,134.0,142.0,166.0,164.0
004201.jpg,chair,91.0,169.0,171.0,111.0
004203.jpg,car,100.0,55.0,54.0,66.0
004203.jpg,car,132.0,51.0,22.0,31.0
004203.jpg,car,145.0,45.0,13.0,19.0
004203.jpg,car,46.0,113.0,90.0,223.0
004204.jpg,bird,177.0,59.0,28.0,57.0
004204.jpg,bird,127.0,122.0,44.0,99.0
004204.jpg,bird,53.0,115.0,53.0,88.0
004204.jpg,bird,78.0,36.0,31.0,31.0
004204.jpg,bird,15.0,55.0,30.0,35.0
004205.jpg,person,56.0,116.0,109.0,217.0
004205.jpg,person,172.0,112.0,103.0,223.0
004205.jpg,person,101.0,108.0,32.0,156.0
004205.jpg,person,135.0,78.0,25.0,65.0
004209.jpg,dog,29.0,87.0,32.0,59.0
004209.jpg,dog,97.0,94.0,37.0,49.0
004209.jpg,person,138.0,58.0,33.0,113.0
004209.jpg,person,178.0,73.0,35.0,143.0
004212.jpg,cat,76.0,146.0,73.0,81.0
004212.jpg,pottedplant,214.0,121.0,21.0,105.0
004215.jpg,motorbike,93.0,112.0,178.0,222.0
004220.jpg,bird,119.0,116.0,102.0,55.0
004221.jpg,bird,126.0,118.0,36.0,51.0
004223.jpg,person,136.0,114.0,108.0,221.0
004224.jpg,aeroplane,115.0,116.0,188.0,126.0
004224.jpg,person,89.0,176.0,28.0,78.0
004224.jpg,person,5.0,127.0,7.0,24.0
004228.jpg,car,106.0,127.0,173.0,146.0
004228.jpg,car,12.0,70.0,23.0,74.0
004228.jpg,car,36.0,54.0,37.0,24.0
004229.jpg,motorbike,60.0,122.0,87.0,57.0
004229.jpg,person,71.0,107.0,44.0,76.0
004230.jpg,person,164.0,153.0,88.0,142.0
004230.jpg,person,129.0,124.0,190.0,199.0
004231.jpg,car,67.0,95.0,104.0,46.0
004231.jpg,tvmonitor,202.0,74.0,38.0,42.0
004231.jpg,tvmonitor,185.0,132.0,22.0,44.0
004231.jpg,tvmonitor,218.0,133.0,13.0,39.0
004231.jpg,person,187.0,155.0,74.0,107.0
004232.jpg,dog,28.0,132.0,34.0,43.0
004232.jpg,dog,60.0,137.0,22.0,36.0
004232.jpg,dog,128.0,127.0,30.0,37.0
004232.jpg,person,8.0,107.0,14.0,75.0
004237.jpg,tvmonitor,163.0,159.0,122.0,129.0
004237.jpg,tvmonitor,38.0,113.0,75.0,222.0
004237.jpg,person,89.0,141.0,60.0,116.0
004239.jpg,sheep,87.0,127.0,172.0,174.0
004239.jpg,sheep,145.0,137.0,153.0,112.0
004241.jpg,boat,112.0,121.0,108.0,146.0
004242.jpg,car,107.0,116.0,211.0,216.0
004244.jpg,car,189.0,63.0,71.0,36.0
004244.jpg,car,116.0,83.0,193.0,69.0
004244.jpg,car,134.0,165.0,181.0,115.0
004244.jpg,person,138.0,128.0,51.0,62.0
004244.jpg,person,47.0,129.0,78.0,136.0
004244.jpg,person,35.0,145.0,69.0,158.0
004246.jpg,person,76.0,156.0,65.0,136.0
004246.jpg,boat,103.0,90.0,177.0,176.0
004247.jpg,bird,74.0,128.0,48.0,34.0
004247.jpg,bird,93.0,118.0,19.0,41.0
004253.jpg,chair,88.0,158.0,50.0,87.0
004253.jpg,chair,100.0,136.0,39.0,76.0
004253.jpg,chair,140.0,146.0,35.0,75.0
004253.jpg,chair,154.0,105.0,13.0,26.0
004253.jpg,diningtable,115.0,153.0,81.0,91.0
004255.jpg,motorbike,14.0,71.0,26.0,51.0
004255.jpg,motorbike,38.0,8.0,42.0,13.0
004255.jpg,motorbike,101.0,11.0,30.0,21.0
004255.jpg,motorbike,131.0,13.0,39.0,26.0
004255.jpg,motorbike,176.0,18.0,23.0,35.0
004255.jpg,motorbike,100.0,111.0,199.0,219.0
004256.jpg,train,112.0,105.0,223.0,207.0
004257.jpg,person,199.0,150.0,51.0,148.0
004257.jpg,chair,25.0,177.0,49.0,92.0
004257.jpg,chair,164.0,186.0,66.0,76.0
004258.jpg,boat,77.0,62.0,153.0,122.0
004258.jpg,boat,181.0,47.0,86.0,89.0
004258.jpg,person,125.0,49.0,25.0,42.0
004258.jpg,person,183.0,51.0,9.0,17.0
004258.jpg,person,48.0,28.0,14.0,19.0
004258.jpg,person,148.0,52.0,20.0,36.0
004258.jpg,person,164.0,46.0,13.0,41.0
004258.jpg,person,27.0,33.0,15.0,65.0
004258.jpg,person,40.0,23.0,13.0,42.0
004258.jpg,person,194.0,42.0,19.0,30.0
004259.jpg,sofa,106.0,137.0,101.0,75.0
004259.jpg,chair,52.0,179.0,66.0,86.0
004259.jpg,person,95.0,140.0,36.0,82.0
004263.jpg,bird,99.0,147.0,130.0,144.0
004264.jpg,dog,105.0,110.0,82.0,148.0
004265.jpg,person,147.0,124.0,67.0,82.0
004269.jpg,person,63.0,134.0,125.0,181.0
004269.jpg,person,179.0,125.0,90.0,197.0
004270.jpg,person,160.0,148.0,69.0,152.0
004270.jpg,person,106.0,143.0,86.0,162.0
004270.jpg,chair,89.0,176.0,92.0,96.0
004270.jpg,chair,110.0,196.0,51.0,57.0
004271.jpg,bird,121.0,138.0,22.0,34.0
004272.jpg,dog,158.0,121.0,122.0,111.0
004273.jpg,person,72.0,116.0,143.0,215.0
004273.jpg,person,171.0,130.0,106.0,189.0
004274.jpg,tvmonitor,173.0,90.0,102.0,175.0
004274.jpg,pottedplant,61.0,89.0,121.0,177.0
004275.jpg,motorbike,140.0,150.0,168.0,147.0
004275.jpg,person,114.0,66.0,76.0,91.0
004275.jpg,pottedplant,193.0,73.0,20.0,29.0
004275.jpg,pottedplant,212.0,74.0,19.0,30.0
004275.jpg,pottedplant,207.0,29.0,30.0,30.0
004279.jpg,bottle,123.0,131.0,13.0,63.0
004279.jpg,person,39.0,131.0,75.0,185.0
004279.jpg,person,60.0,116.0,53.0,162.0
004279.jpg,person,111.0,85.0,81.0,88.0
004279.jpg,person,153.0,91.0,38.0,122.0
004279.jpg,person,192.0,136.0,64.0,173.0
004279.jpg,diningtable,131.0,202.0,143.0,43.0
004279.jpg,diningtable,118.0,148.0,101.0,67.0
004280.jpg,bottle,161.0,153.0,77.0,142.0
004281.jpg,train,172.0,112.0,103.0,223.0
004281.jpg,person,212.0,190.0,24.0,69.0
004283.jpg,motorbike,158.0,112.0,133.0,223.0
004284.jpg,car,70.0,129.0,50.0,57.0
004284.jpg,car,143.0,122.0,62.0,66.0
004286.jpg,aeroplane,112.0,107.0,216.0,91.0
004287.jpg,person,112.0,112.0,223.0,223.0
004287.jpg,cat,101.0,135.0,135.0,179.0
004291.jpg,bottle,186.0,184.0,46.0,81.0
004291.jpg,person,113.0,112.0,222.0,224.0
004292.jpg,pottedplant,58.0,128.0,104.0,114.0
004292.jpg,person,128.0,92.0,69.0,155.0
004293.jpg,dog,95.0,173.0,82.0,84.0
004295.jpg,car,110.0,108.0,187.0,203.0
004296.jpg,diningtable,106.0,165.0,172.0,119.0
004296.jpg,diningtable,128.0,67.0,120.0,77.0
004296.jpg,diningtable,141.0,21.0,89.0,41.0
004296.jpg,bottle,142.0,19.0,11.0,14.0
004296.jpg,bottle,122.0,61.0,19.0,30.0
004296.jpg,person,73.0,22.0,48.0,43.0
004296.jpg,person,58.0,42.0,62.0,51.0
004296.jpg,person,59.0,69.0,60.0,60.0
004296.jpg,person,43.0,126.0,85.0,91.0
004296.jpg,person,21.0,197.0,39.0,51.0
004296.jpg,person,182.0,28.0,59.0,54.0
004296.jpg,person,206.0,64.0,35.0,106.0
004296.jpg,person,206.0,112.0,36.0,113.0
004298.jpg,dog,142.0,135.0,29.0,69.0
004298.jpg,sofa,99.0,157.0,197.0,135.0
004298.jpg,person,117.0,136.0,92.0,173.0
004300.jpg,motorbike,70.0,155.0,70.0,69.0
004303.jpg,bus,69.0,113.0,136.0,222.0
004303.jpg,car,200.0,113.0,32.0,20.0
004303.jpg,car,158.0,119.0,52.0,31.0
004303.jpg,car,185.0,108.0,21.0,14.0
004303.jpg,car,164.0,104.0,13.0,11.0
004304.jpg,car,135.0,126.0,115.0,109.0
004304.jpg,person,47.0,112.0,48.0,197.0
004307.jpg,horse,140.0,118.0,127.0,118.0
004307.jpg,horse,80.0,115.0,105.0,101.0
004310.jpg,cat,86.0,114.0,89.0,79.0
004310.jpg,chair,97.0,111.0,194.0,220.0
004312.jpg,sheep,128.0,121.0,136.0,206.0
004315.jpg,train,134.0,114.0,87.0,93.0
004318.jpg,dog,109.0,77.0,217.0,99.0
004321.jpg,motorbike,119.0,142.0,183.0,160.0
004321.jpg,person,121.0,84.0,86.0,159.0
004322.jpg,bottle,18.0,188.0,32.0,62.0
004322.jpg,person,82.0,120.0,160.0,207.0
004323.jpg,horse,173.0,109.0,86.0,62.0
004323.jpg,horse,66.0,150.0,87.0,147.0
004323.jpg,person,196.0,80.0,40.0,56.0
004323.jpg,person,78.0,97.0,81.0,99.0
004325.jpg,boat,55.0,82.0,108.0,145.0
004326.jpg,bird,49.0,81.0,21.0,48.0
004327.jpg,dog,113.0,128.0,215.0,185.0
004327.jpg,person,120.0,106.0,121.0,210.0
004327.jpg,person,22.0,84.0,43.0,167.0
004329.jpg,car,207.0,116.0,20.0,22.0
004329.jpg,car,177.0,108.0,40.0,57.0
004329.jpg,car,110.0,131.0,43.0,46.0
004329.jpg,person,47.0,128.0,20.0,62.0
004329.jpg,person,85.0,141.0,21.0,87.0
004329.jpg,person,111.0,140.0,18.0,87.0
004329.jpg,person,137.0,128.0,16.0,67.0
004329.jpg,person,161.0,124.0,13.0,76.0
004329.jpg,person,151.0,146.0,35.0,106.0
004331.jpg,tvmonitor,114.0,106.0,78.0,118.0
004333.jpg,bottle,172.0,90.0,26.0,134.0
004333.jpg,bottle,197.0,99.0,23.0,121.0
004333.jpg,bottle,216.0,162.0,16.0,125.0
004338.jpg,motorbike,116.0,130.0,171.0,160.0
004339.jpg,horse,78.0,146.0,112.0,113.0
004339.jpg,person,79.0,94.0,71.0,102.0
004341.jpg,tvmonitor,104.0,122.0,143.0,180.0
004345.jpg,cat,106.0,109.0,117.0,208.0
004346.jpg,car,88.0,172.0,174.0,45.0
004346.jpg,car,182.0,168.0,43.0,30.0
004346.jpg,car,210.0,174.0,28.0,38.0
004346.jpg,person,30.0,157.0,6.0,16.0
004346.jpg,person,12.0,157.0,9.0,22.0
004346.jpg,person,3.0,162.0,5.0,27.0
004346.jpg,person,39.0,155.0,6.0,14.0
004346.jpg,person,22.0,156.0,7.0,15.0
004346.jpg,person,178.0,160.0,6.0,11.0
004347.jpg,bird,120.0,116.0,80.0,217.0
004349.jpg,bird,55.0,41.0,30.0,23.0
004349.jpg,bird,82.0,65.0,30.0,23.0
004349.jpg,bird,83.0,47.0,31.0,26.0
004349.jpg,bird,85.0,204.0,34.0,24.0
004349.jpg,bird,142.0,193.0,49.0,29.0
004349.jpg,bird,185.0,181.0,37.0,23.0
004349.jpg,bird,211.0,118.0,26.0,27.0
004349.jpg,bird,141.0,116.0,43.0,26.0
004349.jpg,bird,171.0,84.0,33.0,24.0
004349.jpg,bird,177.0,14.0,34.0,22.0
004349.jpg,bird,131.0,15.0,28.0,23.0
004349.jpg,bird,149.0,24.0,28.0,17.0
004349.jpg,bird,40.0,57.0,29.0,26.0
004349.jpg,bird,57.0,188.0,47.0,32.0
004349.jpg,bird,102.0,183.0,26.0,27.0
004349.jpg,bird,164.0,175.0,39.0,23.0
004349.jpg,bird,163.0,129.0,32.0,19.0
004349.jpg,bird,97.0,164.0,52.0,35.0
004349.jpg,bird,64.0,139.0,34.0,29.0
004349.jpg,bird,52.0,103.0,30.0,37.0
004349.jpg,bird,83.0,93.0,31.0,33.0
004349.jpg,bird,184.0,68.0,37.0,28.0
004349.jpg,bird,143.0,57.0,29.0,31.0
004349.jpg,bird,93.0,33.0,23.0,21.0
004349.jpg,bird,76.0,28.0,17.0,24.0
004349.jpg,bird,112.0,136.0,43.0,30.0
004349.jpg,bird,210.0,27.0,18.0,30.0
004349.jpg,bird,190.0,39.0,33.0,30.0
004349.jpg,bird,165.0,37.0,28.0,17.0
004349.jpg,bird,170.0,48.0,23.0,33.0
004349.jpg,bird,117.0,82.0,32.0,33.0
004349.jpg,bird,117.0,72.0,34.0,22.0
004349.jpg,bird,148.0,77.0,23.0,28.0
004349.jpg,bird,148.0,99.0,30.0,21.0
004349.jpg,bird,169.0,107.0,30.0,25.0
004349.jpg,bird,213.0,94.0,21.0,27.0
004349.jpg,bird,202.0,10.0,22.0,17.0
004349.jpg,bird,194.0,57.0,32.0,23.0
004349.jpg,bird,123.0,43.0,21.0,28.0
004349.jpg,bird,133.0,30.0,22.0,28.0
004349.jpg,bird,101.0,59.0,20.0,26.0
004349.jpg,bird,208.0,68.0,29.0,15.0
004351.jpg,aeroplane,59.0,34.0,28.0,34.0
004352.jpg,dog,112.0,139.0,219.0,164.0
004354.jpg,train,116.0,108.0,206.0,214.0
004356.jpg,person,138.0,99.0,26.0,55.0
004356.jpg,bicycle,130.0,118.0,33.0,41.0
004359.jpg,person,87.0,128.0,27.0,100.0
004359.jpg,person,112.0,113.0,15.0,46.0
004359.jpg,person,126.0,120.0,19.0,64.0
004359.jpg,bicycle,124.0,141.0,18.0,47.0
004359.jpg,bicycle,83.0,161.0,31.0,71.0
004359.jpg,bicycle,112.0,128.0,13.0,36.0
004360.jpg,person,118.0,127.0,212.0,195.0
004360.jpg,person,174.0,80.0,75.0,74.0
004361.jpg,motorbike,213.0,141.0,21.0,77.0
004361.jpg,motorbike,168.0,119.0,69.0,95.0
004361.jpg,motorbike,116.0,119.0,65.0,108.0
004361.jpg,motorbike,46.0,119.0,59.0,95.0
004361.jpg,person,38.0,50.0,15.0,54.0
004364.jpg,sofa,74.0,145.0,50.0,69.0
004364.jpg,pottedplant,20.0,157.0,30.0,134.0
004364.jpg,chair,119.0,129.0,15.0,34.0
004364.jpg,pottedplant,101.0,108.0,14.0,20.0
004365.jpg,car,121.0,108.0,191.0,122.0
004365.jpg,car,192.0,95.0,64.0,65.0
004367.jpg,car,136.0,127.0,175.0,194.0
004368.jpg,cow,168.0,119.0,96.0,63.0
004368.jpg,cow,50.0,116.0,88.0,56.0
004368.jpg,cow,90.0,124.0,73.0,62.0
004369.jpg,sofa,110.0,129.0,103.0,137.0
004369.jpg,sofa,23.0,206.0,46.0,36.0
004370.jpg,bottle,101.0,120.0,16.0,30.0
004370.jpg,person,114.0,132.0,134.0,184.0
004370.jpg,person,59.0,112.0,116.0,221.0
004371.jpg,boat,146.0,115.0,75.0,26.0
004371.jpg,boat,211.0,120.0,26.0,22.0
004371.jpg,boat,206.0,117.0,26.0,24.0
004371.jpg,boat,194.0,120.0,22.0,18.0
004372.jpg,horse,103.0,134.0,78.0,112.0
004372.jpg,person,93.0,105.0,32.0,111.0
004376.jpg,cat,137.0,117.0,174.0,214.0
004379.jpg,aeroplane,105.0,122.0,64.0,28.0
004380.jpg,motorbike,115.0,129.0,219.0,191.0
004380.jpg,person,111.0,106.0,215.0,188.0
004380.jpg,person,105.0,95.0,157.0,98.0
004384.jpg,car,146.0,145.0,155.0,159.0
004384.jpg,person,169.0,158.0,75.0,132.0
004386.jpg,car,90.0,138.0,164.0,170.0
004386.jpg,train,98.0,15.0,20.0,29.0
004386.jpg,train,127.0,13.0,22.0,22.0
004386.jpg,train,150.0,15.0,27.0,19.0
004387.jpg,boat,112.0,106.0,224.0,210.0
004387.jpg,boat,107.0,113.0,32.0,15.0
004387.jpg,boat,157.0,121.0,47.0,22.0
004387.jpg,boat,203.0,123.0,41.0,21.0
004387.jpg,bus,182.0,185.0,84.0,57.0
004387.jpg,car,74.0,205.0,14.0,19.0
004387.jpg,person,219.0,202.0,11.0,45.0
004387.jpg,person,206.0,203.0,11.0,42.0
004387.jpg,person,190.0,204.0,13.0,40.0
004387.jpg,person,184.0,201.0,9.0,45.0
004387.jpg,person,168.0,203.0,13.0,41.0
004387.jpg,person,135.0,200.0,14.0,47.0
004387.jpg,person,145.0,205.0,10.0,37.0
004387.jpg,person,119.0,203.0,17.0,42.0
004387.jpg,person,108.0,203.0,13.0,41.0
004387.jpg,person,96.0,204.0,13.0,39.0
004387.jpg,person,90.0,203.0,9.0,42.0
004387.jpg,person,82.0,204.0,10.0,38.0
004387.jpg,person,62.0,204.0,17.0,40.0
004387.jpg,person,50.0,203.0,21.0,42.0
004387.jpg,person,28.0,202.0,16.0,42.0
004387.jpg,person,15.0,205.0,11.0,37.0
004387.jpg,person,6.0,205.0,10.0,38.0
004389.jpg,horse,126.0,165.0,169.0,115.0
004389.jpg,person,136.0,89.0,88.0,113.0
004390.jpg,aeroplane,113.0,107.0,216.0,95.0
004391.jpg,aeroplane,118.0,113.0,51.0,20.0
004392.jpg,chair,172.0,174.0,50.0,81.0
004392.jpg,chair,183.0,194.0,66.0,61.0
004392.jpg,pottedplant,213.0,83.0,22.0,82.0
004392.jpg,pottedplant,217.0,171.0,13.0,92.0
004392.jpg,person,115.0,145.0,69.0,158.0
004392.jpg,person,97.0,147.0,34.0,154.0
004396.jpg,aeroplane,113.0,123.0,13.0,11.0
004397.jpg,person,100.0,99.0,198.0,197.0
004404.jpg,cat,154.0,91.0,37.0,29.0
004404.jpg,cat,70.0,171.0,36.0,52.0
004404.jpg,person,105.0,129.0,142.0,189.0
004405.jpg,diningtable,103.0,165.0,198.0,115.0
004405.jpg,chair,144.0,148.0,116.0,134.0
004405.jpg,chair,179.0,126.0,91.0,107.0
004405.jpg,chair,52.0,181.0,104.0,86.0
004409.jpg,dog,81.0,96.0,161.0,190.0
004411.jpg,train,96.0,124.0,192.0,200.0
004421.jpg,chair,128.0,192.0,55.0,64.0
004421.jpg,chair,207.0,162.0,33.0,24.0
004421.jpg,chair,197.0,133.0,22.0,9.0
004421.jpg,chair,28.0,148.0,20.0,52.0
004421.jpg,chair,60.0,152.0,51.0,65.0
004421.jpg,chair,24.0,172.0,45.0,82.0
004421.jpg,diningtable,100.0,155.0,124.0,59.0
004421.jpg,diningtable,182.0,198.0,84.0,52.0
004423.jpg,sheep,70.0,125.0,93.0,122.0
004423.jpg,sheep,154.0,111.0,91.0,119.0
004423.jpg,sheep,113.0,149.0,35.0,91.0
004424.jpg,person,139.0,134.0,79.0,181.0
004424.jpg,person,192.0,136.0,63.0,176.0
004424.jpg,person,102.0,132.0,102.0,184.0
004424.jpg,person,24.0,55.0,20.0,20.0
004424.jpg,person,67.0,44.0,16.0,22.0
004429.jpg,car,114.0,136.0,217.0,131.0
004429.jpg,bicycle,65.0,40.0,67.0,69.0
004430.jpg,bicycle,76.0,110.0,68.0,186.0
004432.jpg,cat,112.0,117.0,222.0,213.0
004433.jpg,dog,128.0,190.0,191.0,67.0
004433.jpg,person,125.0,109.0,88.0,148.0
004433.jpg,person,87.0,52.0,46.0,34.0
004433.jpg,pottedplant,168.0,29.0,45.0,45.0
004434.jpg,dog,114.0,153.0,100.0,75.0
004436.jpg,train,118.0,120.0,91.0,102.0
004437.jpg,train,197.0,98.0,54.0,161.0
004437.jpg,train,121.0,114.0,133.0,174.0
004437.jpg,person,65.0,137.0,11.0,26.0
004437.jpg,person,37.0,144.0,16.0,63.0
004437.jpg,person,49.0,133.0,4.0,11.0
004437.jpg,train,198.0,100.0,52.0,159.0
004437.jpg,train,10.0,130.0,20.0,25.0
004438.jpg,dog,90.0,152.0,42.0,55.0
004438.jpg,person,104.0,147.0,95.0,153.0
004438.jpg,person,164.0,113.0,58.0,174.0
004438.jpg,tvmonitor,35.0,143.0,60.0,101.0
004439.jpg,car,171.0,187.0,50.0,38.0
004439.jpg,car,112.0,186.0,47.0,28.0
004439.jpg,car,69.0,182.0,22.0,18.0
004439.jpg,car,209.0,180.0,29.0,19.0
004441.jpg,cow,86.0,79.0,36.0,20.0
004446.jpg,cat,147.0,166.0,91.0,78.0
004446.jpg,pottedplant,114.0,84.0,109.0,167.0
004450.jpg,horse,92.0,83.0,182.0,166.0
004452.jpg,aeroplane,194.0,165.0,19.0,30.0
004455.jpg,cat,94.0,108.0,41.0,61.0
004455.jpg,pottedplant,124.0,110.0,176.0,218.0
004457.jpg,person,204.0,135.0,41.0,177.0
004457.jpg,person,37.0,127.0,69.0,195.0
004457.jpg,person,103.0,147.0,69.0,154.0
004459.jpg,person,49.0,135.0,9.0,29.0
004459.jpg,person,25.0,133.0,8.0,25.0
004459.jpg,person,30.0,136.0,9.0,26.0
004459.jpg,aeroplane,112.0,83.0,223.0,152.0
004459.jpg,person,74.0,132.0,8.0,24.0
004459.jpg,person,78.0,131.0,5.0,27.0
004463.jpg,motorbike,128.0,149.0,153.0,127.0
004463.jpg,person,71.0,142.0,39.0,164.0
004464.jpg,dog,129.0,151.0,41.0,99.0
004464.jpg,person,77.0,62.0,60.0,122.0
004464.jpg,boat,131.0,46.0,13.0,28.0
004466.jpg,person,103.0,61.0,9.0,33.0
004466.jpg,person,43.0,57.0,7.0,22.0
004466.jpg,person,30.0,59.0,8.0,19.0
004466.jpg,person,192.0,67.0,19.0,62.0
004466.jpg,person,175.0,68.0,16.0,63.0
004466.jpg,person,145.0,93.0,49.0,168.0
004466.jpg,bottle,87.0,188.0,8.0,33.0
004466.jpg,bottle,97.0,192.0,5.0,23.0
004466.jpg,bottle,123.0,192.0,8.0,27.0
004466.jpg,bottle,131.0,193.0,7.0,26.0
004466.jpg,bottle,79.0,189.0,5.0,24.0
004466.jpg,bottle,68.0,185.0,6.0,29.0
004468.jpg,bottle,105.0,113.0,194.0,221.0
004470.jpg,aeroplane,106.0,105.0,205.0,133.0
004470.jpg,person,32.0,160.0,7.0,26.0
004470.jpg,person,101.0,170.0,9.0,29.0
004471.jpg,person,64.0,129.0,112.0,177.0
004471.jpg,person,149.0,122.0,79.0,161.0
004471.jpg,person,191.0,125.0,67.0,180.0
004474.jpg,cow,129.0,121.0,129.0,206.0
004474.jpg,cow,55.0,58.0,34.0,51.0
004474.jpg,cow,20.0,58.0,33.0,56.0
004479.jpg,person,19.0,116.0,37.0,157.0
004479.jpg,bottle,50.0,202.0,24.0,43.0
004479.jpg,bottle,30.0,193.0,19.0,62.0
004479.jpg,person,122.0,130.0,90.0,172.0
004479.jpg,person,196.0,149.0,57.0,151.0
004481.jpg,car,114.0,148.0,190.0,114.0
004481.jpg,person,90.0,88.0,45.0,88.0
004481.jpg,person,140.0,96.0,40.0,68.0
004484.jpg,chair,83.0,135.0,32.0,44.0
004484.jpg,chair,112.0,124.0,25.0,37.0
004484.jpg,chair,196.0,115.0,28.0,33.0
004484.jpg,chair,35.0,191.0,44.0,66.0
004484.jpg,chair,206.0,174.0,36.0,99.0
004484.jpg,chair,185.0,181.0,40.0,87.0
004484.jpg,diningtable,123.0,171.0,203.0,105.0
004484.jpg,pottedplant,56.0,103.0,32.0,52.0
004487.jpg,horse,97.0,129.0,110.0,117.0
004487.jpg,person,86.0,66.0,91.0,95.0
004488.jpg,car,104.0,153.0,27.0,19.0
004488.jpg,car,132.0,152.0,22.0,16.0
004488.jpg,car,155.0,151.0,20.0,17.0
004490.jpg,sheep,121.0,121.0,137.0,181.0
004493.jpg,bottle,170.0,76.0,22.0,79.0
004493.jpg,diningtable,112.0,140.0,224.0,167.0
004494.jpg,car,112.0,121.0,176.0,177.0
004494.jpg,person,180.0,48.0,28.0,93.0
004494.jpg,car,27.0,29.0,52.0,36.0
004494.jpg,car,20.0,9.0,30.0,14.0
004495.jpg,person,69.0,135.0,131.0,178.0
004495.jpg,person,142.0,136.0,88.0,176.0
004495.jpg,person,201.0,138.0,46.0,170.0
004495.jpg,bottle,174.0,101.0,7.0,25.0
004496.jpg,chair,36.0,201.0,50.0,45.0
004496.jpg,chair,140.0,188.0,25.0,73.0
004496.jpg,person,170.0,120.0,83.0,207.0
004496.jpg,person,102.0,114.0,84.0,215.0
004496.jpg,person,42.0,102.0,53.0,159.0
004498.jpg,boat,115.0,99.0,60.0,56.0
004499.jpg,sofa,112.0,128.0,223.0,192.0
004499.jpg,person,127.0,139.0,185.0,170.0
004499.jpg,person,153.0,188.0,134.0,71.0
004499.jpg,person,162.0,107.0,124.0,185.0
004500.jpg,cow,73.0,108.0,90.0,85.0
004500.jpg,cow,36.0,124.0,70.0,88.0
004502.jpg,cat,102.0,122.0,153.0,180.0
004507.jpg,motorbike,104.0,112.0,203.0,220.0
004508.jpg,bottle,22.0,61.0,11.0,51.0
004508.jpg,bottle,170.0,159.0,6.0,38.0
004508.jpg,bottle,174.0,162.0,8.0,36.0
004508.jpg,person,67.0,144.0,118.0,156.0
004508.jpg,person,211.0,113.0,26.0,221.0
004509.jpg,bicycle,129.0,154.0,190.0,113.0
004509.jpg,person,130.0,103.0,165.0,154.0
004510.jpg,tvmonitor,82.0,61.0,54.0,62.0
004510.jpg,chair,80.0,171.0,69.0,105.0
004510.jpg,chair,207.0,132.0,35.0,164.0
004512.jpg,dog,92.0,171.0,99.0,86.0
004512.jpg,dog,62.0,114.0,21.0,56.0
004512.jpg,person,189.0,61.0,34.0,121.0
004512.jpg,person,63.0,74.0,37.0,68.0
004512.jpg,person,22.0,148.0,44.0,136.0
004512.jpg,chair,160.0,106.0,29.0,52.0
004514.jpg,tvmonitor,146.0,88.0,116.0,154.0
004517.jpg,person,95.0,134.0,188.0,180.0
004518.jpg,person,19.0,91.0,37.0,149.0
004519.jpg,car,112.0,105.0,142.0,78.0
004520.jpg,person,60.0,139.0,118.0,169.0
004520.jpg,person,195.0,83.0,59.0,98.0
004520.jpg,person,138.0,124.0,124.0,200.0
004520.jpg,person,53.0,76.0,105.0,128.0
004524.jpg,bird,155.0,184.0,32.0,42.0
004524.jpg,bird,127.0,90.0,24.0,24.0
004524.jpg,bird,215.0,132.0,17.0,27.0
004524.jpg,bird,66.0,7.0,35.0,12.0
004526.jpg,car,121.0,93.0,149.0,99.0
004527.jpg,sheep,167.0,103.0,69.0,53.0
004527.jpg,sheep,140.0,75.0,67.0,17.0
004527.jpg,sheep,155.0,71.0,68.0,17.0
004527.jpg,sheep,68.0,91.0,69.0,64.0
004527.jpg,sheep,16.0,70.0,30.0,43.0
004527.jpg,sheep,68.0,53.0,42.0,11.0
004527.jpg,sheep,118.0,56.0,28.0,13.0
004527.jpg,sheep,121.0,53.0,58.0,17.0
004527.jpg,sheep,111.0,106.0,53.0,56.0
004527.jpg,sheep,208.0,58.0,26.0,15.0
004527.jpg,sheep,33.0,81.0,59.0,49.0
004527.jpg,sheep,214.0,73.0,21.0,36.0
004527.jpg,sheep,219.0,47.0,10.0,14.0
004527.jpg,sheep,177.0,55.0,22.0,16.0
004527.jpg,sheep,181.0,59.0,28.0,12.0
004527.jpg,sheep,197.0,87.0,26.0,51.0
004527.jpg,sheep,151.0,58.0,31.0,17.0
004527.jpg,sheep,61.0,62.0,11.0,13.0
004527.jpg,sheep,41.0,56.0,23.0,11.0
004528.jpg,person,67.0,86.0,87.0,82.0
004528.jpg,aeroplane,112.0,66.0,216.0,112.0
004530.jpg,bus,105.0,100.0,162.0,152.0
004530.jpg,person,73.0,76.0,21.0,24.0
004532.jpg,boat,112.0,114.0,222.0,143.0
004535.jpg,horse,112.0,132.0,150.0,163.0
004535.jpg,person,126.0,78.0,51.0,116.0
004537.jpg,horse,131.0,127.0,99.0,113.0
004537.jpg,cow,30.0,162.0,59.0,103.0
004537.jpg,cow,44.0,93.0,88.0,70.0
004537.jpg,cow,138.0,73.0,37.0,36.0
004537.jpg,cow,155.0,70.0,75.0,57.0
004537.jpg,cow,207.0,86.0,27.0,80.0
004537.jpg,person,106.0,85.0,30.0,133.0
004539.jpg,car,38.0,192.0,72.0,63.0
004539.jpg,car,37.0,157.0,37.0,23.0
004539.jpg,car,189.0,187.0,69.0,72.0
004539.jpg,car,206.0,149.0,35.0,16.0
004539.jpg,car,129.0,152.0,18.0,17.0
004539.jpg,car,134.0,145.0,15.0,23.0
004539.jpg,car,118.0,141.0,5.0,7.0
004540.jpg,sofa,115.0,102.0,219.0,78.0
004542.jpg,person,179.0,114.0,56.0,204.0
004542.jpg,person,115.0,135.0,50.0,129.0
004542.jpg,person,30.0,177.0,56.0,93.0
004542.jpg,person,44.0,148.0,26.0,85.0
004542.jpg,sofa,142.0,136.0,164.0,110.0
004544.jpg,bus,120.0,112.0,177.0,154.0
004544.jpg,car,216.0,122.0,16.0,25.0
004548.jpg,dog,124.0,101.0,122.0,131.0
004549.jpg,tvmonitor,82.0,90.0,39.0,47.0
004549.jpg,chair,191.0,125.0,65.0,73.0
004549.jpg,sofa,112.0,196.0,223.0,57.0
004551.jpg,dog,111.0,112.0,220.0,223.0
004552.jpg,bus,104.0,102.0,179.0,168.0
004553.jpg,horse,143.0,147.0,160.0,154.0
004553.jpg,person,33.0,155.0,20.0,89.0
004553.jpg,person,137.0,96.0,56.0,145.0
004555.jpg,aeroplane,111.0,141.0,95.0,48.0
004558.jpg,pottedplant,105.0,41.0,39.0,26.0
004558.jpg,pottedplant,105.0,90.0,36.0,30.0
004558.jpg,pottedplant,104.0,142.0,34.0,31.0
004558.jpg,pottedplant,121.0,183.0,89.0,55.0
004562.jpg,person,187.0,58.0,56.0,113.0
004562.jpg,person,25.0,28.0,48.0,54.0
004562.jpg,sofa,102.0,70.0,116.0,79.0
004563.jpg,car,43.0,163.0,34.0,32.0
004563.jpg,car,78.0,157.0,18.0,11.0
004563.jpg,car,175.0,149.0,23.0,13.0
004563.jpg,person,196.0,146.0,8.0,25.0
004563.jpg,person,207.0,146.0,6.0,26.0
004563.jpg,person,135.0,151.0,6.0,15.0
004565.jpg,dog,88.0,141.0,173.0,163.0
004566.jpg,cat,96.0,123.0,124.0,130.0
004566.jpg,cat,159.0,75.0,129.0,149.0
004570.jpg,aeroplane,84.0,74.0,164.0,145.0
004571.jpg,cow,137.0,126.0,73.0,85.0
004571.jpg,cow,50.0,96.0,50.0,135.0
004571.jpg,person,100.0,72.0,13.0,74.0
004571.jpg,person,112.0,71.0,12.0,65.0
004574.jpg,chair,87.0,157.0,99.0,90.0
004574.jpg,person,88.0,102.0,101.0,92.0
004576.jpg,car,106.0,104.0,184.0,122.0
004576.jpg,car,198.0,69.0,50.0,46.0
004579.jpg,train,112.0,114.0,224.0,69.0
004581.jpg,bus,24.0,62.0,47.0,123.0
004581.jpg,car,222.0,142.0,4.0,50.0
004581.jpg,car,110.0,125.0,207.0,124.0
004584.jpg,sofa,113.0,124.0,220.0,142.0
004585.jpg,cow,28.0,165.0,35.0,45.0
004585.jpg,cow,62.0,142.0,34.0,36.0
004585.jpg,cow,134.0,163.0,37.0,35.0
004585.jpg,cow,154.0,144.0,25.0,26.0
004585.jpg,cow,104.0,128.0,26.0,32.0
004585.jpg,cow,72.0,79.0,22.0,20.0
004585.jpg,cow,103.0,69.0,18.0,11.0
004585.jpg,cow,124.0,70.0,9.0,20.0
004585.jpg,cow,134.0,78.0,8.0,24.0
004585.jpg,cow,168.0,77.0,11.0,20.0
004585.jpg,cow,197.0,94.0,17.0,11.0
004585.jpg,cow,97.0,39.0,17.0,16.0
004585.jpg,cow,81.0,35.0,13.0,11.0
004587.jpg,dog,179.0,146.0,76.0,26.0
004588.jpg,person,55.0,115.0,50.0,68.0
004588.jpg,person,56.0,101.0,49.0,69.0
004588.jpg,person,115.0,87.0,28.0,34.0
004588.jpg,person,142.0,75.0,45.0,25.0
004588.jpg,person,145.0,92.0,46.0,26.0
004588.jpg,person,179.0,123.0,60.0,90.0
004588.jpg,person,152.0,133.0,68.0,75.0
004588.jpg,bottle,133.0,122.0,10.0,20.0
004588.jpg,bottle,113.0,133.0,8.0,21.0
004591.jpg,train,90.0,120.0,56.0,28.0
004591.jpg,car,181.0,201.0,86.0,45.0
004591.jpg,car,185.0,186.0,78.0,40.0
004592.jpg,boat,128.0,99.0,190.0,192.0
004595.jpg,dog,110.0,130.0,78.0,168.0
004595.jpg,person,168.0,112.0,112.0,223.0
004597.jpg,chair,45.0,130.0,17.0,44.0
004600.jpg,cat,107.0,96.0,54.0,144.0
004601.jpg,motorbike,93.0,140.0,52.0,146.0
004601.jpg,person,119.0,118.0,59.0,178.0
004604.jpg,car,39.0,72.0,76.0,81.0
004604.jpg,person,129.0,48.0,20.0,27.0
004604.jpg,person,71.0,40.0,12.0,22.0
004604.jpg,person,199.0,87.0,30.0,151.0
004604.jpg,person,166.0,94.0,52.0,188.0
004604.jpg,motorbike,115.0,83.0,67.0,42.0
004604.jpg,motorbike,101.0,123.0,151.0,88.0
004605.jpg,bicycle,100.0,150.0,116.0,137.0
004605.jpg,bicycle,204.0,49.0,40.0,89.0
004605.jpg,bicycle,103.0,19.0,65.0,37.0
004605.jpg,person,101.0,116.0,60.0,192.0
004605.jpg,person,211.0,124.0,25.0,199.0
004606.jpg,aeroplane,150.0,179.0,14.0,20.0
004607.jpg,sofa,108.0,101.0,133.0,75.0
004607.jpg,chair,189.0,125.0,67.0,111.0
004607.jpg,chair,30.0,126.0,59.0,100.0
004607.jpg,person,163.0,41.0,10.0,53.0
004609.jpg,dog,164.0,132.0,120.0,104.0
004609.jpg,person,96.0,134.0,190.0,179.0
004611.jpg,person,187.0,162.0,56.0,124.0
004611.jpg,person,168.0,131.0,30.0,57.0
004611.jpg,person,140.0,170.0,44.0,105.0
004611.jpg,person,89.0,165.0,60.0,115.0
004611.jpg,person,38.0,160.0,45.0,97.0
004611.jpg,person,119.0,126.0,26.0,50.0
004611.jpg,person,73.0,139.0,13.0,26.0
004611.jpg,diningtable,114.0,183.0,141.0,79.0
004611.jpg,chair,158.0,201.0,47.0,44.0
004611.jpg,chair,100.0,209.0,54.0,29.0
004611.jpg,chair,207.0,203.0,33.0,42.0
004611.jpg,chair,23.0,189.0,44.0,69.0
004612.jpg,bird,112.0,113.0,18.0,47.0
004618.jpg,car,177.0,177.0,47.0,26.0
004622.jpg,person,124.0,126.0,201.0,197.0
004622.jpg,bicycle,122.0,134.0,191.0,179.0
004623.jpg,bird,107.0,131.0,169.0,163.0
004625.jpg,horse,115.0,139.0,157.0,171.0
004626.jpg,train,127.0,114.0,175.0,86.0
004626.jpg,train,21.0,120.0,41.0,62.0
004627.jpg,train,138.0,142.0,102.0,42.0
004627.jpg,train,205.0,153.0,37.0,34.0
004628.jpg,cat,152.0,94.0,93.0,187.0
004630.jpg,person,64.0,115.0,30.0,115.0
004630.jpg,person,90.0,126.0,39.0,155.0
004630.jpg,person,127.0,138.0,63.0,171.0
004630.jpg,person,172.0,134.0,47.0,177.0
004630.jpg,person,119.0,116.0,56.0,215.0
004630.jpg,person,62.0,146.0,121.0,157.0
004630.jpg,person,212.0,91.0,12.0,51.0
004630.jpg,person,196.0,93.0,17.0,57.0
004630.jpg,bus,98.0,44.0,193.0,74.0
004631.jpg,chair,174.0,192.0,84.0,63.0
004631.jpg,chair,211.0,216.0,27.0,15.0
004631.jpg,chair,66.0,184.0,17.0,48.0
004631.jpg,person,147.0,127.0,62.0,117.0
004631.jpg,person,102.0,146.0,97.0,153.0
004631.jpg,pottedplant,37.0,87.0,31.0,34.0
004632.jpg,dog,79.0,134.0,49.0,97.0
004632.jpg,dog,133.0,134.0,76.0,91.0
004634.jpg,horse,136.0,100.0,117.0,73.0
004636.jpg,bird,135.0,129.0,99.0,71.0
004643.jpg,aeroplane,196.0,138.0,57.0,36.0
004643.jpg,aeroplane,108.0,110.0,207.0,146.0
004644.jpg,dog,42.0,96.0,83.0,157.0
004647.jpg,motorbike,85.0,152.0,96.0,142.0
004647.jpg,person,145.0,124.0,43.0,172.0
004647.jpg,person,73.0,89.0,44.0,108.0
004648.jpg,person,40.0,120.0,5.0,20.0
004648.jpg,person,35.0,121.0,5.0,18.0
004648.jpg,person,202.0,122.0,9.0,18.0
004648.jpg,person,214.0,122.0,8.0,19.0
004648.jpg,bus,128.0,114.0,125.0,30.0
004649.jpg,train,96.0,121.0,160.0,74.0
004649.jpg,train,182.0,120.0,22.0,61.0
004649.jpg,train,204.0,110.0,27.0,45.0
004651.jpg,boat,83.0,124.0,28.0,65.0
004652.jpg,tvmonitor,115.0,73.0,159.0,145.0
004653.jpg,person,110.0,125.0,151.0,152.0
004654.jpg,cat,98.0,126.0,130.0,116.0
004654.jpg,chair,108.0,113.0,215.0,222.0
004655.jpg,chair,209.0,136.0,23.0,40.0
004655.jpg,chair,181.0,119.0,16.0,17.0
004655.jpg,chair,138.0,167.0,39.0,28.0
004655.jpg,chair,43.0,198.0,37.0,51.0
004655.jpg,chair,45.0,155.0,36.0,40.0
004655.jpg,chair,92.0,148.0,32.0,40.0
004655.jpg,chair,69.0,122.0,11.0,17.0
004655.jpg,chair,83.0,132.0,13.0,22.0
004655.jpg,chair,156.0,123.0,17.0,28.0
004655.jpg,diningtable,135.0,198.0,91.0,47.0
004655.jpg,diningtable,65.0,149.0,43.0,42.0
004656.jpg,horse,113.0,149.0,53.0,44.0
004656.jpg,person,115.0,128.0,19.0,40.0
004660.jpg,car,9.0,87.0,17.0,20.0
004660.jpg,person,201.0,62.0,8.0,22.0
004660.jpg,person,126.0,76.0,59.0,47.0
004660.jpg,car,112.0,132.0,222.0,158.0
004662.jpg,horse,76.0,146.0,148.0,132.0
004662.jpg,person,160.0,128.0,71.0,147.0
004671.jpg,bottle,117.0,112.0,165.0,222.0
004672.jpg,bicycle,104.0,98.0,134.0,195.0
004672.jpg,person,124.0,70.0,75.0,139.0
004673.jpg,bicycle,47.0,155.0,48.0,104.0
004673.jpg,person,64.0,113.0,56.0,137.0
004674.jpg,aeroplane,112.0,124.0,223.0,199.0
004675.jpg,train,84.0,116.0,166.0,123.0
004676.jpg,bicycle,103.0,162.0,76.0,85.0
004676.jpg,person,108.0,131.0,32.0,116.0
004679.jpg,person,112.0,111.0,222.0,222.0
004679.jpg,dog,113.0,118.0,98.0,141.0
004682.jpg,pottedplant,60.0,98.0,100.0,115.0
004682.jpg,pottedplant,161.0,134.0,101.0,131.0
004683.jpg,cat,100.0,88.0,181.0,173.0
004685.jpg,person,78.0,113.0,61.0,79.0
004685.jpg,person,150.0,130.0,141.0,111.0
004686.jpg,horse,181.0,129.0,51.0,63.0
004686.jpg,horse,38.0,104.0,33.0,33.0
004686.jpg,person,183.0,96.0,17.0,45.0
004686.jpg,person,39.0,86.0,14.0,33.0
004686.jpg,cow,43.0,133.0,38.0,55.0
004686.jpg,cow,61.0,139.0,43.0,49.0
004686.jpg,cow,98.0,142.0,40.0,57.0
004686.jpg,cow,99.0,142.0,27.0,48.0
004686.jpg,cow,123.0,146.0,20.0,61.0
004686.jpg,cow,138.0,140.0,16.0,55.0
004686.jpg,cow,151.0,147.0,16.0,54.0
004686.jpg,cow,159.0,142.0,12.0,52.0
004686.jpg,cow,180.0,145.0,20.0,59.0
004686.jpg,cow,215.0,130.0,19.0,43.0
004686.jpg,cow,130.0,115.0,34.0,17.0
004686.jpg,cow,151.0,112.0,9.0,12.0
004687.jpg,motorbike,108.0,121.0,128.0,142.0
004687.jpg,person,97.0,105.0,64.0,168.0
004687.jpg,person,188.0,76.0,15.0,51.0
004687.jpg,car,211.0,78.0,26.0,36.0
004689.jpg,train,110.0,149.0,207.0,113.0
004691.jpg,train,124.0,115.0,200.0,150.0
004691.jpg,car,23.0,6.0,17.0,11.0
004691.jpg,car,9.0,7.0,17.0,12.0
004692.jpg,chair,199.0,126.0,50.0,137.0
004692.jpg,person,113.0,154.0,223.0,140.0
004692.jpg,person,92.0,158.0,142.0,131.0
004692.jpg,dog,213.0,105.0,22.0,36.0
004693.jpg,train,32.0,76.0,64.0,151.0
004693.jpg,train,135.0,88.0,177.0,174.0
004693.jpg,person,86.0,141.0,22.0,92.0
004694.jpg,person,112.0,73.0,137.0,82.0
004694.jpg,motorbike,132.0,146.0,95.0,126.0
004699.jpg,pottedplant,183.0,105.0,81.0,171.0
004699.jpg,person,178.0,196.0,17.0,34.0
004699.jpg,person,161.0,192.0,20.0,35.0
004699.jpg,person,92.0,168.0,17.0,31.0
004699.jpg,person,105.0,162.0,9.0,13.0
004699.jpg,person,28.0,189.0,9.0,14.0
004699.jpg,person,21.0,191.0,8.0,15.0
004699.jpg,person,32.0,188.0,9.0,13.0
004701.jpg,bottle,161.0,33.0,23.0,65.0
004702.jpg,bird,51.0,154.0,72.0,66.0
004702.jpg,bird,201.0,118.0,40.0,73.0
004702.jpg,bird,77.0,47.0,41.0,72.0
004705.jpg,bus,190.0,138.0,27.0,31.0
004705.jpg,car,24.0,162.0,46.0,43.0
004706.jpg,person,107.0,113.0,110.0,201.0
004706.jpg,bicycle,106.0,163.0,171.0,121.0
004707.jpg,pottedplant,169.0,184.0,56.0,51.0
004707.jpg,person,40.0,150.0,11.0,17.0
004708.jpg,cat,64.0,145.0,87.0,103.0
004708.jpg,cat,177.0,110.0,75.0,36.0
004708.jpg,sofa,113.0,112.0,222.0,220.0
004710.jpg,bottle,112.0,84.0,94.0,167.0
004710.jpg,bottle,46.0,27.0,59.0,52.0
004714.jpg,sofa,195.0,139.0,58.0,170.0
004714.jpg,chair,88.0,82.0,52.0,103.0
004714.jpg,chair,18.0,73.0,34.0,96.0
004714.jpg,pottedplant,162.0,67.0,41.0,44.0
004714.jpg,pottedplant,107.0,112.0,18.0,32.0
004714.jpg,pottedplant,77.0,151.0,40.0,25.0
004715.jpg,person,119.0,150.0,58.0,148.0
004715.jpg,person,104.0,143.0,65.0,162.0
004718.jpg,bottle,11.0,31.0,22.0,60.0
004718.jpg,person,97.0,104.0,110.0,200.0
004718.jpg,person,122.0,112.0,203.0,223.0
004719.jpg,bus,26.0,112.0,49.0,57.0
004719.jpg,car,191.0,139.0,66.0,75.0
004722.jpg,horse,53.0,108.0,43.0,125.0
004722.jpg,person,140.0,138.0,49.0,152.0
004722.jpg,person,172.0,144.0,47.0,157.0
004723.jpg,person,183.0,150.0,45.0,148.0
004723.jpg,person,18.0,125.0,22.0,88.0
004723.jpg,person,13.0,130.0,25.0,103.0
004727.jpg,bus,126.0,88.0,16.0,27.0
004727.jpg,bus,78.0,80.0,80.0,108.0
004727.jpg,car,27.0,106.0,22.0,19.0
004727.jpg,car,13.0,106.0,25.0,27.0
004727.jpg,person,86.0,161.0,64.0,127.0
004727.jpg,person,108.0,142.0,19.0,81.0
004727.jpg,person,118.0,100.0,17.0,32.0
004727.jpg,person,133.0,162.0,39.0,122.0
004727.jpg,person,172.0,183.0,79.0,82.0
004727.jpg,person,198.0,157.0,37.0,134.0
004727.jpg,person,184.0,87.0,17.0,21.0
004727.jpg,person,167.0,116.0,35.0,55.0
004727.jpg,person,149.0,106.0,19.0,31.0
004732.jpg,chair,130.0,143.0,188.0,161.0
004732.jpg,person,131.0,148.0,169.0,150.0
004735.jpg,chair,65.0,174.0,130.0,101.0
004735.jpg,chair,28.0,96.0,56.0,30.0
004737.jpg,dog,153.0,130.0,141.0,186.0
004742.jpg,diningtable,112.0,176.0,223.0,97.0
004742.jpg,bottle,200.0,168.0,23.0,88.0
004742.jpg,bottle,116.0,157.0,13.0,55.0
004742.jpg,bottle,116.0,144.0,17.0,63.0
004742.jpg,bottle,141.0,136.0,17.0,57.0
004742.jpg,bottle,73.0,114.0,25.0,19.0
004742.jpg,pottedplant,139.0,45.0,30.0,38.0
004742.jpg,chair,211.0,113.0,25.0,38.0
004742.jpg,person,188.0,108.0,72.0,82.0
004742.jpg,person,144.0,102.0,49.0,81.0
004742.jpg,person,84.0,92.0,66.0,83.0
004742.jpg,person,26.0,100.0,47.0,75.0
004743.jpg,cat,112.0,113.0,224.0,223.0
004746.jpg,train,170.0,117.0,101.0,162.0
004746.jpg,train,60.0,116.0,95.0,159.0
004747.jpg,car,106.0,119.0,211.0,182.0
004748.jpg,aeroplane,58.0,164.0,93.0,71.0
004748.jpg,aeroplane,133.0,158.0,29.0,14.0
004748.jpg,car,179.0,191.0,21.0,14.0
004748.jpg,car,168.0,204.0,26.0,19.0
004750.jpg,person,69.0,107.0,62.0,171.0
004750.jpg,motorbike,55.0,141.0,91.0,114.0
004750.jpg,car,180.0,38.0,89.0,74.0
004753.jpg,chair,196.0,48.0,32.0,48.0
004753.jpg,person,88.0,119.0,175.0,210.0
004753.jpg,person,120.0,52.0,54.0,90.0
004753.jpg,bottle,157.0,92.0,10.0,35.0
004754.jpg,tvmonitor,40.0,172.0,79.0,103.0
004754.jpg,sofa,197.0,184.0,54.0,79.0
004760.jpg,dog,158.0,146.0,128.0,156.0
004760.jpg,person,40.0,112.0,79.0,223.0
004761.jpg,person,113.0,107.0,223.0,190.0
004761.jpg,bicycle,119.0,149.0,209.0,150.0
004761.jpg,person,22.0,27.0,41.0,54.0
004761.jpg,person,87.0,9.0,32.0,17.0
004761.jpg,person,120.0,45.0,32.0,89.0
004761.jpg,person,174.0,46.0,39.0,92.0
004761.jpg,person,203.0,25.0,24.0,48.0
004761.jpg,bicycle,207.0,46.0,35.0,37.0
004768.jpg,sheep,117.0,118.0,213.0,203.0
004770.jpg,person,140.0,112.0,169.0,223.0
004773.jpg,diningtable,133.0,167.0,173.0,111.0
004773.jpg,chair,184.0,151.0,81.0,95.0
004773.jpg,chair,59.0,177.0,109.0,95.0
004773.jpg,tvmonitor,23.0,92.0,32.0,19.0
004776.jpg,train,113.0,123.0,157.0,176.0
004777.jpg,dog,138.0,131.0,116.0,147.0
004779.jpg,car,89.0,148.0,76.0,53.0
004779.jpg,person,73.0,147.0,19.0,69.0
004782.jpg,bicycle,88.0,144.0,39.0,70.0
004782.jpg,person,94.0,118.0,50.0,91.0
004783.jpg,bird,122.0,112.0,15.0,15.0
004785.jpg,diningtable,119.0,145.0,188.0,158.0
004785.jpg,chair,200.0,150.0,39.0,106.0
004785.jpg,chair,173.0,104.0,28.0,88.0
004785.jpg,chair,162.0,83.0,17.0,64.0
004785.jpg,chair,149.0,69.0,14.0,48.0
004785.jpg,chair,104.0,52.0,28.0,29.0
004785.jpg,chair,58.0,72.0,12.0,46.0
004785.jpg,chair,51.0,87.0,20.0,64.0
004785.jpg,chair,43.0,109.0,26.0,91.0
004785.jpg,chair,24.0,159.0,35.0,116.0
004785.jpg,chair,12.0,81.0,23.0,53.0
004785.jpg,chair,69.0,52.0,24.0,41.0
004786.jpg,car,118.0,130.0,212.0,116.0
004788.jpg,horse,113.0,128.0,159.0,153.0
004788.jpg,person,119.0,78.0,56.0,99.0
004789.jpg,horse,116.0,118.0,52.0,79.0
004789.jpg,person,114.0,99.0,26.0,72.0
004790.jpg,person,59.0,113.0,117.0,222.0
004790.jpg,person,157.0,119.0,132.0,211.0
004790.jpg,person,172.0,117.0,95.0,151.0
004792.jpg,cat,111.0,106.0,85.0,90.0
004793.jpg,car,72.0,151.0,120.0,143.0
004794.jpg,bird,133.0,130.0,96.0,70.0
004796.jpg,motorbike,181.0,145.0,78.0,158.0
004796.jpg,motorbike,73.0,116.0,94.0,91.0
004796.jpg,person,54.0,109.0,29.0,116.0
004797.jpg,bicycle,73.0,117.0,34.0,38.0
004797.jpg,bicycle,153.0,117.0,29.0,30.0
004797.jpg,bicycle,218.0,118.0,11.0,30.0
004797.jpg,person,157.0,106.0,19.0,38.0
004797.jpg,person,76.0,105.0,24.0,46.0
004799.jpg,bird,128.0,131.0,175.0,163.0
004801.jpg,person,150.0,155.0,69.0,139.0
004801.jpg,person,108.0,117.0,215.0,215.0
004805.jpg,motorbike,115.0,117.0,135.0,211.0
004805.jpg,car,191.0,78.0,64.0,84.0
004805.jpg,car,31.0,79.0,60.0,86.0
004805.jpg,car,66.0,63.0,94.0,47.0
004808.jpg,car,120.0,130.0,138.0,66.0
004812.jpg,aeroplane,128.0,114.0,177.0,133.0
004812.jpg,person,207.0,135.0,26.0,67.0
004812.jpg,person,220.0,139.0,8.0,56.0
004814.jpg,cat,112.0,100.0,224.0,156.0
004815.jpg,horse,125.0,130.0,83.0,94.0
004815.jpg,person,178.0,124.0,26.0,98.0
004816.jpg,dog,107.0,111.0,113.0,173.0
004818.jpg,chair,67.0,145.0,86.0,158.0
004818.jpg,chair,163.0,115.0,56.0,114.0
004823.jpg,car,112.0,123.0,223.0,150.0
004825.jpg,pottedplant,112.0,115.0,222.0,219.0
004826.jpg,cow,72.0,175.0,90.0,82.0
004826.jpg,person,188.0,122.0,22.0,63.0
004826.jpg,person,206.0,98.0,14.0,22.0
004828.jpg,person,7.0,99.0,14.0,59.0
004828.jpg,person,60.0,128.0,66.0,115.0
004828.jpg,person,134.0,105.0,48.0,107.0
004828.jpg,car,217.0,104.0,15.0,21.0
004828.jpg,car,200.0,109.0,30.0,44.0
004828.jpg,car,131.0,130.0,138.0,102.0
004830.jpg,car,117.0,108.0,141.0,69.0
004830.jpg,person,113.0,91.0,19.0,17.0
004831.jpg,person,106.0,117.0,112.0,194.0
004832.jpg,cat,96.0,184.0,56.0,78.0
004832.jpg,person,137.0,135.0,119.0,177.0
004834.jpg,person,119.0,93.0,75.0,98.0
004834.jpg,horse,117.0,133.0,57.0,146.0
004836.jpg,motorbike,106.0,149.0,212.0,150.0
004837.jpg,sofa,173.0,137.0,102.0,109.0
004837.jpg,chair,72.0,156.0,83.0,114.0
004839.jpg,boat,113.0,88.0,45.0,78.0
004839.jpg,boat,55.0,84.0,41.0,59.0
004840.jpg,motorbike,146.0,60.0,157.0,119.0
004840.jpg,motorbike,43.0,51.0,85.0,100.0
004840.jpg,person,117.0,111.0,132.0,220.0
004840.jpg,person,107.0,137.0,89.0,173.0
004840.jpg,motorbike,49.0,178.0,95.0,91.0
004841.jpg,aeroplane,62.0,132.0,29.0,26.0
004841.jpg,aeroplane,162.0,70.0,11.0,10.0
004842.jpg,sheep,184.0,142.0,79.0,160.0
004842.jpg,sheep,90.0,148.0,108.0,152.0
004842.jpg,sheep,89.0,64.0,64.0,83.0
004842.jpg,sheep,156.0,47.0,66.0,93.0
004842.jpg,sheep,24.0,70.0,48.0,139.0
004846.jpg,sofa,112.0,131.0,222.0,186.0
004846.jpg,person,143.0,161.0,163.0,126.0
004846.jpg,person,157.0,81.0,134.0,158.0
004848.jpg,bird,99.0,82.0,52.0,109.0
004849.jpg,train,131.0,106.0,71.0,40.0
004850.jpg,car,146.0,86.0,72.0,62.0
004852.jpg,person,149.0,126.0,125.0,196.0
004852.jpg,person,72.0,122.0,30.0,80.0
004856.jpg,cat,110.0,111.0,187.0,222.0
004857.jpg,person,155.0,129.0,60.0,173.0
004857.jpg,person,56.0,136.0,66.0,159.0
004857.jpg,person,166.0,52.0,9.0,38.0
004857.jpg,person,182.0,52.0,8.0,24.0
004857.jpg,person,186.0,56.0,8.0,20.0
004857.jpg,person,193.0,62.0,10.0,24.0
004857.jpg,diningtable,100.0,164.0,92.0,112.0
004857.jpg,diningtable,191.0,107.0,39.0,36.0
004857.jpg,diningtable,206.0,88.0,36.0,23.0
004857.jpg,diningtable,176.0,76.0,28.0,23.0
004857.jpg,person,221.0,67.0,6.0,30.0
004857.jpg,chair,185.0,157.0,66.0,131.0
004857.jpg,chair,35.0,159.0,69.0,128.0
004857.jpg,chair,183.0,175.0,82.0,97.0
004857.jpg,chair,12.0,176.0,22.0,96.0
004859.jpg,person,103.0,99.0,44.0,44.0
004859.jpg,person,70.0,133.0,72.0,83.0
004859.jpg,person,160.0,139.0,109.0,125.0
004859.jpg,person,168.0,140.0,111.0,166.0
004859.jpg,chair,59.0,172.0,89.0,90.0
004863.jpg,car,108.0,102.0,161.0,132.0
004866.jpg,cat,78.0,86.0,56.0,57.0
004866.jpg,cat,98.0,144.0,141.0,160.0
004867.jpg,train,113.0,126.0,223.0,158.0
004868.jpg,person,78.0,118.0,68.0,119.0
004868.jpg,person,136.0,105.0,78.0,127.0
004868.jpg,diningtable,112.0,190.0,224.0,69.0
004868.jpg,tvmonitor,151.0,70.0,48.0,55.0
004869.jpg,bird,132.0,112.0,185.0,163.0
004872.jpg,horse,122.0,118.0,17.0,79.0
004872.jpg,person,123.0,91.0,33.0,70.0
004873.jpg,car,85.0,142.0,163.0,141.0
004876.jpg,bird,19.0,135.0,16.0,106.0
004876.jpg,bird,74.0,175.0,11.0,78.0
004876.jpg,bird,190.0,151.0,17.0,48.0
004876.jpg,bird,95.0,159.0,10.0,49.0
004876.jpg,bird,146.0,137.0,11.0,59.0
004878.jpg,cat,105.0,151.0,177.0,147.0
004878.jpg,sofa,115.0,113.0,217.0,223.0
004879.jpg,bicycle,133.0,122.0,31.0,30.0
004879.jpg,person,129.0,111.0,18.0,38.0
004879.jpg,person,83.0,109.0,10.0,39.0
004882.jpg,motorbike,62.0,140.0,41.0,89.0
004882.jpg,motorbike,144.0,134.0,112.0,176.0
004882.jpg,person,104.0,154.0,71.0,139.0
004885.jpg,boat,116.0,143.0,138.0,121.0
004886.jpg,person,52.0,120.0,92.0,208.0
004886.jpg,person,161.0,131.0,127.0,186.0
004886.jpg,person,194.0,119.0,60.0,211.0
004886.jpg,bottle,77.0,197.0,8.0,36.0
004890.jpg,car,114.0,121.0,178.0,127.0
004895.jpg,pottedplant,166.0,96.0,106.0,167.0
004896.jpg,aeroplane,112.0,105.0,224.0,117.0
004897.jpg,person,95.0,178.0,27.0,92.0
004897.jpg,person,6.0,168.0,12.0,83.0
004897.jpg,person,117.0,183.0,16.0,81.0
004898.jpg,person,89.0,96.0,47.0,171.0
004898.jpg,person,57.0,134.0,30.0,79.0
004898.jpg,pottedplant,130.0,115.0,15.0,24.0
004898.jpg,pottedplant,182.0,137.0,21.0,39.0
004902.jpg,horse,43.0,154.0,86.0,139.0
004902.jpg,horse,77.0,146.0,83.0,143.0
004902.jpg,person,136.0,147.0,77.0,154.0
004902.jpg,person,156.0,132.0,137.0,183.0
004903.jpg,sofa,92.0,144.0,151.0,118.0
004903.jpg,car,181.0,72.0,61.0,70.0
004903.jpg,car,211.0,116.0,27.0,103.0
004903.jpg,car,211.0,45.0,26.0,19.0
004905.jpg,aeroplane,45.0,97.0,87.0,183.0
004907.jpg,cat,138.0,111.0,118.0,221.0
004910.jpg,bus,110.0,129.0,191.0,95.0
004911.jpg,train,22.0,108.0,44.0,72.0
004911.jpg,train,104.0,113.0,146.0,183.0
004912.jpg,bicycle,98.0,105.0,171.0,133.0
004912.jpg,chair,43.0,174.0,67.0,99.0
004912.jpg,chair,166.0,165.0,63.0,117.0
004913.jpg,person,134.0,129.0,22.0,142.0
004913.jpg,person,124.0,139.0,53.0,128.0
004913.jpg,person,81.0,160.0,42.0,108.0
004913.jpg,person,198.0,111.0,46.0,125.0
004913.jpg,person,138.0,50.0,25.0,54.0
004913.jpg,person,47.0,56.0,30.0,53.0
004913.jpg,person,21.0,136.0,41.0,147.0
004913.jpg,person,51.0,139.0,39.0,148.0
004913.jpg,person,92.0,128.0,27.0,108.0
004913.jpg,person,74.0,71.0,36.0,81.0
004913.jpg,person,108.0,71.0,36.0,63.0
004913.jpg,person,153.0,85.0,29.0,80.0
004913.jpg,person,177.0,83.0,29.0,94.0
004913.jpg,person,157.0,167.0,39.0,87.0
004913.jpg,person,196.0,163.0,44.0,99.0
004916.jpg,person,82.0,123.0,136.0,201.0
004916.jpg,bottle,183.0,194.0,49.0,60.0
004916.jpg,tvmonitor,65.0,79.0,22.0,41.0
004926.jpg,bottle,106.0,90.0,17.0,95.0
004926.jpg,chair,202.0,101.0,39.0,62.0
004926.jpg,sofa,25.0,108.0,49.0,69.0
004926.jpg,diningtable,112.0,164.0,223.0,119.0
004928.jpg,person,112.0,119.0,93.0,167.0
004928.jpg,person,36.0,111.0,71.0,196.0
004928.jpg,person,165.0,119.0,119.0,209.0
004929.jpg,dog,160.0,118.0,128.0,211.0
004931.jpg,boat,89.0,122.0,20.0,27.0
004931.jpg,boat,113.0,122.0,18.0,19.0
004931.jpg,person,184.0,148.0,39.0,91.0
004931.jpg,person,130.0,151.0,27.0,85.0
004935.jpg,person,114.0,80.0,110.0,104.0
004935.jpg,horse,134.0,128.0,127.0,131.0
004936.jpg,bicycle,112.0,107.0,223.0,213.0
004938.jpg,sofa,113.0,162.0,222.0,122.0
004939.jpg,pottedplant,70.0,23.0,19.0,44.0
004939.jpg,chair,183.0,90.0,83.0,171.0
004939.jpg,person,105.0,111.0,209.0,221.0
004943.jpg,bottle,180.0,161.0,22.0,96.0
004943.jpg,diningtable,145.0,199.0,158.0,50.0
004943.jpg,person,208.0,128.0,33.0,97.0
004943.jpg,person,164.0,130.0,45.0,87.0
004943.jpg,person,92.0,145.0,60.0,104.0
004943.jpg,person,38.0,121.0,75.0,205.0
004943.jpg,bottle,153.0,151.0,15.0,63.0
004946.jpg,person,123.0,122.0,85.0,205.0
004946.jpg,car,188.0,121.0,73.0,32.0
004946.jpg,car,33.0,117.0,32.0,11.0
004948.jpg,pottedplant,113.0,174.0,38.0,66.0
004948.jpg,pottedplant,74.0,164.0,34.0,73.0
004948.jpg,pottedplant,86.0,102.0,26.0,56.0
004948.jpg,pottedplant,114.0,105.0,26.0,54.0
004950.jpg,horse,102.0,125.0,95.0,197.0
004950.jpg,person,97.0,70.0,53.0,119.0
004951.jpg,train,123.0,121.0,201.0,72.0
004951.jpg,train,22.0,124.0,29.0,54.0
004953.jpg,bicycle,157.0,164.0,16.0,44.0
004953.jpg,bicycle,171.0,148.0,14.0,36.0
004953.jpg,bicycle,123.0,168.0,13.0,51.0
004953.jpg,bicycle,87.0,172.0,23.0,45.0
004953.jpg,bicycle,35.0,175.0,22.0,51.0
004953.jpg,person,86.0,146.0,25.0,85.0
004953.jpg,person,37.0,145.0,25.0,69.0
004953.jpg,person,122.0,144.0,23.0,79.0
004953.jpg,person,158.0,140.0,26.0,86.0
004953.jpg,person,22.0,154.0,15.0,74.0
004953.jpg,person,6.0,149.0,10.0,79.0
004953.jpg,person,185.0,128.0,12.0,58.0
004953.jpg,person,198.0,130.0,11.0,60.0
004953.jpg,person,207.0,127.0,10.0,61.0
004953.jpg,person,216.0,125.0,13.0,63.0
004953.jpg,person,222.0,125.0,4.0,58.0
004953.jpg,bus,120.0,119.0,46.0,61.0
004953.jpg,bus,150.0,117.0,69.0,69.0
004954.jpg,sheep,101.0,142.0,178.0,147.0
004954.jpg,person,129.0,104.0,155.0,182.0
004955.jpg,cat,107.0,92.0,128.0,165.0
004955.jpg,tvmonitor,99.0,179.0,197.0,89.0
004956.jpg,tvmonitor,89.0,110.0,24.0,18.0
004956.jpg,chair,102.0,121.0,34.0,22.0
004958.jpg,boat,75.0,102.0,95.0,178.0
004960.jpg,pottedplant,112.0,112.0,221.0,222.0
004960.jpg,pottedplant,203.0,158.0,42.0,97.0
004960.jpg,pottedplant,29.0,168.0,57.0,77.0
004961.jpg,car,115.0,129.0,215.0,151.0
004962.jpg,car,135.0,128.0,42.0,24.0
004963.jpg,cat,122.0,116.0,182.0,176.0
004966.jpg,bird,102.0,139.0,84.0,100.0
004967.jpg,motorbike,113.0,112.0,222.0,221.0
004968.jpg,horse,127.0,106.0,193.0,210.0
004968.jpg,person,170.0,140.0,109.0,107.0
004972.jpg,bird,131.0,125.0,131.0,181.0
004973.jpg,car,78.0,116.0,56.0,54.0
004973.jpg,car,154.0,116.0,57.0,54.0
004974.jpg,bird,190.0,199.0,57.0,49.0
004974.jpg,bird,192.0,137.0,64.0,118.0
004974.jpg,bird,131.0,165.0,61.0,116.0
004974.jpg,bird,78.0,139.0,73.0,86.0
004974.jpg,bird,49.0,179.0,49.0,65.0
004974.jpg,bird,58.0,202.0,88.0,44.0
004976.jpg,person,176.0,109.0,74.0,75.0
004976.jpg,person,129.0,107.0,56.0,85.0
004976.jpg,person,95.0,131.0,31.0,87.0
004976.jpg,person,54.0,156.0,69.0,128.0
004976.jpg,diningtable,141.0,176.0,167.0,96.0
004977.jpg,dog,104.0,84.0,207.0,167.0
004977.jpg,person,112.0,139.0,224.0,171.0
004982.jpg,aeroplane,113.0,112.0,222.0,74.0
004983.jpg,bicycle,114.0,110.0,123.0,175.0
004983.jpg,car,105.0,19.0,209.0,36.0
004984.jpg,chair,174.0,74.0,83.0,107.0
004985.jpg,cat,107.0,106.0,212.0,142.0
004985.jpg,person,149.0,49.0,105.0,96.0
004986.jpg,chair,96.0,134.0,21.0,8.0
004986.jpg,chair,97.0,156.0,27.0,39.0
004987.jpg,person,120.0,123.0,176.0,80.0
004987.jpg,person,181.0,121.0,86.0,80.0
004990.jpg,sofa,111.0,131.0,222.0,187.0
004990.jpg,person,104.0,139.0,194.0,157.0
004991.jpg,diningtable,102.0,154.0,157.0,141.0
004991.jpg,pottedplant,153.0,33.0,13.0,42.0
004991.jpg,chair,168.0,143.0,81.0,158.0
004991.jpg,chair,55.0,150.0,108.0,148.0
004991.jpg,chair,144.0,71.0,47.0,51.0
004991.jpg,chair,50.0,75.0,44.0,49.0
004992.jpg,dog,120.0,105.0,191.0,142.0
004994.jpg,person,126.0,160.0,86.0,128.0
004994.jpg,chair,102.0,167.0,91.0,113.0
004995.jpg,horse,193.0,61.0,43.0,33.0
004995.jpg,horse,172.0,105.0,74.0,61.0
004995.jpg,person,165.0,87.0,27.0,49.0
004995.jpg,horse,115.0,135.0,87.0,79.0
004995.jpg,person,130.0,112.0,47.0,73.0
004997.jpg,train,130.0,102.0,149.0,124.0
004997.jpg,train,34.0,111.0,32.0,56.0
004998.jpg,cat,129.0,60.0,128.0,94.0
004999.jpg,dog,104.0,95.0,67.0,69.0
005001.jpg,sheep,102.0,152.0,73.0,143.0
005001.jpg,sheep,74.0,107.0,35.0,124.0
005001.jpg,sheep,180.0,158.0,84.0,131.0
005001.jpg,sheep,168.0,72.0,59.0,77.0
005001.jpg,sheep,36.0,97.0,71.0,192.0
005001.jpg,sheep,104.0,51.0,52.0,87.0
005001.jpg,sheep,71.0,25.0,30.0,46.0
005001.jpg,sheep,20.0,179.0,36.0,90.0
005003.jpg,car,98.0,105.0,28.0,19.0
005004.jpg,sofa,132.0,103.0,142.0,164.0
005006.jpg,bird,149.0,189.0,50.0,27.0
005007.jpg,tvmonitor,113.0,82.0,123.0,153.0
005014.jpg,person,115.0,114.0,204.0,216.0
005014.jpg,person,30.0,113.0,40.0,162.0
005014.jpg,person,181.0,49.0,25.0,48.0
005014.jpg,person,202.0,48.0,20.0,45.0
005014.jpg,person,214.0,45.0,18.0,51.0
005014.jpg,chair,209.0,178.0,30.0,92.0
005014.jpg,chair,197.0,149.0,34.0,67.0
005014.jpg,chair,8.0,173.0,14.0,103.0
005016.jpg,aeroplane,46.0,102.0,83.0,42.0
005016.jpg,aeroplane,136.0,82.0,166.0,92.0
005018.jpg,dog,135.0,133.0,99.0,151.0
005018.jpg,dog,61.0,69.0,102.0,131.0
005020.jpg,car,158.0,124.0,74.0,32.0
005023.jpg,bird,132.0,136.0,30.0,33.0
005024.jpg,person,40.0,133.0,78.0,182.0
005024.jpg,person,146.0,113.0,157.0,223.0
005026.jpg,bus,80.0,139.0,158.0,74.0
005026.jpg,bus,173.0,140.0,38.0,29.0
005027.jpg,person,114.0,53.0,17.0,42.0
005027.jpg,person,112.0,80.0,30.0,51.0
005027.jpg,chair,67.0,79.0,20.0,17.0
005027.jpg,tvmonitor,164.0,95.0,81.0,101.0
005028.jpg,car,71.0,119.0,138.0,146.0
005028.jpg,car,177.0,122.0,90.0,104.0
005029.jpg,bicycle,205.0,88.0,32.0,33.0
005029.jpg,bicycle,183.0,40.0,27.0,35.0
005029.jpg,bicycle,126.0,84.0,30.0,35.0
005029.jpg,bicycle,95.0,90.0,30.0,32.0
005029.jpg,person,181.0,28.0,21.0,38.0
005029.jpg,person,207.0,74.0,22.0,40.0
005029.jpg,person,127.0,74.0,22.0,42.0
005029.jpg,person,96.0,78.0,23.0,40.0
005032.jpg,train,97.0,105.0,163.0,151.0
005033.jpg,bird,131.0,139.0,166.0,134.0
005036.jpg,cow,132.0,155.0,60.0,139.0
005036.jpg,cow,87.0,128.0,26.0,61.0
005036.jpg,cow,164.0,92.0,9.0,23.0
005036.jpg,person,155.0,79.0,8.0,21.0
005036.jpg,person,142.0,76.0,6.0,18.0
005037.jpg,person,79.0,131.0,70.0,108.0
005039.jpg,person,95.0,148.0,86.0,152.0
005039.jpg,person,24.0,150.0,47.0,148.0
005039.jpg,person,172.0,151.0,79.0,145.0
005039.jpg,person,215.0,133.0,17.0,112.0
005039.jpg,person,203.0,109.0,13.0,19.0
005039.jpg,person,117.0,89.0,18.0,22.0
005039.jpg,person,145.0,94.0,13.0,13.0
005042.jpg,bicycle,152.0,149.0,95.0,115.0
005042.jpg,bicycle,50.0,137.0,94.0,110.0
005042.jpg,person,159.0,98.0,114.0,162.0
005042.jpg,person,52.0,99.0,103.0,156.0
005045.jpg,person,64.0,136.0,124.0,174.0
005045.jpg,person,174.0,136.0,100.0,174.0
005047.jpg,car,113.0,109.0,223.0,216.0
005052.jpg,person,56.0,114.0,110.0,217.0
005052.jpg,person,163.0,144.0,123.0,161.0
005052.jpg,bottle,43.0,132.0,26.0,46.0
005054.jpg,person,113.0,139.0,121.0,157.0
005054.jpg,person,164.0,126.0,121.0,177.0
005055.jpg,sofa,174.0,179.0,99.0,91.0
005055.jpg,diningtable,108.0,151.0,52.0,79.0
005055.jpg,chair,136.0,132.0,10.0,51.0
005055.jpg,chair,108.0,108.0,24.0,12.0
005055.jpg,chair,105.0,156.0,34.0,81.0
005055.jpg,chair,80.0,144.0,12.0,76.0
005056.jpg,dog,111.0,78.0,155.0,101.0
005057.jpg,bicycle,117.0,142.0,84.0,134.0
005057.jpg,person,115.0,106.0,70.0,160.0
005057.jpg,bicycle,15.0,178.0,28.0,58.0
005058.jpg,sheep,69.0,170.0,21.0,23.0
005058.jpg,sheep,48.0,179.0,18.0,18.0
005061.jpg,diningtable,112.0,188.0,223.0,73.0
005061.jpg,pottedplant,197.0,57.0,55.0,113.0
005061.jpg,person,185.0,115.0,65.0,96.0
005061.jpg,person,116.0,111.0,63.0,96.0
005061.jpg,person,53.0,119.0,105.0,140.0
005062.jpg,dog,126.0,122.0,108.0,75.0
005063.jpg,cow,91.0,187.0,47.0,51.0
005063.jpg,person,38.0,187.0,34.0,65.0
005064.jpg,bicycle,134.0,136.0,47.0,77.0
005064.jpg,person,131.0,110.0,36.0,90.0
005065.jpg,car,108.0,106.0,214.0,144.0
005067.jpg,car,188.0,170.0,18.0,27.0
005068.jpg,car,91.0,220.0,48.0,8.0
005068.jpg,bus,66.0,201.0,122.0,33.0
005071.jpg,car,15.0,100.0,20.0,14.0
005071.jpg,car,78.0,100.0,9.0,12.0
005071.jpg,car,85.0,98.0,9.0,10.0
005071.jpg,car,93.0,100.0,8.0,11.0
005071.jpg,car,104.0,102.0,13.0,13.0
005071.jpg,car,118.0,102.0,12.0,13.0
005071.jpg,car,127.0,103.0,10.0,14.0
005071.jpg,car,139.0,104.0,15.0,14.0
005071.jpg,car,158.0,116.0,23.0,15.0
005071.jpg,car,197.0,111.0,17.0,14.0
005071.jpg,car,176.0,107.0,13.0,15.0
005071.jpg,car,210.0,131.0,22.0,22.0
005071.jpg,car,67.0,128.0,43.0,19.0
005071.jpg,car,42.0,120.0,25.0,15.0
005071.jpg,car,42.0,105.0,25.0,14.0
005072.jpg,car,103.0,127.0,202.0,149.0
005073.jpg,boat,204.0,70.0,40.0,39.0
005073.jpg,boat,218.0,102.0,13.0,26.0
005073.jpg,boat,152.0,88.0,13.0,7.0
005073.jpg,boat,115.0,83.0,11.0,14.0
005073.jpg,boat,87.0,93.0,23.0,17.0
005073.jpg,boat,18.0,86.0,24.0,16.0
005073.jpg,boat,52.0,78.0,16.0,12.0
005077.jpg,train,73.0,128.0,142.0,54.0
005078.jpg,cat,129.0,116.0,190.0,216.0
005079.jpg,aeroplane,107.0,124.0,194.0,116.0
005081.jpg,horse,149.0,161.0,95.0,103.0
005081.jpg,dog,82.0,106.0,11.0,28.0
005081.jpg,person,73.0,114.0,43.0,125.0
005081.jpg,person,204.0,53.0,13.0,59.0
005081.jpg,person,189.0,50.0,7.0,54.0
005081.jpg,person,183.0,43.0,6.0,26.0
005081.jpg,person,155.0,54.0,11.0,57.0
005081.jpg,person,125.0,71.0,13.0,57.0
005081.jpg,person,121.0,60.0,9.0,65.0
005081.jpg,person,110.0,64.0,7.0,30.0
005081.jpg,person,98.0,72.0,10.0,46.0
005081.jpg,person,84.0,71.0,11.0,41.0
005084.jpg,bird,128.0,153.0,39.0,92.0
005084.jpg,bird,60.0,76.0,46.0,125.0
005085.jpg,diningtable,130.0,183.0,110.0,66.0
005085.jpg,chair,179.0,190.0,81.0,68.0
005085.jpg,chair,113.0,139.0,40.0,26.0
005086.jpg,chair,93.0,133.0,44.0,47.0
005086.jpg,person,41.0,155.0,47.0,137.0
005086.jpg,person,172.0,124.0,103.0,197.0
005086.jpg,diningtable,100.0,189.0,111.0,69.0
005090.jpg,bus,111.0,122.0,196.0,93.0
005090.jpg,person,215.0,134.0,17.0,59.0
005090.jpg,person,191.0,138.0,16.0,54.0
005090.jpg,person,84.0,143.0,19.0,87.0
005090.jpg,car,220.0,116.0,8.0,13.0
005093.jpg,motorbike,148.0,125.0,153.0,105.0
005093.jpg,person,180.0,88.0,88.0,121.0
005093.jpg,person,75.0,105.0,22.0,17.0
005094.jpg,train,63.0,108.0,125.0,54.0
005094.jpg,horse,167.0,130.0,67.0,60.0
005094.jpg,horse,149.0,137.0,34.0,49.0
005097.jpg,dog,128.0,116.0,155.0,189.0
005097.jpg,sofa,84.0,65.0,168.0,128.0
005097.jpg,person,146.0,73.0,119.0,146.0
005097.jpg,person,52.0,78.0,96.0,155.0
005101.jpg,chair,112.0,112.0,223.0,223.0
005101.jpg,cat,153.0,133.0,112.0,65.0
005102.jpg,person,12.0,140.0,24.0,43.0
005102.jpg,car,11.0,115.0,22.0,31.0
005102.jpg,car,60.0,115.0,28.0,27.0
005102.jpg,car,116.0,118.0,53.0,29.0
005102.jpg,car,151.0,126.0,61.0,36.0
005102.jpg,car,180.0,137.0,88.0,53.0
005104.jpg,tvmonitor,16.0,91.0,30.0,98.0
005104.jpg,sofa,180.0,140.0,87.0,167.0
005104.jpg,cat,180.0,167.0,43.0,66.0
005107.jpg,bicycle,73.0,159.0,98.0,85.0
005107.jpg,person,125.0,99.0,8.0,32.0
005108.jpg,aeroplane,90.0,114.0,27.0,48.0
005108.jpg,boat,79.0,195.0,27.0,15.0
005108.jpg,boat,8.0,191.0,15.0,18.0
005108.jpg,boat,61.0,189.0,23.0,18.0
005110.jpg,car,105.0,55.0,135.0,71.0
005110.jpg,car,194.0,71.0,25.0,27.0
005110.jpg,car,30.0,133.0,59.0,77.0
005110.jpg,car,71.0,122.0,28.0,33.0
005110.jpg,car,86.0,120.0,12.0,19.0
005110.jpg,car,115.0,123.0,25.0,38.0
005111.jpg,person,112.0,112.0,221.0,224.0
005114.jpg,person,160.0,85.0,42.0,94.0
005114.jpg,horse,160.0,120.0,28.0,97.0
005114.jpg,cow,213.0,122.0,22.0,61.0
005114.jpg,cow,42.0,137.0,34.0,84.0
005116.jpg,motorbike,204.0,125.0,40.0,81.0
005116.jpg,motorbike,152.0,120.0,51.0,79.0
005116.jpg,motorbike,102.0,129.0,78.0,85.0
005116.jpg,person,157.0,114.0,44.0,97.0
005116.jpg,person,111.0,127.0,75.0,114.0
005116.jpg,person,205.0,119.0,38.0,94.0
005116.jpg,person,177.0,77.0,13.0,64.0
005116.jpg,motorbike,103.0,80.0,23.0,45.0
005116.jpg,person,175.0,74.0,13.0,57.0
005116.jpg,person,146.0,63.0,21.0,25.0
005116.jpg,person,12.0,42.0,10.0,26.0
005121.jpg,dog,53.0,143.0,78.0,163.0
005121.jpg,dog,189.0,134.0,70.0,180.0
005122.jpg,bicycle,110.0,126.0,195.0,82.0
005122.jpg,person,19.0,58.0,34.0,66.0
005122.jpg,person,184.0,50.0,20.0,13.0
005122.jpg,person,116.0,95.0,151.0,124.0
005122.jpg,bottle,172.0,56.0,11.0,6.0
005122.jpg,bottle,176.0,63.0,15.0,10.0
005124.jpg,cow,152.0,136.0,144.0,177.0
005124.jpg,person,61.0,123.0,120.0,201.0
005128.jpg,boat,117.0,103.0,125.0,41.0
005129.jpg,chair,94.0,161.0,187.0,127.0
005129.jpg,pottedplant,159.0,85.0,45.0,57.0
005129.jpg,person,113.0,150.0,115.0,149.0
005129.jpg,chair,135.0,42.0,32.0,73.0
005129.jpg,chair,109.0,41.0,27.0,53.0
005129.jpg,chair,92.0,30.0,15.0,59.0
005129.jpg,chair,77.0,28.0,21.0,50.0
005130.jpg,bird,98.0,126.0,94.0,135.0
005131.jpg,cat,101.0,112.0,133.0,223.0
005134.jpg,person,18.0,105.0,8.0,44.0
005134.jpg,person,26.0,110.0,13.0,63.0
005134.jpg,person,54.0,107.0,9.0,49.0
005134.jpg,person,66.0,113.0,15.0,70.0
005134.jpg,person,86.0,106.0,9.0,38.0
005134.jpg,person,97.0,109.0,15.0,57.0
005134.jpg,person,124.0,110.0,10.0,40.0
005134.jpg,person,152.0,124.0,17.0,81.0
005134.jpg,person,172.0,117.0,13.0,62.0
005134.jpg,person,191.0,113.0,16.0,49.0
005134.jpg,person,10.0,177.0,19.0,93.0
005134.jpg,person,136.0,109.0,8.0,24.0
005134.jpg,person,218.0,97.0,9.0,18.0
005134.jpg,person,208.0,112.0,11.0,39.0
005134.jpg,person,109.0,113.0,7.0,20.0
005134.jpg,person,112.0,105.0,8.0,30.0
005135.jpg,sofa,153.0,166.0,141.0,115.0
005135.jpg,chair,14.0,151.0,25.0,105.0
005136.jpg,train,113.0,113.0,207.0,128.0
005138.jpg,bird,102.0,131.0,184.0,176.0
005143.jpg,pottedplant,108.0,112.0,206.0,208.0
005144.jpg,person,112.0,115.0,223.0,219.0
005145.jpg,pottedplant,82.0,192.0,161.0,63.0
005145.jpg,horse,129.0,84.0,25.0,13.0
005146.jpg,bicycle,198.0,141.0,44.0,131.0
005146.jpg,bicycle,156.0,154.0,38.0,109.0
005146.jpg,bicycle,23.0,154.0,35.0,97.0
005146.jpg,bicycle,72.0,149.0,32.0,111.0
005146.jpg,bicycle,103.0,155.0,44.0,105.0
005146.jpg,person,24.0,120.0,36.0,161.0
005146.jpg,person,78.0,129.0,40.0,141.0
005146.jpg,person,115.0,119.0,39.0,166.0
005146.jpg,person,143.0,115.0,32.0,177.0
005146.jpg,person,197.0,109.0,40.0,177.0
005150.jpg,bicycle,170.0,142.0,54.0,46.0
005150.jpg,boat,87.0,125.0,32.0,10.0
005150.jpg,boat,144.0,124.0,27.0,7.0
005153.jpg,chair,9.0,109.0,17.0,43.0
005153.jpg,chair,31.0,109.0,22.0,42.0
005153.jpg,chair,88.0,177.0,82.0,95.0
005153.jpg,chair,73.0,160.0,63.0,108.0
005153.jpg,tvmonitor,80.0,83.0,19.0,29.0
005153.jpg,tvmonitor,93.0,86.0,24.0,41.0
005153.jpg,tvmonitor,123.0,89.0,58.0,65.0
005153.jpg,tvmonitor,181.0,100.0,86.0,119.0
005156.jpg,motorbike,105.0,147.0,159.0,137.0
005156.jpg,person,114.0,118.0,74.0,177.0
005156.jpg,car,39.0,105.0,71.0,76.0
005156.jpg,car,7.0,96.0,13.0,84.0
005159.jpg,car,169.0,151.0,67.0,32.0
005159.jpg,person,138.0,139.0,4.0,18.0
005159.jpg,car,19.0,135.0,21.0,17.0
005160.jpg,chair,39.0,162.0,76.0,121.0
005160.jpg,chair,92.0,108.0,27.0,43.0
005160.jpg,chair,159.0,101.0,27.0,38.0
005160.jpg,chair,143.0,171.0,64.0,107.0
005160.jpg,chair,169.0,162.0,39.0,121.0
005160.jpg,chair,184.0,91.0,12.0,25.0
005160.jpg,diningtable,96.0,162.0,163.0,121.0
005160.jpg,diningtable,205.0,110.0,38.0,52.0
005160.jpg,tvmonitor,21.0,72.0,42.0,63.0
005160.jpg,person,147.0,75.0,26.0,75.0
005160.jpg,pottedplant,15.0,21.0,26.0,40.0
005160.jpg,pottedplant,113.0,117.0,34.0,43.0
005160.jpg,bottle,58.0,147.0,10.0,47.0
005161.jpg,person,158.0,101.0,21.0,75.0
005161.jpg,person,62.0,102.0,18.0,59.0
005161.jpg,person,32.0,102.0,17.0,53.0
005161.jpg,person,6.0,99.0,11.0,50.0
005161.jpg,person,88.0,100.0,17.0,60.0
005161.jpg,person,126.0,124.0,7.0,29.0
005161.jpg,person,222.0,127.0,3.0,39.0
005161.jpg,horse,166.0,134.0,73.0,93.0
005161.jpg,horse,65.0,129.0,53.0,72.0
005161.jpg,horse,15.0,129.0,27.0,59.0
005161.jpg,horse,99.0,129.0,40.0,70.0
005161.jpg,horse,39.0,128.0,22.0,56.0
005168.jpg,train,108.0,116.0,183.0,76.0
005169.jpg,cat,108.0,99.0,23.0,27.0
005169.jpg,car,214.0,32.0,20.0,16.0
005169.jpg,car,145.0,34.0,26.0,15.0
005169.jpg,car,139.0,31.0,22.0,16.0
005171.jpg,boat,104.0,177.0,39.0,30.0
005171.jpg,boat,59.0,193.0,8.0,14.0
005173.jpg,motorbike,54.0,125.0,96.0,146.0
005173.jpg,motorbike,174.0,127.0,93.0,155.0
005173.jpg,person,154.0,117.0,102.0,164.0
005173.jpg,person,47.0,108.0,78.0,167.0
005173.jpg,person,194.0,59.0,24.0,106.0
005173.jpg,person,73.0,59.0,29.0,81.0
005173.jpg,person,128.0,31.0,23.0,42.0
005173.jpg,person,140.0,27.0,28.0,53.0
005173.jpg,person,50.0,33.0,23.0,37.0
005173.jpg,person,8.0,42.0,16.0,79.0
005173.jpg,person,215.0,65.0,18.0,88.0
005173.jpg,person,167.0,30.0,21.0,58.0
005173.jpg,person,181.0,21.0,13.0,41.0
005173.jpg,person,87.0,31.0,18.0,61.0
005173.jpg,person,69.0,13.0,18.0,25.0
005173.jpg,person,56.0,21.0,15.0,40.0
005173.jpg,person,38.0,24.0,20.0,46.0
005175.jpg,aeroplane,52.0,139.0,82.0,41.0
005175.jpg,aeroplane,119.0,135.0,64.0,36.0
005175.jpg,aeroplane,170.0,135.0,44.0,24.0
005175.jpg,aeroplane,184.0,129.0,56.0,30.0
005175.jpg,aeroplane,211.0,134.0,26.0,18.0
005176.jpg,person,88.0,125.0,33.0,54.0
005176.jpg,person,62.0,126.0,122.0,197.0
005176.jpg,person,172.0,139.0,103.0,169.0
005176.jpg,person,213.0,175.0,23.0,97.0
005177.jpg,sofa,114.0,121.0,220.0,82.0
005179.jpg,sofa,112.0,121.0,220.0,206.0
005181.jpg,boat,76.0,159.0,22.0,53.0
005181.jpg,boat,89.0,166.0,25.0,16.0
005181.jpg,boat,99.0,159.0,21.0,54.0
005181.jpg,boat,120.0,159.0,21.0,57.0
005181.jpg,boat,202.0,180.0,26.0,18.0
005181.jpg,boat,174.0,182.0,27.0,16.0
005181.jpg,boat,159.0,156.0,21.0,66.0
005181.jpg,boat,141.0,163.0,17.0,51.0
005183.jpg,cat,78.0,169.0,125.0,63.0
005183.jpg,cat,171.0,161.0,88.0,52.0
005183.jpg,pottedplant,112.0,114.0,223.0,220.0
005185.jpg,sofa,113.0,124.0,223.0,161.0
005185.jpg,dog,134.0,97.0,54.0,54.0
005185.jpg,dog,92.0,110.0,58.0,54.0
005186.jpg,chair,78.0,139.0,32.0,72.0
005186.jpg,chair,196.0,134.0,26.0,53.0
005186.jpg,sofa,188.0,189.0,71.0,70.0
005186.jpg,pottedplant,36.0,139.0,43.0,81.0
005186.jpg,pottedplant,9.0,177.0,18.0,51.0
005189.jpg,person,143.0,124.0,162.0,199.0
005189.jpg,person,69.0,112.0,136.0,223.0
005190.jpg,person,129.0,119.0,143.0,209.0
005190.jpg,pottedplant,28.0,131.0,56.0,104.0
005191.jpg,diningtable,126.0,123.0,196.0,94.0
005191.jpg,diningtable,107.0,174.0,185.0,101.0
005191.jpg,chair,217.0,92.0,13.0,35.0
005191.jpg,chair,182.0,83.0,23.0,23.0
005191.jpg,chair,102.0,72.0,20.0,16.0
005191.jpg,chair,24.0,109.0,27.0,48.0
005191.jpg,chair,56.0,108.0,23.0,43.0
005191.jpg,chair,83.0,105.0,22.0,39.0
005191.jpg,chair,101.0,104.0,17.0,58.0
005191.jpg,chair,113.0,107.0,14.0,62.0
005191.jpg,chair,122.0,111.0,17.0,66.0
005191.jpg,chair,143.0,125.0,34.0,81.0
005191.jpg,chair,173.0,144.0,35.0,106.0
005191.jpg,chair,205.0,163.0,39.0,121.0
005191.jpg,chair,177.0,171.0,50.0,68.0
005191.jpg,chair,136.0,146.0,29.0,38.0
005195.jpg,bottle,133.0,146.0,9.0,26.0
005195.jpg,bottle,35.0,182.0,13.0,47.0
005195.jpg,person,193.0,140.0,56.0,128.0
005195.jpg,person,125.0,104.0,47.0,74.0
005195.jpg,person,29.0,120.0,58.0,99.0
005195.jpg,diningtable,96.0,179.0,181.0,90.0
005195.jpg,chair,218.0,210.0,12.0,24.0
005195.jpg,chair,11.0,179.0,16.0,28.0
005199.jpg,car,113.0,167.0,206.0,77.0
005202.jpg,bird,94.0,103.0,130.0,98.0
005203.jpg,dog,101.0,136.0,96.0,148.0
005203.jpg,sofa,112.0,113.0,222.0,223.0
005208.jpg,person,77.0,164.0,54.0,119.0
005209.jpg,car,112.0,126.0,150.0,151.0
005210.jpg,tvmonitor,62.0,97.0,59.0,106.0
005212.jpg,motorbike,176.0,158.0,34.0,43.0
005212.jpg,chair,201.0,170.0,15.0,52.0
005212.jpg,sofa,209.0,192.0,31.0,63.0
005214.jpg,train,112.0,116.0,224.0,216.0
005215.jpg,motorbike,126.0,113.0,196.0,223.0
005217.jpg,boat,76.0,183.0,151.0,80.0
005219.jpg,person,58.0,106.0,28.0,131.0
005219.jpg,person,131.0,110.0,14.0,70.0
005219.jpg,person,146.0,129.0,33.0,71.0
005219.jpg,person,161.0,97.0,12.0,49.0
005219.jpg,person,172.0,105.0,18.0,61.0
005219.jpg,person,150.0,91.0,11.0,26.0
005220.jpg,person,151.0,104.0,115.0,144.0
005220.jpg,person,47.0,125.0,94.0,197.0
005220.jpg,person,214.0,150.0,20.0,148.0
005222.jpg,cat,23.0,87.0,44.0,137.0
005222.jpg,person,166.0,113.0,116.0,189.0
005223.jpg,sheep,130.0,131.0,189.0,187.0
005224.jpg,pottedplant,12.0,117.0,23.0,132.0
005224.jpg,pottedplant,116.0,118.0,199.0,128.0
005229.jpg,person,112.0,112.0,224.0,223.0
005230.jpg,person,70.0,111.0,39.0,89.0
005230.jpg,person,147.0,113.0,35.0,74.0
005230.jpg,person,8.0,115.0,15.0,29.0
005230.jpg,person,14.0,117.0,9.0,28.0
005230.jpg,person,25.0,120.0,15.0,29.0
005230.jpg,bicycle,74.0,138.0,44.0,66.0
005230.jpg,bicycle,148.0,141.0,38.0,59.0
005231.jpg,dog,135.0,114.0,77.0,97.0
005231.jpg,person,80.0,117.0,122.0,208.0
005231.jpg,person,187.0,112.0,73.0,221.0
005231.jpg,sofa,112.0,124.0,223.0,200.0
005236.jpg,person,78.0,134.0,83.0,179.0
005236.jpg,horse,108.0,155.0,60.0,137.0
005236.jpg,person,164.0,129.0,61.0,190.0
005236.jpg,person,186.0,126.0,44.0,146.0
005239.jpg,person,156.0,153.0,96.0,143.0
005239.jpg,person,215.0,143.0,17.0,42.0
005239.jpg,person,127.0,96.0,18.0,22.0
005239.jpg,person,110.0,100.0,17.0,11.0
005242.jpg,bottle,188.0,182.0,21.0,83.0
005242.jpg,diningtable,112.0,193.0,224.0,62.0
005242.jpg,person,93.0,103.0,85.0,152.0
005242.jpg,person,185.0,97.0,78.0,149.0
005242.jpg,sofa,33.0,138.0,50.0,104.0
005244.jpg,train,98.0,105.0,194.0,198.0
005245.jpg,person,173.0,90.0,91.0,113.0
005245.jpg,person,45.0,79.0,88.0,129.0
005245.jpg,bottle,6.0,116.0,12.0,78.0
005245.jpg,diningtable,113.0,184.0,222.0,80.0
005246.jpg,bird,129.0,126.0,183.0,196.0
005248.jpg,person,201.0,124.0,9.0,32.0
005248.jpg,horse,29.0,160.0,57.0,126.0
005253.jpg,bird,126.0,128.0,134.0,192.0
005254.jpg,dog,100.0,133.0,75.0,97.0
005257.jpg,person,127.0,108.0,29.0,66.0
005257.jpg,boat,111.0,142.0,64.0,31.0
005258.jpg,motorbike,112.0,94.0,224.0,188.0
005259.jpg,car,101.0,125.0,185.0,157.0
005260.jpg,person,124.0,117.0,48.0,126.0
005260.jpg,person,46.0,117.0,61.0,130.0
005260.jpg,motorbike,111.0,136.0,69.0,98.0
005260.jpg,motorbike,41.0,141.0,68.0,113.0
005262.jpg,car,195.0,150.0,57.0,56.0
005262.jpg,car,15.0,103.0,17.0,16.0
005262.jpg,bus,95.0,106.0,117.0,76.0
005263.jpg,sofa,112.0,113.0,222.0,220.0
005264.jpg,bird,149.0,133.0,112.0,182.0
005264.jpg,bird,70.0,123.0,123.0,203.0
005267.jpg,train,106.0,121.0,151.0,173.0
005268.jpg,bicycle,175.0,95.0,95.0,93.0
005268.jpg,bicycle,72.0,122.0,39.0,40.0
005268.jpg,person,149.0,64.0,74.0,112.0
005268.jpg,person,64.0,104.0,48.0,53.0
005269.jpg,train,107.0,118.0,146.0,107.0
005269.jpg,person,174.0,140.0,14.0,46.0
005270.jpg,cat,123.0,141.0,202.0,148.0
005273.jpg,car,88.0,63.0,79.0,60.0
005273.jpg,car,146.0,71.0,82.0,41.0
005273.jpg,person,168.0,51.0,35.0,88.0
005273.jpg,person,187.0,61.0,19.0,62.0
005273.jpg,bicycle,69.0,140.0,136.0,146.0
005274.jpg,dog,161.0,138.0,69.0,152.0
005274.jpg,dog,100.0,170.0,48.0,67.0
005274.jpg,person,117.0,121.0,143.0,168.0
005278.jpg,horse,99.0,135.0,100.0,178.0
005278.jpg,horse,24.0,132.0,46.0,78.0
005278.jpg,horse,79.0,140.0,49.0,133.0
005278.jpg,person,217.0,153.0,14.0,142.0
005278.jpg,person,110.0,93.0,29.0,122.0
005278.jpg,person,82.0,75.0,22.0,49.0
005278.jpg,person,28.0,100.0,17.0,68.0
005278.jpg,person,127.0,78.0,9.0,29.0
005281.jpg,bicycle,101.0,130.0,38.0,41.0
005281.jpg,person,109.0,113.0,39.0,63.0
005281.jpg,person,50.0,116.0,20.0,53.0
005281.jpg,person,29.0,119.0,35.0,78.0
005281.jpg,person,70.0,108.0,9.0,11.0
005283.jpg,person,174.0,138.0,77.0,172.0
005283.jpg,person,33.0,142.0,65.0,165.0
005283.jpg,person,111.0,118.0,87.0,212.0
005285.jpg,bird,103.0,137.0,126.0,134.0
005285.jpg,bird,198.0,132.0,53.0,73.0
005288.jpg,sheep,104.0,164.0,14.0,19.0
005290.jpg,aeroplane,115.0,102.0,27.0,40.0
005292.jpg,sofa,180.0,177.0,88.0,94.0
005293.jpg,dog,85.0,62.0,51.0,52.0
005297.jpg,person,122.0,113.0,164.0,223.0
005297.jpg,person,79.0,136.0,65.0,176.0
005297.jpg,person,32.0,135.0,31.0,93.0
005298.jpg,person,41.0,146.0,67.0,157.0
005298.jpg,person,138.0,126.0,56.0,195.0
005303.jpg,dog,133.0,149.0,181.0,123.0
005303.jpg,person,115.0,121.0,218.0,206.0
005304.jpg,bottle,147.0,100.0,57.0,116.0
005304.jpg,person,106.0,113.0,211.0,223.0
005305.jpg,car,102.0,184.0,115.0,47.0
005306.jpg,person,99.0,106.0,36.0,97.0
005306.jpg,person,59.0,147.0,66.0,154.0
005306.jpg,person,70.0,180.0,39.0,88.0
005306.jpg,person,153.0,145.0,48.0,158.0
005306.jpg,horse,113.0,174.0,76.0,99.0
005307.jpg,cat,137.0,128.0,45.0,53.0
005307.jpg,person,85.0,118.0,168.0,171.0
005310.jpg,person,99.0,169.0,172.0,110.0
005310.jpg,person,80.0,112.0,71.0,180.0
005311.jpg,person,105.0,59.0,14.0,30.0
005311.jpg,person,122.0,55.0,30.0,41.0
005311.jpg,person,44.0,69.0,86.0,138.0
005311.jpg,person,155.0,74.0,75.0,138.0
005311.jpg,diningtable,112.0,174.0,224.0,99.0
005312.jpg,cat,106.0,127.0,113.0,189.0
005314.jpg,motorbike,113.0,110.0,221.0,207.0
005315.jpg,bicycle,114.0,134.0,29.0,61.0
005315.jpg,person,115.0,109.0,27.0,79.0
005318.jpg,car,119.0,98.0,140.0,152.0
005319.jpg,sheep,108.0,113.0,215.0,216.0
005320.jpg,boat,191.0,99.0,47.0,26.0
005325.jpg,boat,135.0,167.0,22.0,35.0
005326.jpg,person,97.0,139.0,18.0,43.0
005326.jpg,person,157.0,122.0,9.0,35.0
005326.jpg,person,200.0,117.0,6.0,16.0
005326.jpg,person,193.0,119.0,6.0,19.0
005326.jpg,person,181.0,115.0,7.0,9.0
005326.jpg,cow,54.0,151.0,54.0,36.0
005326.jpg,cow,40.0,150.0,49.0,31.0
005326.jpg,cow,133.0,142.0,36.0,28.0
005326.jpg,cow,112.0,139.0,13.0,17.0
005326.jpg,cow,177.0,128.0,15.0,19.0
005326.jpg,cow,167.0,127.0,10.0,19.0
005326.jpg,cow,188.0,122.0,6.0,14.0
005327.jpg,sofa,112.0,159.0,223.0,128.0
005327.jpg,person,79.0,139.0,128.0,36.0
005327.jpg,dog,154.0,139.0,51.0,28.0
005328.jpg,bird,81.0,118.0,27.0,41.0
005331.jpg,horse,127.0,138.0,155.0,143.0
005331.jpg,person,122.0,91.0,101.0,103.0
005331.jpg,car,86.0,53.0,54.0,25.0
005331.jpg,car,41.0,54.0,34.0,21.0
005331.jpg,car,14.0,54.0,27.0,23.0
005336.jpg,sofa,114.0,161.0,190.0,78.0
005336.jpg,person,126.0,153.0,131.0,36.0
005337.jpg,boat,144.0,115.0,33.0,31.0
005338.jpg,bird,54.0,63.0,51.0,87.0
005338.jpg,bird,141.0,122.0,73.0,188.0
005340.jpg,boat,138.0,98.0,67.0,168.0
005343.jpg,person,111.0,154.0,124.0,139.0
005343.jpg,person,123.0,154.0,138.0,139.0
005344.jpg,bicycle,111.0,166.0,97.0,116.0
005344.jpg,bicycle,173.0,164.0,72.0,119.0
005344.jpg,person,108.0,110.0,164.0,185.0
005344.jpg,person,176.0,98.0,89.0,170.0
005345.jpg,bottle,102.0,86.0,11.0,30.0
005345.jpg,diningtable,113.0,156.0,223.0,135.0
005345.jpg,chair,106.0,73.0,40.0,29.0
005345.jpg,chair,185.0,93.0,28.0,46.0
005345.jpg,chair,207.0,113.0,34.0,62.0
005346.jpg,pottedplant,206.0,95.0,35.0,132.0
005346.jpg,person,110.0,138.0,134.0,172.0
005346.jpg,sofa,102.0,142.0,202.0,164.0
005348.jpg,person,172.0,144.0,100.0,158.0
005348.jpg,person,73.0,117.0,144.0,213.0
005349.jpg,tvmonitor,202.0,95.0,45.0,76.0
005349.jpg,tvmonitor,24.0,122.0,46.0,82.0
005349.jpg,chair,119.0,182.0,148.0,84.0
005350.jpg,car,109.0,131.0,141.0,73.0
005351.jpg,horse,214.0,148.0,21.0,55.0
005351.jpg,horse,158.0,169.0,77.0,109.0
005351.jpg,horse,102.0,138.0,32.0,81.0
005351.jpg,horse,72.0,106.0,9.0,22.0
005351.jpg,horse,81.0,105.0,9.0,27.0
005351.jpg,person,144.0,129.0,26.0,76.0
005351.jpg,person,98.0,115.0,18.0,53.0
005351.jpg,person,80.0,90.0,9.0,16.0
005352.jpg,dog,84.0,130.0,45.0,130.0
005355.jpg,train,97.0,124.0,188.0,109.0
005355.jpg,train,211.0,119.0,18.0,20.0
005358.jpg,aeroplane,114.0,85.0,21.0,14.0
005358.jpg,boat,14.0,216.0,14.0,6.0
005360.jpg,train,113.0,113.0,161.0,97.0
005360.jpg,train,16.0,121.0,31.0,60.0
005363.jpg,sheep,111.0,127.0,219.0,193.0
005365.jpg,dog,108.0,103.0,168.0,204.0
005367.jpg,bottle,74.0,122.0,47.0,176.0
005368.jpg,bicycle,94.0,190.0,152.0,69.0
005368.jpg,person,111.0,116.0,211.0,216.0
005369.jpg,boat,156.0,142.0,34.0,21.0
005370.jpg,boat,137.0,112.0,41.0,15.0
005371.jpg,bird,53.0,181.0,86.0,85.0
005371.jpg,person,132.0,116.0,184.0,214.0
005373.jpg,car,122.0,114.0,25.0,26.0
005373.jpg,car,157.0,110.0,19.0,20.0
005374.jpg,person,146.0,141.0,32.0,107.0
005374.jpg,person,104.0,119.0,20.0,75.0
005374.jpg,person,106.0,124.0,19.0,65.0
005374.jpg,bus,154.0,105.0,140.0,207.0
005378.jpg,chair,20.0,142.0,38.0,62.0
005379.jpg,dog,85.0,109.0,140.0,94.0
005380.jpg,chair,109.0,118.0,188.0,211.0
005380.jpg,cat,146.0,149.0,102.0,135.0
005383.jpg,person,107.0,110.0,143.0,218.0
005384.jpg,train,115.0,113.0,219.0,223.0
005384.jpg,person,172.0,152.0,64.0,145.0
005385.jpg,bottle,33.0,181.0,25.0,84.0
005385.jpg,person,146.0,114.0,155.0,221.0
005385.jpg,person,88.0,105.0,111.0,167.0
005385.jpg,sofa,80.0,117.0,155.0,116.0
005387.jpg,bus,103.0,142.0,166.0,79.0
005387.jpg,car,11.0,156.0,19.0,9.0
005388.jpg,bottle,61.0,59.0,23.0,58.0
005388.jpg,bottle,99.0,68.0,22.0,42.0
005389.jpg,train,113.0,115.0,200.0,152.0
005391.jpg,aeroplane,109.0,100.0,196.0,70.0
005393.jpg,aeroplane,109.0,74.0,170.0,87.0
005395.jpg,sheep,122.0,134.0,17.0,17.0
005395.jpg,sheep,134.0,134.0,11.0,19.0
005395.jpg,sheep,163.0,129.0,17.0,16.0
005395.jpg,sheep,193.0,147.0,23.0,26.0
005395.jpg,sheep,192.0,115.0,9.0,11.0
005395.jpg,sheep,101.0,117.0,9.0,9.0
005395.jpg,sheep,85.0,124.0,16.0,15.0
005395.jpg,sheep,73.0,122.0,14.0,12.0
005395.jpg,sheep,45.0,122.0,13.0,11.0
005395.jpg,sheep,36.0,119.0,9.0,9.0
005396.jpg,tvmonitor,52.0,112.0,98.0,100.0
005396.jpg,person,53.0,105.0,73.0,64.0
005396.jpg,person,169.0,141.0,97.0,166.0
005397.jpg,sofa,183.0,163.0,83.0,121.0
005397.jpg,chair,93.0,137.0,39.0,79.0
005397.jpg,chair,130.0,139.0,36.0,69.0
005397.jpg,chair,120.0,104.0,30.0,24.0
005398.jpg,motorbike,71.0,120.0,80.0,100.0
005398.jpg,person,66.0,105.0,35.0,91.0
005398.jpg,person,83.0,108.0,41.0,102.0
005404.jpg,cow,142.0,138.0,165.0,171.0
005405.jpg,person,104.0,124.0,122.0,112.0
005406.jpg,aeroplane,91.0,105.0,28.0,41.0
005407.jpg,train,114.0,112.0,17.0,14.0
005408.jpg,dog,118.0,143.0,139.0,116.0
005410.jpg,person,140.0,162.0,45.0,124.0
005410.jpg,bicycle,142.0,192.0,32.0,63.0
005413.jpg,person,86.0,134.0,100.0,178.0
005413.jpg,boat,31.0,178.0,56.0,27.0
005414.jpg,motorbike,62.0,147.0,71.0,153.0
005414.jpg,motorbike,159.0,153.0,80.0,143.0
005414.jpg,person,109.0,124.0,42.0,195.0
005414.jpg,person,160.0,129.0,67.0,185.0
005414.jpg,motorbike,206.0,82.0,25.0,37.0
005416.jpg,dog,105.0,118.0,210.0,211.0
005417.jpg,person,86.0,112.0,172.0,222.0
005418.jpg,cow,145.0,122.0,97.0,128.0
005419.jpg,horse,122.0,124.0,99.0,144.0
005419.jpg,person,117.0,78.0,112.0,88.0
005420.jpg,boat,107.0,109.0,183.0,198.0
005421.jpg,person,97.0,117.0,135.0,213.0
005423.jpg,car,40.0,74.0,76.0,23.0
005423.jpg,car,150.0,72.0,54.0,19.0
005423.jpg,car,182.0,66.0,56.0,18.0
005423.jpg,car,113.0,104.0,154.0,83.0
005424.jpg,bicycle,66.0,65.0,78.0,58.0
005424.jpg,bicycle,60.0,153.0,87.0,79.0
005424.jpg,person,86.0,45.0,76.0,77.0
005424.jpg,person,79.0,112.0,129.0,102.0
005429.jpg,bicycle,110.0,119.0,36.0,52.0
005429.jpg,person,111.0,98.0,19.0,66.0
005429.jpg,person,122.0,89.0,28.0,101.0
005430.jpg,bottle,92.0,118.0,12.0,20.0
005430.jpg,bicycle,91.0,117.0,83.0,83.0
005430.jpg,person,127.0,94.0,64.0,152.0
005431.jpg,boat,76.0,142.0,18.0,21.0
005433.jpg,dog,106.0,130.0,86.0,74.0
005433.jpg,sofa,112.0,112.0,224.0,223.0
005434.jpg,cat,139.0,142.0,127.0,146.0
005434.jpg,chair,69.0,113.0,135.0,223.0
005436.jpg,motorbike,183.0,91.0,52.0,35.0
005436.jpg,motorbike,47.0,105.0,60.0,41.0
005438.jpg,chair,43.0,160.0,55.0,92.0
005438.jpg,sofa,201.0,179.0,36.0,76.0
005439.jpg,sofa,203.0,83.0,41.0,106.0
005439.jpg,chair,112.0,84.0,70.0,115.0
005439.jpg,chair,31.0,171.0,61.0,105.0
005439.jpg,person,111.0,66.0,32.0,31.0
005440.jpg,train,100.0,140.0,198.0,45.0
005441.jpg,bottle,151.0,194.0,32.0,40.0
005441.jpg,person,18.0,131.0,33.0,186.0
005441.jpg,person,36.0,83.0,17.0,59.0
005441.jpg,person,52.0,145.0,56.0,155.0
005441.jpg,person,94.0,133.0,40.0,180.0
005441.jpg,person,138.0,131.0,43.0,187.0
005441.jpg,person,187.0,53.0,30.0,33.0
005441.jpg,person,174.0,140.0,75.0,168.0
005445.jpg,cat,115.0,164.0,192.0,118.0
005448.jpg,bus,23.0,81.0,44.0,83.0
005448.jpg,person,194.0,108.0,25.0,63.0
005448.jpg,person,145.0,112.0,29.0,70.0
005448.jpg,person,110.0,109.0,24.0,53.0
005448.jpg,person,81.0,101.0,24.0,44.0
005448.jpg,person,55.0,104.0,20.0,53.0
005448.jpg,person,29.0,100.0,24.0,53.0
005448.jpg,motorbike,193.0,125.0,32.0,47.0
005448.jpg,motorbike,143.0,124.0,31.0,49.0
005448.jpg,motorbike,111.0,124.0,27.0,45.0
005448.jpg,motorbike,82.0,123.0,27.0,41.0
005448.jpg,motorbike,57.0,119.0,29.0,43.0
005448.jpg,motorbike,30.0,116.0,30.0,45.0
005450.jpg,person,109.0,140.0,210.0,169.0
005451.jpg,person,183.0,135.0,82.0,178.0
005451.jpg,person,117.0,184.0,48.0,49.0
005451.jpg,person,88.0,175.0,19.0,17.0
005451.jpg,person,64.0,188.0,35.0,52.0
005451.jpg,person,28.0,182.0,38.0,43.0
005451.jpg,diningtable,90.0,200.0,84.0,44.0
005453.jpg,dog,44.0,190.0,88.0,64.0
005453.jpg,horse,157.0,113.0,133.0,222.0
005453.jpg,horse,90.0,155.0,37.0,100.0
005454.jpg,tvmonitor,71.0,105.0,62.0,113.0
005454.jpg,chair,193.0,164.0,61.0,120.0
005454.jpg,chair,215.0,60.0,17.0,49.0
005454.jpg,chair,17.0,167.0,34.0,113.0
005455.jpg,cat,123.0,109.0,143.0,165.0
005457.jpg,car,101.0,129.0,145.0,98.0
005457.jpg,person,196.0,23.0,9.0,12.0
005457.jpg,person,219.0,22.0,9.0,12.0
005461.jpg,horse,134.0,146.0,136.0,89.0
005461.jpg,horse,61.0,134.0,80.0,49.0
005461.jpg,horse,20.0,134.0,36.0,48.0
005461.jpg,person,115.0,125.0,27.0,105.0
005461.jpg,person,78.0,107.0,9.0,11.0
005461.jpg,person,45.0,153.0,26.0,137.0
005461.jpg,person,10.0,114.0,15.0,31.0
005465.jpg,aeroplane,143.0,131.0,162.0,146.0
005465.jpg,chair,211.0,160.0,26.0,43.0
005467.jpg,bottle,169.0,122.0,28.0,117.0
005467.jpg,person,218.0,99.0,13.0,112.0
005467.jpg,person,202.0,91.0,43.0,106.0
005467.jpg,person,173.0,76.0,36.0,67.0
005467.jpg,person,58.0,118.0,82.0,211.0
005467.jpg,person,8.0,116.0,16.0,216.0
005467.jpg,diningtable,137.0,169.0,174.0,109.0
005469.jpg,sheep,122.0,146.0,205.0,156.0
005470.jpg,cat,113.0,113.0,222.0,223.0
005471.jpg,chair,170.0,68.0,68.0,98.0
005471.jpg,person,66.0,121.0,114.0,204.0
005471.jpg,person,173.0,112.0,100.0,190.0
005471.jpg,bottle,79.0,183.0,13.0,45.0
005475.jpg,person,174.0,121.0,91.0,205.0
005475.jpg,car,18.0,134.0,13.0,11.0
005475.jpg,person,27.0,136.0,6.0,20.0
005475.jpg,person,34.0,139.0,5.0,20.0
005475.jpg,person,4.0,129.0,3.0,12.0
005475.jpg,person,8.0,129.0,4.0,13.0
005478.jpg,sofa,113.0,149.0,222.0,149.0
005478.jpg,person,29.0,128.0,58.0,112.0
005478.jpg,person,69.0,149.0,136.0,149.0
005478.jpg,person,147.0,197.0,152.0,55.0
005481.jpg,train,105.0,99.0,208.0,133.0
005481.jpg,car,103.0,31.0,17.0,14.0
005481.jpg,car,89.0,28.0,19.0,14.0
005481.jpg,car,80.0,24.0,24.0,16.0
005483.jpg,car,109.0,119.0,156.0,124.0
005483.jpg,car,22.0,160.0,44.0,84.0
005485.jpg,bird,208.0,96.0,11.0,14.0
005485.jpg,bird,150.0,117.0,18.0,15.0
005485.jpg,bird,167.0,85.0,9.0,11.0
005485.jpg,bird,100.0,113.0,17.0,18.0
005485.jpg,bird,78.0,124.0,16.0,14.0
005485.jpg,bird,20.0,117.0,10.0,16.0
005485.jpg,bird,36.0,111.0,10.0,13.0
005485.jpg,bird,42.0,111.0,10.0,13.0
005485.jpg,bird,30.0,151.0,14.0,8.0
005485.jpg,bird,43.0,145.0,9.0,12.0
005485.jpg,bird,60.0,116.0,13.0,13.0
005485.jpg,bird,71.0,108.0,9.0,14.0
005485.jpg,bird,67.0,101.0,15.0,10.0
005485.jpg,bird,69.0,90.0,14.0,14.0
005485.jpg,bird,85.0,92.0,17.0,8.0
005485.jpg,bird,66.0,140.0,14.0,10.0
005485.jpg,bird,52.0,137.0,14.0,8.0
005485.jpg,bird,56.0,142.0,12.0,8.0
005485.jpg,person,81.0,162.0,18.0,65.0
005485.jpg,person,106.0,166.0,22.0,52.0
005485.jpg,person,112.0,143.0,12.0,23.0
005485.jpg,person,122.0,168.0,22.0,48.0
005485.jpg,person,116.0,161.0,13.0,21.0
005486.jpg,car,111.0,117.0,185.0,150.0
005486.jpg,car,168.0,79.0,111.0,75.0
005486.jpg,car,8.0,124.0,14.0,115.0
005487.jpg,aeroplane,122.0,125.0,183.0,98.0
005487.jpg,person,95.0,165.0,11.0,30.0
005487.jpg,person,41.0,173.0,11.0,35.0
005489.jpg,car,130.0,124.0,34.0,25.0
005489.jpg,car,196.0,55.0,25.0,15.0
005496.jpg,boat,138.0,131.0,130.0,124.0
005496.jpg,person,191.0,141.0,10.0,20.0
005497.jpg,dog,113.0,149.0,223.0,149.0
005499.jpg,car,112.0,128.0,223.0,192.0
005499.jpg,person,155.0,62.0,61.0,118.0
005507.jpg,bicycle,71.0,122.0,14.0,13.0
005507.jpg,bicycle,43.0,127.0,17.0,8.0
005507.jpg,bicycle,109.0,125.0,18.0,13.0
005507.jpg,person,97.0,123.0,9.0,13.0
005507.jpg,person,109.0,116.0,5.0,27.0
005507.jpg,person,113.0,116.0,8.0,27.0
005507.jpg,person,134.0,127.0,9.0,13.0
005508.jpg,person,109.0,141.0,111.0,165.0
005508.jpg,chair,110.0,187.0,69.0,52.0
005509.jpg,aeroplane,106.0,89.0,202.0,90.0
005509.jpg,person,220.0,115.0,6.0,26.0
005509.jpg,person,213.0,114.0,4.0,24.0
005509.jpg,person,208.0,114.0,6.0,27.0
005509.jpg,person,202.0,115.0,6.0,27.0
005509.jpg,person,196.0,118.0,7.0,31.0
005509.jpg,person,187.0,118.0,8.0,36.0
005509.jpg,person,191.0,125.0,5.0,26.0
005509.jpg,person,179.0,112.0,4.0,24.0
005509.jpg,person,166.0,118.0,5.0,27.0
005509.jpg,person,143.0,118.0,9.0,29.0
005509.jpg,person,135.0,119.0,6.0,31.0
005509.jpg,person,84.0,116.0,6.0,23.0
005509.jpg,person,75.0,116.0,4.0,21.0
005509.jpg,person,71.0,116.0,4.0,21.0
005509.jpg,car,92.0,112.0,6.0,9.0
005509.jpg,car,54.0,113.0,8.0,9.0
005509.jpg,car,24.0,113.0,9.0,9.0
005509.jpg,car,45.0,113.0,9.0,11.0
005509.jpg,car,39.0,112.0,6.0,8.0
005509.jpg,car,62.0,112.0,6.0,9.0
005510.jpg,sofa,112.0,121.0,222.0,207.0
005511.jpg,horse,107.0,130.0,64.0,136.0
005511.jpg,person,111.0,96.0,97.0,87.0
005514.jpg,cow,82.0,105.0,163.0,146.0
005514.jpg,cow,191.0,113.0,66.0,121.0
005515.jpg,pottedplant,99.0,152.0,198.0,145.0
005515.jpg,pottedplant,36.0,82.0,72.0,164.0
005515.jpg,pottedplant,124.0,60.0,195.0,120.0
005515.jpg,pottedplant,215.0,137.0,18.0,146.0
005517.jpg,chair,190.0,152.0,67.0,143.0
005517.jpg,pottedplant,22.0,84.0,35.0,154.0
005517.jpg,tvmonitor,49.0,57.0,39.0,54.0
005517.jpg,tvmonitor,127.0,59.0,41.0,59.0
005517.jpg,tvmonitor,172.0,55.0,43.0,56.0
005518.jpg,dog,94.0,128.0,76.0,156.0
005519.jpg,cat,58.0,116.0,39.0,96.0
005519.jpg,cat,137.0,84.0,74.0,98.0
005521.jpg,diningtable,118.0,155.0,174.0,136.0
005521.jpg,diningtable,148.0,56.0,64.0,57.0
005522.jpg,person,196.0,67.0,8.0,20.0
005522.jpg,person,207.0,67.0,7.0,23.0
005522.jpg,person,96.0,74.0,11.0,26.0
005522.jpg,person,105.0,71.0,9.0,22.0
005522.jpg,person,129.0,82.0,15.0,55.0
005522.jpg,person,62.0,86.0,11.0,71.0
005522.jpg,person,59.0,92.0,13.0,74.0
005522.jpg,person,44.0,80.0,11.0,31.0
005522.jpg,person,32.0,79.0,10.0,33.0
005522.jpg,person,21.0,128.0,42.0,118.0
005522.jpg,person,4.0,161.0,8.0,125.0
005524.jpg,dog,119.0,77.0,209.0,112.0
005524.jpg,sofa,137.0,119.0,174.0,210.0
005526.jpg,tvmonitor,204.0,194.0,39.0,60.0
005526.jpg,person,60.0,113.0,120.0,222.0
005526.jpg,person,151.0,147.0,107.0,155.0
005527.jpg,person,116.0,121.0,202.0,205.0
005530.jpg,bus,38.0,164.0,72.0,98.0
005530.jpg,bus,85.0,166.0,82.0,94.0
005530.jpg,bus,127.0,161.0,63.0,77.0
005530.jpg,bus,161.0,162.0,66.0,77.0
005530.jpg,bus,192.0,159.0,49.0,65.0
005531.jpg,chair,127.0,127.0,53.0,67.0
005531.jpg,chair,162.0,98.0,20.0,38.0
005531.jpg,chair,136.0,113.0,42.0,66.0
005531.jpg,chair,180.0,129.0,65.0,65.0
005531.jpg,pottedplant,114.0,53.0,33.0,60.0
005531.jpg,diningtable,144.0,122.0,161.0,69.0
005535.jpg,dog,115.0,92.0,157.0,183.0
005536.jpg,car,105.0,143.0,172.0,134.0
005536.jpg,person,145.0,142.0,51.0,136.0
005539.jpg,cat,139.0,123.0,132.0,201.0
005541.jpg,person,194.0,126.0,51.0,40.0
005541.jpg,bottle,79.0,134.0,9.0,33.0
005541.jpg,person,11.0,89.0,22.0,177.0
005541.jpg,person,117.0,116.0,117.0,171.0
005542.jpg,person,96.0,148.0,56.0,151.0
005542.jpg,person,136.0,112.0,17.0,56.0
005542.jpg,person,204.0,148.0,22.0,66.0
005542.jpg,person,218.0,135.0,13.0,99.0
005542.jpg,person,122.0,110.0,14.0,53.0
005542.jpg,person,171.0,102.0,6.0,19.0
005542.jpg,person,162.0,100.0,6.0,23.0
005542.jpg,person,157.0,99.0,6.0,18.0
005542.jpg,person,152.0,99.0,4.0,14.0
005542.jpg,person,148.0,98.0,4.0,16.0
005542.jpg,person,144.0,97.0,5.0,17.0
005544.jpg,train,82.0,112.0,94.0,55.0
005547.jpg,cow,110.0,162.0,67.0,115.0
005547.jpg,car,111.0,148.0,179.0,118.0
005547.jpg,person,204.0,125.0,14.0,72.0
005549.jpg,car,74.0,132.0,27.0,22.0
005549.jpg,car,171.0,128.0,11.0,14.0
005550.jpg,horse,114.0,138.0,21.0,42.0
005550.jpg,person,123.0,138.0,25.0,58.0
005552.jpg,person,175.0,121.0,27.0,61.0
005552.jpg,person,153.0,125.0,50.0,69.0
005552.jpg,motorbike,145.0,144.0,69.0,76.0
005554.jpg,bicycle,215.0,145.0,18.0,84.0
005554.jpg,bicycle,166.0,148.0,50.0,85.0
005554.jpg,bicycle,123.0,166.0,60.0,103.0
005554.jpg,bicycle,52.0,166.0,83.0,112.0
005554.jpg,person,66.0,126.0,78.0,155.0
005554.jpg,person,130.0,124.0,58.0,125.0
005554.jpg,person,177.0,124.0,46.0,133.0
005554.jpg,person,185.0,16.0,13.0,24.0
005554.jpg,person,169.0,11.0,13.0,22.0
005559.jpg,cat,136.0,116.0,177.0,217.0
005563.jpg,tvmonitor,206.0,23.0,36.0,45.0
005563.jpg,person,130.0,110.0,75.0,174.0
005563.jpg,person,106.0,137.0,119.0,173.0
005563.jpg,bottle,170.0,65.0,6.0,25.0
005563.jpg,bottle,163.0,62.0,8.0,27.0
005566.jpg,car,112.0,99.0,153.0,152.0
005566.jpg,car,103.0,13.0,20.0,17.0
005566.jpg,car,211.0,11.0,26.0,22.0
005566.jpg,car,143.0,8.0,9.0,10.0
005568.jpg,horse,59.0,129.0,93.0,84.0
005568.jpg,horse,169.0,131.0,94.0,90.0
005573.jpg,person,99.0,128.0,90.0,189.0
005573.jpg,sofa,94.0,128.0,186.0,191.0
005574.jpg,aeroplane,141.0,130.0,166.0,108.0
005574.jpg,person,86.0,171.0,30.0,105.0
005576.jpg,train,113.0,181.0,208.0,62.0
005577.jpg,car,108.0,153.0,214.0,142.0
005579.jpg,cat,60.0,119.0,71.0,46.0
005579.jpg,cat,111.0,147.0,107.0,65.0
005582.jpg,person,102.0,114.0,138.0,219.0
005582.jpg,person,195.0,113.0,58.0,223.0
005582.jpg,person,24.0,113.0,47.0,223.0
005582.jpg,person,183.0,39.0,25.0,77.0
005582.jpg,person,142.0,40.0,19.0,50.0
005583.jpg,person,96.0,120.0,20.0,43.0
005584.jpg,car,184.0,153.0,69.0,76.0
005585.jpg,person,162.0,111.0,25.0,108.0
005585.jpg,car,73.0,142.0,126.0,127.0
005586.jpg,cat,73.0,122.0,43.0,116.0
005588.jpg,car,93.0,159.0,52.0,53.0
005590.jpg,cat,74.0,139.0,129.0,171.0
005590.jpg,cat,127.0,110.0,44.0,137.0
005590.jpg,cat,182.0,129.0,83.0,191.0
005591.jpg,diningtable,122.0,189.0,142.0,70.0
005591.jpg,chair,174.0,210.0,37.0,29.0
005591.jpg,chair,174.0,154.0,23.0,26.0
005591.jpg,chair,149.0,151.0,17.0,22.0
005591.jpg,chair,112.0,148.0,9.0,21.0
005591.jpg,chair,94.0,140.0,9.0,8.0
005591.jpg,chair,46.0,140.0,23.0,20.0
005591.jpg,chair,38.0,180.0,16.0,69.0
005591.jpg,chair,48.0,185.0,19.0,77.0
005591.jpg,chair,62.0,186.0,24.0,76.0
005591.jpg,chair,80.0,188.0,28.0,69.0
005591.jpg,chair,106.0,190.0,41.0,68.0
005592.jpg,car,89.0,102.0,69.0,43.0
005593.jpg,car,109.0,111.0,108.0,108.0
005593.jpg,person,125.0,79.0,23.0,24.0
005593.jpg,person,88.0,78.0,22.0,24.0
005593.jpg,person,145.0,50.0,24.0,63.0
005599.jpg,bicycle,157.0,130.0,83.0,129.0
005599.jpg,bicycle,73.0,130.0,87.0,106.0
005599.jpg,person,151.0,89.0,108.0,153.0
005599.jpg,person,70.0,93.0,107.0,152.0
005600.jpg,aeroplane,112.0,129.0,106.0,43.0
005600.jpg,aeroplane,129.0,101.0,29.0,19.0
005600.jpg,person,48.0,141.0,6.0,21.0
005600.jpg,person,43.0,140.0,6.0,19.0
005601.jpg,dog,96.0,159.0,190.0,130.0
005601.jpg,dog,129.0,99.0,65.0,127.0
005603.jpg,bird,92.0,123.0,183.0,202.0
005605.jpg,tvmonitor,112.0,102.0,36.0,40.0
005605.jpg,chair,197.0,175.0,53.0,83.0
005605.jpg,chair,189.0,205.0,70.0,37.0
005605.jpg,sofa,17.0,189.0,34.0,70.0
005605.jpg,pottedplant,148.0,99.0,25.0,121.0
005605.jpg,pottedplant,49.0,140.0,17.0,37.0
005605.jpg,pottedplant,41.0,147.0,14.0,14.0
005605.jpg,pottedplant,39.0,121.0,16.0,23.0
005605.jpg,pottedplant,69.0,113.0,8.0,32.0
005605.jpg,pottedplant,55.0,115.0,16.0,26.0
005605.jpg,pottedplant,15.0,114.0,7.0,41.0
005605.jpg,chair,174.0,119.0,28.0,54.0
005605.jpg,tvmonitor,167.0,94.0,21.0,15.0
005605.jpg,pottedplant,152.0,137.0,15.0,43.0
005605.jpg,bottle,202.0,126.0,4.0,14.0
005605.jpg,bottle,205.0,125.0,4.0,12.0
005605.jpg,bottle,199.0,109.0,3.0,14.0
005605.jpg,bottle,202.0,109.0,3.0,14.0
005605.jpg,bottle,198.0,126.0,4.0,13.0
005605.jpg,bottle,197.0,95.0,3.0,14.0
005605.jpg,bottle,200.0,94.0,3.0,13.0
005605.jpg,bottle,203.0,94.0,3.0,12.0
005605.jpg,bottle,206.0,94.0,2.0,12.0
005605.jpg,bottle,204.0,109.0,2.0,14.0
005606.jpg,bottle,24.0,132.0,39.0,92.0
005606.jpg,person,67.0,122.0,126.0,196.0
005606.jpg,person,133.0,130.0,177.0,181.0
005606.jpg,person,21.0,67.0,25.0,35.0
005606.jpg,person,41.0,83.0,23.0,37.0
005608.jpg,motorbike,91.0,154.0,180.0,106.0
005608.jpg,person,69.0,131.0,100.0,132.0
005608.jpg,person,101.0,112.0,86.0,63.0
005609.jpg,car,111.0,101.0,209.0,167.0
005609.jpg,car,182.0,44.0,84.0,84.0
005609.jpg,car,108.0,31.0,73.0,56.0
005609.jpg,car,169.0,17.0,69.0,32.0
005609.jpg,car,44.0,15.0,34.0,26.0
005609.jpg,car,16.0,50.0,31.0,67.0
005611.jpg,horse,102.0,113.0,117.0,161.0
005611.jpg,person,100.0,67.0,48.0,107.0
005613.jpg,person,81.0,88.0,105.0,174.0
005613.jpg,dog,125.0,180.0,105.0,88.0
005614.jpg,boat,76.0,140.0,100.0,51.0
005614.jpg,boat,122.0,92.0,56.0,99.0
005614.jpg,boat,163.0,127.0,44.0,22.0
005615.jpg,motorbike,79.0,138.0,138.0,114.0
005615.jpg,person,101.0,127.0,64.0,150.0
005618.jpg,tvmonitor,196.0,125.0,55.0,75.0
005618.jpg,chair,109.0,122.0,24.0,60.0
005618.jpg,chair,130.0,114.0,22.0,56.0
005618.jpg,chair,92.0,113.0,17.0,51.0
005618.jpg,person,48.0,99.0,16.0,89.0
005618.jpg,person,75.0,100.0,22.0,90.0
005620.jpg,aeroplane,112.0,102.0,220.0,115.0
005624.jpg,bird,122.0,115.0,59.0,161.0
005625.jpg,bird,127.0,127.0,195.0,194.0
005629.jpg,chair,149.0,136.0,74.0,159.0
005629.jpg,chair,82.0,116.0,65.0,138.0
005629.jpg,chair,67.0,36.0,30.0,33.0
005629.jpg,chair,141.0,41.0,30.0,40.0
005629.jpg,diningtable,116.0,128.0,148.0,181.0
005630.jpg,cat,155.0,112.0,138.0,223.0
005631.jpg,bus,62.0,138.0,122.0,170.0
005631.jpg,bus,137.0,147.0,36.0,78.0
005631.jpg,bus,161.0,138.0,11.0,38.0
005631.jpg,person,172.0,149.0,18.0,39.0
005631.jpg,person,203.0,155.0,23.0,52.0
005636.jpg,horse,115.0,127.0,53.0,89.0
005636.jpg,person,193.0,134.0,43.0,78.0
005637.jpg,bird,43.0,112.0,31.0,101.0
005637.jpg,bird,121.0,134.0,39.0,103.0
005637.jpg,bird,179.0,110.0,43.0,88.0
005639.jpg,bicycle,116.0,134.0,56.0,59.0
005639.jpg,person,125.0,101.0,26.0,47.0
005640.jpg,car,105.0,103.0,82.0,37.0
005641.jpg,dog,122.0,163.0,205.0,122.0
005641.jpg,dog,146.0,105.0,105.0,125.0
005641.jpg,sofa,137.0,125.0,174.0,199.0
005641.jpg,pottedplant,87.0,13.0,30.0,25.0
005641.jpg,tvmonitor,10.0,28.0,19.0,56.0
005644.jpg,person,153.0,123.0,142.0,199.0
005644.jpg,person,51.0,135.0,101.0,176.0
005645.jpg,car,112.0,120.0,224.0,208.0
005645.jpg,person,31.0,52.0,12.0,19.0
005647.jpg,sofa,155.0,106.0,30.0,44.0
005647.jpg,sofa,203.0,99.0,43.0,41.0
005647.jpg,chair,118.0,174.0,46.0,87.0
005647.jpg,chair,53.0,170.0,41.0,73.0
005647.jpg,chair,31.0,148.0,25.0,69.0
005647.jpg,chair,91.0,151.0,46.0,87.0
005647.jpg,diningtable,74.0,159.0,129.0,93.0
005648.jpg,person,26.0,80.0,23.0,62.0
005648.jpg,person,80.0,85.0,39.0,53.0
005648.jpg,person,145.0,175.0,66.0,68.0
005652.jpg,person,99.0,94.0,25.0,108.0
005652.jpg,person,96.0,143.0,44.0,62.0
005652.jpg,bicycle,100.0,143.0,34.0,129.0
005652.jpg,motorbike,149.0,68.0,28.0,67.0
005652.jpg,person,51.0,45.0,7.0,28.0
005652.jpg,person,44.0,48.0,5.0,23.0
005652.jpg,person,30.0,48.0,5.0,29.0
005653.jpg,cow,103.0,100.0,132.0,112.0
005653.jpg,cow,34.0,67.0,15.0,16.0
005653.jpg,person,110.0,113.0,34.0,109.0
005653.jpg,person,176.0,109.0,27.0,95.0
005654.jpg,train,99.0,116.0,198.0,158.0
005655.jpg,aeroplane,94.0,122.0,69.0,30.0
005657.jpg,person,110.0,117.0,219.0,215.0
005658.jpg,bus,124.0,119.0,200.0,130.0
005658.jpg,person,87.0,102.0,30.0,22.0
005658.jpg,person,19.0,122.0,12.0,21.0
005660.jpg,train,173.0,136.0,64.0,77.0
005660.jpg,person,110.0,156.0,16.0,40.0
005662.jpg,chair,216.0,160.0,17.0,77.0
005662.jpg,chair,65.0,212.0,129.0,25.0
005662.jpg,chair,21.0,158.0,40.0,43.0
005662.jpg,chair,45.0,137.0,39.0,39.0
005662.jpg,chair,74.0,130.0,33.0,28.0
005662.jpg,chair,166.0,119.0,44.0,13.0
005662.jpg,person,104.0,97.0,63.0,71.0
005662.jpg,bottle,159.0,96.0,5.0,10.0
005662.jpg,bottle,149.0,101.0,5.0,17.0
005662.jpg,bottle,142.0,99.0,7.0,18.0
005662.jpg,bottle,136.0,95.0,5.0,8.0
005662.jpg,bottle,130.0,98.0,7.0,14.0
005662.jpg,diningtable,105.0,173.0,208.0,102.0
005664.jpg,person,128.0,65.0,71.0,112.0
005664.jpg,person,111.0,118.0,148.0,213.0
005664.jpg,person,34.0,117.0,68.0,214.0
005664.jpg,person,214.0,24.0,21.0,47.0
005668.jpg,dog,42.0,151.0,82.0,145.0
005668.jpg,dog,113.0,146.0,77.0,153.0
005668.jpg,dog,105.0,89.0,85.0,88.0
005668.jpg,dog,178.0,130.0,93.0,127.0
005669.jpg,car,133.0,119.0,39.0,34.0
005669.jpg,bus,204.0,112.0,41.0,43.0
005669.jpg,person,79.0,103.0,15.0,89.0
005669.jpg,person,35.0,112.0,69.0,223.0
005672.jpg,bottle,192.0,53.0,21.0,48.0
005672.jpg,chair,121.0,39.0,76.0,22.0
005672.jpg,person,41.0,43.0,81.0,85.0
005672.jpg,diningtable,112.0,136.0,223.0,176.0
005674.jpg,bird,93.0,126.0,173.0,193.0
005676.jpg,pottedplant,117.0,95.0,114.0,151.0
005679.jpg,car,216.0,102.0,16.0,108.0
005679.jpg,car,211.0,52.0,27.0,45.0
005679.jpg,car,109.0,111.0,180.0,189.0
005679.jpg,car,26.0,120.0,51.0,148.0
005679.jpg,car,39.0,52.0,48.0,51.0
005680.jpg,train,110.0,114.0,112.0,151.0
005680.jpg,person,219.0,162.0,11.0,33.0
005682.jpg,person,110.0,113.0,143.0,222.0
005682.jpg,pottedplant,37.0,53.0,70.0,103.0
005682.jpg,pottedplant,90.0,45.0,52.0,86.0
005685.jpg,train,104.0,130.0,151.0,144.0
005686.jpg,chair,186.0,174.0,45.0,89.0
005686.jpg,chair,157.0,166.0,47.0,90.0
005686.jpg,diningtable,177.0,165.0,95.0,100.0
005687.jpg,diningtable,88.0,201.0,102.0,45.0
005687.jpg,pottedplant,42.0,14.0,10.0,27.0
005687.jpg,pottedplant,116.0,169.0,19.0,26.0
005687.jpg,pottedplant,73.0,186.0,93.0,76.0
005687.jpg,pottedplant,202.0,211.0,17.0,26.0
005687.jpg,chair,146.0,192.0,37.0,63.0
005687.jpg,chair,92.0,194.0,29.0,61.0
005693.jpg,person,168.0,128.0,113.0,193.0
005693.jpg,person,46.0,114.0,90.0,220.0
005693.jpg,dog,100.0,151.0,75.0,98.0
005695.jpg,person,120.0,141.0,155.0,166.0
005695.jpg,person,150.0,153.0,95.0,130.0
005696.jpg,dog,111.0,120.0,216.0,150.0
005697.jpg,sofa,118.0,166.0,141.0,115.0
005697.jpg,chair,111.0,90.0,19.0,45.0
005699.jpg,boat,112.0,157.0,86.0,56.0
005700.jpg,horse,121.0,110.0,6.0,23.0
005700.jpg,horse,86.0,163.0,30.0,78.0
005700.jpg,person,86.0,124.0,34.0,72.0
005700.jpg,person,121.0,100.0,10.0,22.0
005701.jpg,sofa,197.0,151.0,54.0,39.0
005701.jpg,chair,176.0,131.0,26.0,17.0
005701.jpg,chair,113.0,138.0,35.0,33.0
005701.jpg,chair,69.0,142.0,36.0,35.0
005701.jpg,chair,82.0,123.0,19.0,8.0
005701.jpg,chair,39.0,136.0,32.0,29.0
005701.jpg,chair,34.0,153.0,63.0,58.0
005702.jpg,bicycle,111.0,163.0,171.0,122.0
005702.jpg,person,136.0,118.0,169.0,180.0
005704.jpg,diningtable,199.0,128.0,51.0,48.0
005704.jpg,diningtable,185.0,191.0,78.0,67.0
005704.jpg,diningtable,32.0,135.0,57.0,76.0
005704.jpg,person,208.0,87.0,25.0,39.0
005704.jpg,person,176.0,120.0,36.0,85.0
005704.jpg,person,150.0,151.0,50.0,65.0
005704.jpg,person,152.0,181.0,62.0,85.0
005704.jpg,person,116.0,200.0,56.0,48.0
005704.jpg,person,66.0,115.0,65.0,131.0
005704.jpg,person,35.0,88.0,19.0,31.0
005704.jpg,person,14.0,93.0,22.0,29.0
005704.jpg,person,7.0,155.0,14.0,139.0
005705.jpg,boat,92.0,95.0,110.0,176.0
005710.jpg,chair,133.0,194.0,34.0,60.0
005710.jpg,chair,138.0,161.0,19.0,31.0
005710.jpg,chair,146.0,148.0,6.0,23.0
005710.jpg,chair,161.0,154.0,7.0,15.0
005710.jpg,chair,165.0,165.0,17.0,46.0
005710.jpg,diningtable,124.0,155.0,37.0,50.0
005713.jpg,boat,74.0,198.0,26.0,24.0
005713.jpg,boat,118.0,198.0,16.0,30.0
005713.jpg,boat,138.0,198.0,24.0,30.0
005713.jpg,boat,179.0,203.0,25.0,15.0
005713.jpg,boat,209.0,200.0,30.0,27.0
005714.jpg,boat,112.0,155.0,114.0,43.0
005714.jpg,person,94.0,138.0,9.0,27.0
005714.jpg,person,115.0,126.0,14.0,19.0
005715.jpg,cat,115.0,114.0,195.0,219.0
005716.jpg,person,66.0,115.0,132.0,219.0
005716.jpg,person,194.0,78.0,59.0,155.0
005718.jpg,chair,43.0,179.0,57.0,88.0
005719.jpg,diningtable,152.0,162.0,144.0,125.0
005719.jpg,person,18.0,115.0,35.0,159.0
005719.jpg,person,33.0,75.0,26.0,93.0
005719.jpg,person,90.0,62.0,34.0,63.0
005719.jpg,person,127.0,68.0,35.0,97.0
005719.jpg,person,157.0,95.0,20.0,59.0
005719.jpg,person,179.0,109.0,59.0,76.0
005719.jpg,person,84.0,148.0,82.0,149.0
005723.jpg,tvmonitor,15.0,134.0,19.0,37.0
005723.jpg,chair,116.0,147.0,21.0,33.0
005723.jpg,chair,135.0,137.0,19.0,25.0
005723.jpg,chair,190.0,134.0,26.0,25.0
005723.jpg,chair,216.0,172.0,12.0,91.0
005723.jpg,chair,200.0,181.0,30.0,85.0
005723.jpg,chair,138.0,184.0,62.0,81.0
005723.jpg,sofa,57.0,181.0,76.0,86.0
005728.jpg,person,73.0,88.0,28.0,91.0
005728.jpg,cow,154.0,136.0,56.0,74.0
005728.jpg,horse,85.0,127.0,37.0,95.0
005729.jpg,motorbike,96.0,148.0,169.0,151.0
005729.jpg,person,99.0,114.0,78.0,182.0
005730.jpg,chair,153.0,189.0,19.0,35.0
005730.jpg,chair,172.0,187.0,12.0,29.0
005730.jpg,chair,217.0,210.0,14.0,29.0
005730.jpg,chair,110.0,190.0,23.0,50.0
005730.jpg,chair,72.0,192.0,29.0,63.0
005730.jpg,chair,139.0,184.0,12.0,26.0
005731.jpg,bus,97.0,104.0,191.0,167.0
005731.jpg,person,177.0,138.0,13.0,65.0
005732.jpg,horse,182.0,143.0,46.0,78.0
005732.jpg,horse,133.0,138.0,40.0,89.0
005732.jpg,horse,53.0,128.0,71.0,103.0
005732.jpg,person,182.0,123.0,48.0,98.0
005732.jpg,person,132.0,119.0,55.0,97.0
005732.jpg,person,49.0,109.0,59.0,116.0
005735.jpg,train,111.0,116.0,220.0,112.0
005736.jpg,motorbike,61.0,149.0,112.0,106.0
005736.jpg,motorbike,179.0,116.0,79.0,75.0
005738.jpg,car,98.0,108.0,143.0,106.0
005738.jpg,car,24.0,100.0,47.0,76.0
005738.jpg,person,106.0,56.0,9.0,10.0
005740.jpg,bird,139.0,154.0,49.0,112.0
005740.jpg,person,62.0,121.0,122.0,207.0
005741.jpg,horse,163.0,133.0,99.0,104.0
005741.jpg,person,23.0,135.0,43.0,119.0
005742.jpg,boat,200.0,160.0,22.0,19.0
005743.jpg,dog,127.0,136.0,128.0,109.0
005743.jpg,sofa,113.0,136.0,222.0,122.0
005747.jpg,car,112.0,118.0,218.0,213.0
005747.jpg,person,54.0,36.0,18.0,66.0
005747.jpg,person,38.0,42.0,15.0,61.0
005749.jpg,car,119.0,128.0,194.0,99.0
005752.jpg,sofa,112.0,112.0,222.0,222.0
005752.jpg,dog,98.0,108.0,193.0,168.0
005755.jpg,sofa,108.0,74.0,144.0,118.0
005755.jpg,sofa,113.0,163.0,221.0,123.0
005756.jpg,car,113.0,140.0,190.0,81.0
005757.jpg,bicycle,62.0,157.0,29.0,90.0
005757.jpg,bicycle,105.0,154.0,17.0,56.0
005757.jpg,bicycle,156.0,145.0,8.0,22.0
005757.jpg,person,64.0,119.0,31.0,138.0
005757.jpg,person,103.0,129.0,19.0,82.0
005757.jpg,person,157.0,134.0,9.0,30.0
005760.jpg,car,61.0,105.0,86.0,62.0
005760.jpg,car,150.0,106.0,102.0,61.0
005761.jpg,person,90.0,129.0,161.0,190.0
005762.jpg,pottedplant,209.0,196.0,30.0,43.0
005762.jpg,pottedplant,158.0,207.0,44.0,33.0
005764.jpg,person,33.0,107.0,65.0,199.0
005765.jpg,person,76.0,112.0,151.0,222.0
005765.jpg,person,168.0,113.0,112.0,222.0
005765.jpg,person,27.0,79.0,52.0,156.0
005768.jpg,bicycle,143.0,155.0,94.0,117.0
005768.jpg,person,138.0,109.0,81.0,166.0
005768.jpg,person,39.0,100.0,9.0,32.0
005768.jpg,person,44.0,96.0,9.0,45.0
005769.jpg,cat,127.0,144.0,192.0,103.0
005773.jpg,person,59.0,126.0,51.0,71.0
005773.jpg,person,91.0,136.0,40.0,57.0
005773.jpg,person,122.0,121.0,68.0,87.0
005773.jpg,person,175.0,153.0,34.0,50.0
005773.jpg,chair,6.0,202.0,11.0,43.0
005773.jpg,chair,60.0,210.0,86.0,28.0
005773.jpg,chair,110.0,215.0,39.0,17.0
005779.jpg,dog,142.0,121.0,164.0,205.0
005779.jpg,sofa,48.0,105.0,83.0,151.0
005780.jpg,person,116.0,92.0,41.0,51.0
005781.jpg,bird,76.0,92.0,122.0,81.0
005782.jpg,car,104.0,107.0,160.0,89.0
005783.jpg,motorbike,61.0,146.0,59.0,59.0
005783.jpg,motorbike,147.0,146.0,79.0,73.0
005784.jpg,chair,123.0,90.0,129.0,65.0
005784.jpg,chair,142.0,182.0,160.0,80.0
005784.jpg,person,93.0,76.0,181.0,130.0
005784.jpg,person,112.0,138.0,218.0,168.0
005786.jpg,person,180.0,113.0,40.0,193.0
005786.jpg,person,159.0,122.0,31.0,176.0
005786.jpg,person,129.0,120.0,34.0,184.0
005786.jpg,person,104.0,117.0,35.0,193.0
005786.jpg,person,74.0,121.0,31.0,181.0
005786.jpg,person,43.0,126.0,44.0,189.0
005788.jpg,sofa,112.0,104.0,223.0,207.0
005788.jpg,person,113.0,88.0,94.0,137.0
005789.jpg,dog,165.0,145.0,118.0,125.0
005789.jpg,dog,68.0,150.0,92.0,148.0
005789.jpg,sofa,113.0,145.0,223.0,157.0
005790.jpg,diningtable,132.0,195.0,183.0,58.0
005790.jpg,person,172.0,106.0,104.0,166.0
005791.jpg,car,17.0,60.0,33.0,67.0
005791.jpg,motorbike,115.0,109.0,199.0,174.0
005794.jpg,sofa,33.0,162.0,65.0,102.0
005794.jpg,chair,82.0,148.0,89.0,97.0
005794.jpg,diningtable,136.0,108.0,36.0,33.0
005794.jpg,chair,152.0,108.0,17.0,41.0
005794.jpg,chair,142.0,102.0,16.0,40.0
005794.jpg,chair,135.0,111.0,20.0,44.0
005794.jpg,pottedplant,34.0,52.0,45.0,49.0
005794.jpg,cat,76.0,176.0,34.0,30.0
005794.jpg,pottedplant,204.0,61.0,39.0,56.0
005796.jpg,person,101.0,125.0,149.0,198.0
005796.jpg,tvmonitor,202.0,148.0,45.0,50.0
005799.jpg,tvmonitor,184.0,116.0,18.0,30.0
005799.jpg,person,121.0,112.0,24.0,50.0
005799.jpg,person,98.0,117.0,26.0,39.0
005799.jpg,person,204.0,145.0,40.0,155.0
005803.jpg,diningtable,112.0,128.0,164.0,70.0
005805.jpg,bird,100.0,123.0,46.0,134.0
005805.jpg,bird,162.0,165.0,42.0,50.0
005806.jpg,car,127.0,131.0,60.0,79.0
005806.jpg,car,70.0,68.0,29.0,47.0
005811.jpg,person,194.0,177.0,61.0,94.0
005811.jpg,person,207.0,26.0,14.0,50.0
005811.jpg,person,183.0,25.0,17.0,48.0
005811.jpg,chair,177.0,113.0,54.0,138.0
005812.jpg,dog,170.0,153.0,78.0,62.0
005812.jpg,dog,31.0,153.0,52.0,85.0
005813.jpg,pottedplant,145.0,116.0,94.0,85.0
005813.jpg,pottedplant,104.0,132.0,68.0,50.0
005813.jpg,pottedplant,78.0,123.0,31.0,70.0
005814.jpg,tvmonitor,143.0,131.0,62.0,67.0
005814.jpg,person,74.0,104.0,101.0,206.0
005814.jpg,bottle,114.0,197.0,60.0,24.0
005815.jpg,train,94.0,99.0,187.0,197.0
005815.jpg,car,213.0,137.0,22.0,17.0
005817.jpg,pottedplant,168.0,111.0,111.0,220.0
005818.jpg,person,64.0,145.0,49.0,157.0
005818.jpg,person,105.0,158.0,44.0,133.0
005819.jpg,cat,185.0,128.0,59.0,56.0
005819.jpg,cat,66.0,117.0,85.0,97.0
005821.jpg,pottedplant,63.0,163.0,27.0,50.0
005821.jpg,pottedplant,129.0,149.0,22.0,48.0
005821.jpg,pottedplant,100.0,136.0,21.0,32.0
005821.jpg,pottedplant,23.0,111.0,40.0,52.0
005821.jpg,pottedplant,82.0,134.0,11.0,32.0
005821.jpg,chair,187.0,161.0,56.0,102.0
005821.jpg,chair,215.0,163.0,17.0,122.0
005824.jpg,person,90.0,104.0,27.0,89.0
005825.jpg,boat,90.0,112.0,179.0,223.0
005826.jpg,person,47.0,133.0,24.0,76.0
005828.jpg,aeroplane,118.0,105.0,160.0,114.0
005829.jpg,person,52.0,117.0,66.0,214.0
005829.jpg,person,120.0,144.0,85.0,161.0
005829.jpg,person,195.0,159.0,57.0,130.0
005830.jpg,car,106.0,114.0,211.0,182.0
005831.jpg,car,112.0,147.0,192.0,118.0
005836.jpg,person,26.0,157.0,50.0,133.0
005836.jpg,person,112.0,121.0,129.0,206.0
005838.jpg,cat,121.0,91.0,177.0,161.0
005839.jpg,car,119.0,116.0,161.0,149.0
005839.jpg,car,29.0,81.0,56.0,61.0
005840.jpg,person,27.0,142.0,53.0,163.0
005840.jpg,person,73.0,148.0,76.0,152.0
005840.jpg,person,117.0,148.0,41.0,152.0
005840.jpg,person,186.0,152.0,76.0,143.0
005840.jpg,person,145.0,149.0,56.0,150.0
005841.jpg,cow,87.0,152.0,141.0,108.0
005843.jpg,cow,94.0,153.0,76.0,67.0
005845.jpg,cat,61.0,178.0,121.0,91.0
005845.jpg,person,165.0,113.0,118.0,223.0
005850.jpg,cat,90.0,131.0,132.0,122.0
005850.jpg,person,27.0,81.0,53.0,108.0
005851.jpg,train,121.0,115.0,42.0,23.0
005852.jpg,tvmonitor,184.0,108.0,58.0,32.0
005852.jpg,tvmonitor,212.0,99.0,24.0,35.0
005852.jpg,person,151.0,156.0,128.0,114.0
005853.jpg,train,113.0,99.0,65.0,59.0
005854.jpg,bird,81.0,114.0,27.0,29.0
005854.jpg,bird,130.0,98.0,43.0,111.0
005854.jpg,bird,138.0,134.0,47.0,48.0
005856.jpg,tvmonitor,31.0,94.0,59.0,62.0
005856.jpg,person,105.0,136.0,69.0,173.0
005856.jpg,person,123.0,112.0,142.0,161.0
005859.jpg,person,67.0,113.0,133.0,222.0
005860.jpg,boat,111.0,149.0,94.0,39.0
005860.jpg,boat,191.0,148.0,46.0,25.0
005861.jpg,car,141.0,122.0,61.0,50.0
005861.jpg,car,26.0,114.0,24.0,15.0
005861.jpg,car,68.0,114.0,27.0,17.0
005863.jpg,person,37.0,135.0,46.0,178.0
005863.jpg,person,49.0,150.0,39.0,147.0
005863.jpg,person,72.0,66.0,25.0,44.0
005863.jpg,person,84.0,154.0,49.0,140.0
005863.jpg,person,93.0,83.0,23.0,53.0
005863.jpg,person,98.0,158.0,34.0,105.0
005863.jpg,person,120.0,136.0,25.0,176.0
005863.jpg,person,133.0,148.0,37.0,151.0
005863.jpg,person,148.0,74.0,28.0,59.0
005863.jpg,person,172.0,61.0,29.0,62.0
005863.jpg,person,151.0,168.0,34.0,111.0
005863.jpg,person,172.0,142.0,45.0,164.0
005863.jpg,chair,215.0,145.0,17.0,60.0
005864.jpg,sofa,115.0,169.0,99.0,84.0
005864.jpg,sofa,164.0,134.0,22.0,31.0
005864.jpg,chair,188.0,138.0,28.0,42.0
005867.jpg,tvmonitor,118.0,129.0,25.0,32.0
005867.jpg,chair,134.0,187.0,60.0,73.0
005868.jpg,car,114.0,137.0,210.0,113.0
005873.jpg,dog,129.0,118.0,71.0,66.0
005873.jpg,person,150.0,75.0,99.0,147.0
005874.jpg,sofa,131.0,167.0,126.0,113.0
005874.jpg,pottedplant,64.0,134.0,15.0,51.0
005875.jpg,motorbike,112.0,111.0,191.0,217.0
005877.jpg,horse,73.0,125.0,51.0,197.0
005877.jpg,horse,174.0,125.0,86.0,198.0
005878.jpg,motorbike,95.0,106.0,100.0,88.0
005879.jpg,cat,94.0,118.0,182.0,207.0
005881.jpg,person,158.0,136.0,132.0,176.0
005884.jpg,motorbike,95.0,121.0,141.0,193.0
005884.jpg,person,73.0,84.0,73.0,116.0
005885.jpg,person,116.0,128.0,135.0,189.0
005888.jpg,dog,174.0,123.0,100.0,199.0
005888.jpg,dog,78.0,133.0,144.0,183.0
005889.jpg,person,36.0,149.0,71.0,150.0
005889.jpg,person,87.0,130.0,73.0,188.0
005889.jpg,person,125.0,140.0,43.0,168.0
005889.jpg,person,171.0,130.0,106.0,188.0
005889.jpg,person,211.0,97.0,27.0,85.0
005893.jpg,train,108.0,80.0,214.0,59.0
005894.jpg,pottedplant,64.0,141.0,74.0,48.0
005894.jpg,pottedplant,44.0,125.0,50.0,30.0
005894.jpg,pottedplant,45.0,104.0,46.0,12.0
005894.jpg,pottedplant,150.0,113.0,28.0,29.0
005895.jpg,aeroplane,132.0,131.0,19.0,19.0
005897.jpg,car,203.0,133.0,31.0,24.0
005897.jpg,car,166.0,143.0,53.0,25.0
005897.jpg,car,157.0,178.0,90.0,59.0
005899.jpg,dog,113.0,86.0,114.0,60.0
005899.jpg,car,32.0,34.0,63.0,66.0
005901.jpg,cat,125.0,113.0,87.0,151.0
005901.jpg,cat,114.0,158.0,134.0,133.0
005903.jpg,train,73.0,138.0,144.0,172.0
005903.jpg,person,175.0,149.0,9.0,51.0
005903.jpg,person,144.0,137.0,8.0,33.0
005905.jpg,person,172.0,113.0,103.0,222.0
005905.jpg,person,77.0,113.0,152.0,222.0
005906.jpg,bus,68.0,100.0,33.0,64.0
005906.jpg,person,110.0,120.0,11.0,37.0
005906.jpg,person,170.0,116.0,19.0,75.0
005908.jpg,person,128.0,113.0,191.0,223.0
005908.jpg,bottle,115.0,71.0,79.0,120.0
005909.jpg,bird,99.0,136.0,62.0,125.0
005910.jpg,bird,127.0,86.0,60.0,68.0
005910.jpg,person,76.0,109.0,149.0,78.0
005911.jpg,bus,112.0,109.0,223.0,158.0
005912.jpg,bird,132.0,119.0,45.0,143.0
005914.jpg,boat,203.0,149.0,29.0,28.0
005914.jpg,boat,135.0,147.0,52.0,22.0
005914.jpg,boat,53.0,156.0,103.0,41.0
005917.jpg,chair,181.0,155.0,80.0,119.0
005917.jpg,chair,93.0,110.0,46.0,64.0
005917.jpg,cat,63.0,128.0,16.0,13.0
005918.jpg,car,117.0,99.0,186.0,161.0
005918.jpg,car,32.0,50.0,50.0,66.0
005918.jpg,car,11.0,37.0,22.0,41.0
005918.jpg,car,198.0,52.0,52.0,61.0
005918.jpg,car,145.0,38.0,26.0,38.0
005919.jpg,bottle,113.0,129.0,6.0,35.0
005919.jpg,bottle,124.0,136.0,6.0,31.0
005919.jpg,bottle,132.0,126.0,6.0,35.0
005919.jpg,bottle,136.0,128.0,5.0,20.0
005919.jpg,bottle,121.0,156.0,9.0,49.0
005919.jpg,bottle,93.0,142.0,5.0,19.0
005919.jpg,bottle,93.0,156.0,7.0,22.0
005919.jpg,bottle,83.0,189.0,9.0,38.0
005919.jpg,person,123.0,108.0,39.0,47.0
005919.jpg,person,78.0,119.0,19.0,54.0
005919.jpg,person,60.0,130.0,23.0,77.0
005919.jpg,person,43.0,143.0,23.0,79.0
005919.jpg,person,25.0,153.0,47.0,111.0
005919.jpg,person,165.0,115.0,24.0,68.0
005919.jpg,person,198.0,96.0,18.0,27.0
005919.jpg,person,178.0,139.0,54.0,111.0
005919.jpg,person,192.0,159.0,65.0,118.0
005919.jpg,diningtable,106.0,178.0,134.0,92.0
005919.jpg,bottle,143.0,180.0,9.0,39.0
005919.jpg,pottedplant,117.0,50.0,27.0,45.0
005920.jpg,sofa,182.0,151.0,36.0,35.0
005920.jpg,diningtable,82.0,191.0,150.0,66.0
005920.jpg,chair,44.0,191.0,27.0,26.0
005920.jpg,chair,77.0,176.0,17.0,22.0
005920.jpg,chair,96.0,167.0,14.0,18.0
005920.jpg,chair,140.0,159.0,19.0,13.0
005920.jpg,chair,146.0,193.0,21.0,62.0
005920.jpg,chair,118.0,200.0,40.0,48.0
005920.jpg,chair,115.0,205.0,22.0,36.0
005923.jpg,bicycle,156.0,162.0,62.0,69.0
005923.jpg,bicycle,114.0,160.0,34.0,65.0
005923.jpg,bicycle,80.0,170.0,46.0,82.0
005923.jpg,person,87.0,136.0,24.0,70.0
005923.jpg,person,112.0,120.0,22.0,57.0
005923.jpg,person,156.0,134.0,34.0,99.0
005923.jpg,chair,98.0,57.0,11.0,11.0
005923.jpg,chair,99.0,66.0,13.0,20.0
005923.jpg,chair,127.0,58.0,12.0,7.0
005923.jpg,chair,131.0,67.0,14.0,17.0
005923.jpg,chair,142.0,77.0,17.0,22.0
005923.jpg,sofa,87.0,87.0,17.0,30.0
005923.jpg,pottedplant,133.0,105.0,11.0,19.0
005923.jpg,pottedplant,123.0,105.0,7.0,13.0
005923.jpg,pottedplant,146.0,83.0,10.0,38.0
005923.jpg,pottedplant,213.0,88.0,23.0,50.0
005923.jpg,pottedplant,176.0,56.0,15.0,36.0
005923.jpg,tvmonitor,181.0,30.0,9.0,13.0
005923.jpg,pottedplant,111.0,90.0,24.0,24.0
005928.jpg,motorbike,199.0,131.0,50.0,140.0
005928.jpg,motorbike,24.0,158.0,46.0,133.0
005928.jpg,motorbike,54.0,118.0,32.0,57.0
005928.jpg,motorbike,121.0,139.0,50.0,116.0
005928.jpg,person,140.0,83.0,20.0,74.0
005928.jpg,person,122.0,116.0,53.0,125.0
005928.jpg,person,79.0,119.0,28.0,137.0
005930.jpg,bicycle,58.0,107.0,74.0,90.0
005930.jpg,person,13.0,74.0,16.0,124.0
005930.jpg,person,192.0,90.0,14.0,30.0
005930.jpg,person,52.0,72.0,47.0,134.0
005930.jpg,bicycle,194.0,104.0,19.0,25.0
005938.jpg,chair,173.0,143.0,11.0,45.0
005938.jpg,chair,196.0,161.0,15.0,57.0
005938.jpg,person,120.0,138.0,119.0,172.0
005938.jpg,person,35.0,148.0,67.0,150.0
005938.jpg,person,83.0,121.0,34.0,75.0
005938.jpg,person,14.0,108.0,20.0,34.0
005940.jpg,person,35.0,127.0,68.0,185.0
005940.jpg,person,90.0,157.0,68.0,134.0
005940.jpg,person,108.0,93.0,57.0,87.0
005940.jpg,person,142.0,154.0,65.0,140.0
005940.jpg,person,195.0,154.0,54.0,140.0
005940.jpg,person,201.0,161.0,46.0,126.0
005947.jpg,sheep,93.0,120.0,104.0,204.0
005948.jpg,dog,88.0,144.0,28.0,22.0
005948.jpg,horse,131.0,133.0,29.0,86.0
005948.jpg,horse,169.0,132.0,43.0,84.0
005948.jpg,person,172.0,102.0,17.0,69.0
005948.jpg,person,131.0,109.0,16.0,72.0
005951.jpg,motorbike,153.0,108.0,140.0,143.0
005951.jpg,person,179.0,92.0,62.0,141.0
005952.jpg,aeroplane,125.0,39.0,166.0,68.0
005952.jpg,aeroplane,19.0,45.0,37.0,45.0
005954.jpg,cat,164.0,121.0,121.0,193.0
005956.jpg,car,109.0,117.0,174.0,149.0
005956.jpg,car,188.0,97.0,73.0,75.0
005956.jpg,person,102.0,66.0,15.0,20.0
005956.jpg,person,90.0,66.0,14.0,15.0
005960.jpg,cat,58.0,195.0,32.0,51.0
005961.jpg,bus,105.0,196.0,141.0,42.0
005961.jpg,person,188.0,204.0,11.0,21.0
005961.jpg,person,204.0,202.0,11.0,23.0
005961.jpg,person,220.0,200.0,9.0,24.0
005961.jpg,person,84.0,206.0,30.0,35.0
005961.jpg,person,8.0,207.0,14.0,34.0
005961.jpg,person,30.0,214.0,30.0,19.0
005963.jpg,chair,143.0,142.0,60.0,100.0
005963.jpg,chair,185.0,165.0,78.0,118.0
005963.jpg,chair,116.0,194.0,115.0,60.0
005963.jpg,chair,31.0,197.0,61.0,54.0
005964.jpg,sheep,96.0,112.0,190.0,222.0
005968.jpg,dog,134.0,112.0,180.0,223.0
005970.jpg,cat,143.0,138.0,161.0,173.0
005971.jpg,person,78.0,149.0,149.0,151.0
005975.jpg,aeroplane,112.0,114.0,223.0,165.0
005975.jpg,person,36.0,165.0,11.0,42.0
005979.jpg,car,115.0,115.0,207.0,217.0
005979.jpg,person,186.0,39.0,20.0,78.0
005979.jpg,person,160.0,33.0,17.0,65.0
005980.jpg,cat,106.0,96.0,164.0,182.0
005981.jpg,cow,145.0,151.0,72.0,146.0
005981.jpg,cow,61.0,67.0,61.0,48.0
005983.jpg,bird,117.0,76.0,23.0,40.0
005984.jpg,dog,87.0,170.0,90.0,101.0
005984.jpg,dog,167.0,163.0,82.0,69.0
005984.jpg,sofa,112.0,154.0,223.0,138.0
005984.jpg,person,113.0,129.0,172.0,189.0
005985.jpg,pottedplant,188.0,58.0,73.0,115.0
005985.jpg,person,90.0,108.0,111.0,152.0
005988.jpg,dog,167.0,123.0,36.0,23.0
005988.jpg,dog,59.0,116.0,30.0,33.0
005988.jpg,person,30.0,89.0,26.0,99.0
005988.jpg,person,179.0,90.0,49.0,122.0
005988.jpg,car,212.0,63.0,24.0,44.0
005988.jpg,car,5.0,69.0,10.0,30.0
005989.jpg,motorbike,123.0,120.0,120.0,85.0
005989.jpg,person,127.0,106.0,64.0,98.0
005990.jpg,motorbike,111.0,111.0,134.0,222.0
005990.jpg,person,196.0,167.0,57.0,114.0
005990.jpg,person,183.0,136.0,41.0,58.0
005991.jpg,pottedplant,34.0,64.0,59.0,78.0
005991.jpg,person,102.0,140.0,56.0,95.0
005992.jpg,sofa,110.0,125.0,218.0,193.0
005992.jpg,person,110.0,111.0,182.0,129.0
005992.jpg,dog,78.0,117.0,101.0,59.0
005995.jpg,train,83.0,108.0,93.0,103.0
005995.jpg,train,8.0,135.0,9.0,30.0
005996.jpg,motorbike,112.0,87.0,224.0,173.0
005998.jpg,car,112.0,115.0,207.0,193.0
006000.jpg,chair,120.0,170.0,75.0,108.0
006000.jpg,tvmonitor,126.0,103.0,72.0,46.0
006001.jpg,train,112.0,95.0,223.0,186.0
006004.jpg,chair,133.0,132.0,139.0,116.0
006004.jpg,person,81.0,138.0,85.0,144.0
006004.jpg,person,133.0,150.0,91.0,148.0
006004.jpg,person,34.0,151.0,67.0,146.0
006005.jpg,person,70.0,62.0,75.0,52.0
006005.jpg,person,141.0,59.0,69.0,55.0
006005.jpg,chair,131.0,176.0,45.0,56.0
006009.jpg,car,97.0,119.0,73.0,79.0
006011.jpg,car,118.0,136.0,66.0,58.0
006011.jpg,car,125.0,77.0,61.0,41.0
006011.jpg,person,113.0,58.0,12.0,24.0
006011.jpg,person,118.0,96.0,18.0,23.0
006012.jpg,bird,135.0,118.0,13.0,14.0
006012.jpg,bird,145.0,111.0,11.0,20.0
006018.jpg,bus,149.0,154.0,78.0,86.0
006018.jpg,car,196.0,163.0,17.0,34.0
006018.jpg,car,189.0,164.0,4.0,23.0
006018.jpg,car,214.0,168.0,20.0,27.0
006018.jpg,car,219.0,158.0,8.0,7.0
006018.jpg,car,215.0,155.0,18.0,12.0
006018.jpg,car,38.0,175.0,74.0,68.0
006018.jpg,car,95.0,175.0,17.0,34.0
006018.jpg,car,103.0,169.0,13.0,28.0
006018.jpg,car,107.0,183.0,4.0,24.0
006020.jpg,sofa,117.0,116.0,215.0,133.0
006020.jpg,chair,7.0,141.0,14.0,74.0
006023.jpg,train,116.0,97.0,212.0,140.0
006025.jpg,aeroplane,105.0,118.0,192.0,76.0
006026.jpg,cat,155.0,90.0,119.0,68.0
006026.jpg,dog,66.0,146.0,130.0,156.0
006027.jpg,chair,78.0,178.0,22.0,92.0
006028.jpg,bicycle,25.0,67.0,33.0,38.0
006028.jpg,person,137.0,111.0,22.0,125.0
006028.jpg,person,88.0,134.0,17.0,29.0
006029.jpg,tvmonitor,12.0,52.0,22.0,41.0
006029.jpg,person,71.0,39.0,16.0,39.0
006029.jpg,person,45.0,54.0,66.0,62.0
006029.jpg,person,78.0,50.0,38.0,62.0
006029.jpg,pottedplant,107.0,38.0,12.0,22.0
006029.jpg,pottedplant,120.0,33.0,14.0,20.0
006029.jpg,pottedplant,179.0,24.0,38.0,32.0
006029.jpg,chair,143.0,49.0,52.0,51.0
006029.jpg,sofa,112.0,145.0,224.0,159.0
006029.jpg,person,143.0,131.0,152.0,105.0
006029.jpg,dog,95.0,157.0,143.0,55.0
006030.jpg,chair,58.0,184.0,51.0,80.0
006030.jpg,chair,94.0,178.0,38.0,93.0
006030.jpg,chair,105.0,171.0,26.0,105.0
006030.jpg,chair,30.0,144.0,31.0,46.0
006030.jpg,diningtable,65.0,184.0,130.0,81.0
006033.jpg,person,69.0,115.0,133.0,219.0
006033.jpg,person,164.0,121.0,116.0,202.0
006035.jpg,car,138.0,207.0,33.0,25.0
006035.jpg,car,173.0,208.0,34.0,19.0
006035.jpg,car,210.0,208.0,28.0,20.0
006035.jpg,car,84.0,209.0,33.0,18.0
006035.jpg,car,53.0,207.0,29.0,20.0
006035.jpg,car,22.0,207.0,27.0,18.0
006038.jpg,car,97.0,161.0,36.0,25.0
006038.jpg,car,167.0,158.0,14.0,17.0
006038.jpg,car,206.0,157.0,15.0,9.0
006038.jpg,motorbike,184.0,185.0,33.0,55.0
006038.jpg,person,181.0,164.0,22.0,64.0
006038.jpg,person,188.0,167.0,21.0,60.0
006041.jpg,tvmonitor,11.0,37.0,21.0,63.0
006041.jpg,person,63.0,128.0,59.0,192.0
006041.jpg,person,162.0,101.0,125.0,176.0
006041.jpg,sofa,152.0,141.0,144.0,167.0
006042.jpg,dog,117.0,106.0,51.0,75.0
006043.jpg,car,14.0,33.0,23.0,17.0
006043.jpg,car,112.0,111.0,221.0,220.0
006043.jpg,person,215.0,48.0,14.0,61.0
006043.jpg,person,124.0,40.0,22.0,54.0
006043.jpg,person,140.0,26.0,14.0,24.0
006043.jpg,person,60.0,26.0,15.0,23.0
006045.jpg,chair,34.0,146.0,66.0,117.0
006045.jpg,sofa,147.0,162.0,154.0,124.0
006046.jpg,boat,97.0,105.0,24.0,69.0
006046.jpg,boat,127.0,111.0,20.0,53.0
006046.jpg,boat,220.0,133.0,9.0,19.0
006055.jpg,chair,177.0,139.0,24.0,76.0
006055.jpg,chair,196.0,145.0,22.0,76.0
006055.jpg,chair,213.0,107.0,15.0,23.0
006055.jpg,chair,75.0,135.0,37.0,92.0
006055.jpg,chair,32.0,139.0,41.0,92.0
006058.jpg,car,112.0,144.0,223.0,160.0
006061.jpg,cat,160.0,62.0,129.0,115.0
006061.jpg,cat,109.0,167.0,33.0,113.0
006061.jpg,bottle,85.0,19.0,18.0,36.0
006061.jpg,bottle,59.0,17.0,23.0,33.0
006061.jpg,tvmonitor,169.0,174.0,110.0,101.0
006062.jpg,car,94.0,128.0,154.0,69.0
006062.jpg,car,200.0,72.0,22.0,13.0
006062.jpg,car,41.0,66.0,18.0,9.0
006065.jpg,dog,113.0,94.0,222.0,154.0
006066.jpg,sofa,189.0,191.0,70.0,66.0
006066.jpg,chair,56.0,201.0,70.0,44.0
006066.jpg,tvmonitor,110.0,129.0,85.0,97.0
006067.jpg,aeroplane,74.0,132.0,112.0,44.0
006069.jpg,pottedplant,45.0,106.0,86.0,210.0
006069.jpg,cat,133.0,165.0,131.0,118.0
006070.jpg,bird,76.0,152.0,151.0,144.0
006071.jpg,motorbike,103.0,121.0,110.0,153.0
006071.jpg,person,182.0,89.0,17.0,113.0
006071.jpg,person,16.0,85.0,30.0,167.0
006071.jpg,person,154.0,89.0,29.0,118.0
006071.jpg,person,43.0,79.0,20.0,80.0
006071.jpg,person,206.0,107.0,36.0,211.0
006071.jpg,person,78.0,68.0,16.0,37.0
006071.jpg,person,65.0,86.0,6.0,34.0
006071.jpg,person,172.0,71.0,9.0,28.0
006071.jpg,person,130.0,48.0,19.0,59.0
006073.jpg,cow,140.0,119.0,164.0,174.0
006073.jpg,cow,116.0,45.0,142.0,90.0
006073.jpg,person,13.0,90.0,26.0,179.0
006074.jpg,tvmonitor,167.0,180.0,115.0,89.0
006074.jpg,tvmonitor,50.0,173.0,98.0,102.0
006078.jpg,tvmonitor,101.0,120.0,27.0,37.0
006078.jpg,chair,26.0,141.0,29.0,58.0
006078.jpg,chair,203.0,118.0,15.0,30.0
006079.jpg,boat,111.0,109.0,75.0,36.0
006079.jpg,car,38.0,36.0,16.0,10.0
006079.jpg,car,22.0,38.0,17.0,8.0
006084.jpg,cat,144.0,103.0,161.0,130.0
006088.jpg,chair,39.0,181.0,78.0,87.0
006088.jpg,chair,203.0,155.0,42.0,92.0
006088.jpg,sofa,97.0,159.0,112.0,79.0
006088.jpg,sofa,125.0,110.0,29.0,26.0
006088.jpg,sofa,169.0,112.0,33.0,30.0
006088.jpg,pottedplant,195.0,113.0,24.0,47.0
006089.jpg,car,101.0,115.0,65.0,75.0
006091.jpg,bird,159.0,68.0,83.0,81.0
006091.jpg,bird,99.0,87.0,78.0,95.0
006095.jpg,cow,170.0,149.0,104.0,92.0
006095.jpg,horse,75.0,129.0,62.0,87.0
006095.jpg,person,76.0,90.0,17.0,72.0
006096.jpg,bus,112.0,111.0,198.0,165.0
006097.jpg,car,102.0,120.0,203.0,137.0
006098.jpg,boat,115.0,56.0,119.0,47.0
006098.jpg,bird,154.0,50.0,22.0,20.0
006098.jpg,bird,70.0,54.0,29.0,18.0
006100.jpg,sofa,183.0,147.0,82.0,121.0
006100.jpg,pottedplant,62.0,47.0,28.0,30.0
006100.jpg,pottedplant,121.0,79.0,18.0,30.0
006100.jpg,chair,94.0,102.0,25.0,51.0
006100.jpg,dog,76.0,108.0,26.0,22.0
006103.jpg,car,15.0,203.0,29.0,38.0
006103.jpg,person,38.0,193.0,11.0,33.0
006103.jpg,person,95.0,189.0,9.0,30.0
006103.jpg,person,160.0,187.0,7.0,23.0
006103.jpg,person,178.0,185.0,7.0,20.0
006104.jpg,sofa,110.0,162.0,190.0,124.0
006104.jpg,person,112.0,146.0,72.0,157.0
006104.jpg,car,82.0,49.0,22.0,26.0
006105.jpg,cat,64.0,100.0,70.0,196.0
006107.jpg,train,124.0,148.0,200.0,141.0
006108.jpg,bird,68.0,114.0,81.0,199.0
006111.jpg,cow,131.0,116.0,162.0,127.0
006117.jpg,person,94.0,125.0,185.0,197.0
006120.jpg,motorbike,123.0,110.0,187.0,163.0
006120.jpg,car,57.0,36.0,29.0,17.0
006123.jpg,boat,217.0,116.0,13.0,102.0
006123.jpg,boat,138.0,125.0,52.0,87.0
006123.jpg,boat,68.0,119.0,31.0,90.0
006123.jpg,boat,153.0,206.0,98.0,36.0
006124.jpg,car,108.0,121.0,189.0,119.0
006125.jpg,cat,110.0,125.0,95.0,97.0
006125.jpg,sofa,112.0,156.0,224.0,136.0
006128.jpg,car,133.0,179.0,182.0,89.0
006128.jpg,person,18.0,163.0,16.0,42.0
006128.jpg,person,6.0,153.0,9.0,22.0
006128.jpg,person,27.0,149.0,4.0,15.0
006128.jpg,sheep,8.0,178.0,10.0,24.0
006128.jpg,sheep,60.0,135.0,14.0,21.0
006128.jpg,sheep,78.0,133.0,12.0,15.0
006128.jpg,sheep,125.0,124.0,20.0,31.0
006128.jpg,sheep,141.0,112.0,23.0,24.0
006128.jpg,sheep,158.0,124.0,32.0,58.0
006128.jpg,sheep,198.0,129.0,51.0,63.0
006128.jpg,car,65.0,159.0,72.0,48.0
006129.jpg,aeroplane,111.0,111.0,214.0,68.0
006130.jpg,sofa,112.0,139.0,224.0,139.0
006130.jpg,person,60.0,131.0,116.0,159.0
006130.jpg,person,141.0,134.0,101.0,171.0
006130.jpg,person,193.0,134.0,63.0,174.0
006131.jpg,tvmonitor,165.0,107.0,70.0,101.0
006131.jpg,tvmonitor,205.0,119.0,38.0,101.0
006131.jpg,tvmonitor,31.0,115.0,61.0,102.0
006133.jpg,car,114.0,122.0,150.0,137.0
006133.jpg,car,35.0,95.0,70.0,53.0
006133.jpg,car,218.0,90.0,13.0,33.0
006133.jpg,person,15.0,94.0,27.0,77.0
006133.jpg,person,211.0,91.0,13.0,52.0
006133.jpg,car,39.0,173.0,77.0,102.0
006133.jpg,person,216.0,154.0,16.0,140.0
006133.jpg,person,213.0,33.0,6.0,18.0
006133.jpg,person,178.0,34.0,7.0,15.0
006133.jpg,person,170.0,32.0,7.0,19.0
006133.jpg,person,164.0,32.0,7.0,13.0
006133.jpg,person,152.0,30.0,4.0,12.0
006133.jpg,person,121.0,29.0,6.0,13.0
006133.jpg,person,127.0,30.0,5.0,9.0
006133.jpg,person,133.0,32.0,3.0,9.0
006133.jpg,person,140.0,32.0,4.0,11.0
006133.jpg,person,203.0,34.0,5.0,14.0
006134.jpg,horse,127.0,125.0,142.0,131.0
006135.jpg,train,109.0,110.0,20.0,27.0
006136.jpg,sheep,49.0,150.0,50.0,53.0
006139.jpg,dog,55.0,71.0,37.0,40.0
006139.jpg,dog,185.0,162.0,78.0,124.0
006140.jpg,diningtable,151.0,176.0,141.0,97.0
006140.jpg,person,137.0,124.0,28.0,48.0
006140.jpg,person,168.0,133.0,29.0,59.0
006140.jpg,person,199.0,147.0,51.0,97.0
006140.jpg,person,47.0,113.0,90.0,222.0
006140.jpg,person,94.0,96.0,28.0,64.0
006140.jpg,person,57.0,87.0,50.0,101.0
006141.jpg,bottle,171.0,93.0,59.0,161.0
006146.jpg,bicycle,86.0,147.0,75.0,58.0
006148.jpg,cow,92.0,144.0,65.0,82.0
006148.jpg,person,114.0,129.0,118.0,148.0
006150.jpg,person,198.0,135.0,44.0,123.0
006150.jpg,person,101.0,156.0,29.0,136.0
006150.jpg,person,36.0,148.0,53.0,128.0
006150.jpg,person,43.0,157.0,32.0,134.0
006151.jpg,horse,143.0,123.0,144.0,91.0
006151.jpg,person,65.0,119.0,58.0,86.0
006151.jpg,person,160.0,114.0,32.0,76.0
006151.jpg,person,205.0,113.0,39.0,71.0
006151.jpg,car,70.0,118.0,138.0,65.0
006153.jpg,train,123.0,116.0,29.0,38.0
006156.jpg,person,101.0,113.0,201.0,223.0
006158.jpg,tvmonitor,205.0,75.0,39.0,43.0
006158.jpg,person,55.0,136.0,61.0,118.0
006158.jpg,sofa,46.0,145.0,91.0,113.0
006159.jpg,pottedplant,112.0,110.0,205.0,194.0
006161.jpg,diningtable,117.0,165.0,208.0,116.0
006161.jpg,diningtable,101.0,94.0,61.0,26.0
006161.jpg,person,159.0,89.0,39.0,85.0
006161.jpg,person,198.0,140.0,51.0,141.0
006161.jpg,person,178.0,104.0,44.0,106.0
006161.jpg,person,55.0,98.0,51.0,97.0
006161.jpg,person,25.0,129.0,48.0,167.0
006161.jpg,person,109.0,43.0,20.0,50.0
006161.jpg,person,129.0,75.0,26.0,65.0
006161.jpg,person,61.0,75.0,21.0,63.0
006161.jpg,person,166.0,37.0,23.0,64.0
006162.jpg,aeroplane,108.0,106.0,182.0,77.0
006163.jpg,person,120.0,132.0,142.0,184.0
006166.jpg,train,98.0,123.0,84.0,117.0
006170.jpg,cow,94.0,105.0,9.0,21.0
006170.jpg,cow,72.0,104.0,12.0,28.0
006170.jpg,cow,33.0,106.0,17.0,33.0
006171.jpg,person,64.0,63.0,79.0,82.0
006171.jpg,sofa,66.0,80.0,132.0,103.0
006171.jpg,sofa,168.0,85.0,112.0,47.0
006171.jpg,dog,93.0,144.0,184.0,89.0
006172.jpg,person,99.0,158.0,143.0,112.0
006172.jpg,person,116.0,99.0,91.0,184.0
006174.jpg,dog,98.0,134.0,152.0,178.0
006174.jpg,dog,30.0,142.0,60.0,165.0
006175.jpg,person,112.0,117.0,39.0,90.0
006176.jpg,person,64.0,112.0,124.0,222.0
006176.jpg,person,157.0,112.0,132.0,221.0
006177.jpg,motorbike,60.0,154.0,20.0,30.0
006177.jpg,person,61.0,144.0,15.0,38.0
006177.jpg,cow,109.0,150.0,17.0,20.0
006177.jpg,cow,171.0,157.0,19.0,22.0
006179.jpg,tvmonitor,81.0,79.0,109.0,139.0
006179.jpg,person,101.0,89.0,17.0,32.0
006179.jpg,person,85.0,83.0,27.0,47.0
006180.jpg,bottle,122.0,117.0,144.0,121.0
006180.jpg,person,74.0,138.0,146.0,173.0
006181.jpg,bird,115.0,115.0,206.0,151.0
006183.jpg,cat,129.0,150.0,190.0,107.0
006184.jpg,aeroplane,113.0,121.0,177.0,133.0
006185.jpg,chair,88.0,158.0,62.0,51.0
006185.jpg,chair,157.0,177.0,77.0,41.0
006185.jpg,person,37.0,131.0,63.0,78.0
006185.jpg,person,117.0,98.0,53.0,112.0
006185.jpg,person,160.0,129.0,89.0,130.0
006187.jpg,person,130.0,119.0,188.0,209.0
006187.jpg,person,65.0,122.0,130.0,205.0
006188.jpg,bicycle,99.0,129.0,152.0,138.0
006188.jpg,pottedplant,139.0,91.0,28.0,37.0
006188.jpg,pottedplant,93.0,124.0,30.0,33.0
006188.jpg,pottedplant,41.0,99.0,33.0,37.0
006189.jpg,bottle,71.0,128.0,24.0,133.0
006189.jpg,dog,121.0,111.0,141.0,221.0
006189.jpg,pottedplant,18.0,55.0,35.0,109.0
006190.jpg,dog,108.0,107.0,151.0,164.0
006196.jpg,car,127.0,112.0,194.0,222.0
006198.jpg,person,70.0,84.0,27.0,40.0
006198.jpg,person,46.0,121.0,18.0,123.0
006198.jpg,person,207.0,131.0,24.0,168.0
006198.jpg,person,209.0,130.0,30.0,188.0
006198.jpg,person,156.0,71.0,18.0,48.0
006198.jpg,person,140.0,70.0,27.0,68.0
006198.jpg,person,22.0,136.0,41.0,175.0
006198.jpg,person,176.0,140.0,45.0,167.0
006198.jpg,person,97.0,137.0,108.0,174.0
006198.jpg,person,129.0,136.0,79.0,175.0
006201.jpg,train,154.0,134.0,141.0,34.0
006201.jpg,car,142.0,143.0,21.0,15.0
006202.jpg,cow,159.0,112.0,75.0,80.0
006202.jpg,cow,47.0,114.0,42.0,84.0
006202.jpg,cow,87.0,112.0,30.0,56.0
006203.jpg,car,110.0,185.0,157.0,41.0
006203.jpg,car,26.0,167.0,36.0,20.0
006206.jpg,bicycle,121.0,179.0,67.0,65.0
006206.jpg,bicycle,106.0,176.0,59.0,67.0
006206.jpg,car,185.0,184.0,78.0,81.0
006208.jpg,aeroplane,112.0,111.0,223.0,96.0
006209.jpg,tvmonitor,179.0,135.0,37.0,50.0
006209.jpg,person,112.0,162.0,93.0,124.0
006210.jpg,car,202.0,104.0,43.0,97.0
006210.jpg,car,179.0,102.0,23.0,43.0
006210.jpg,person,118.0,97.0,32.0,65.0
006212.jpg,aeroplane,108.0,147.0,210.0,113.0
006214.jpg,bicycle,179.0,134.0,37.0,45.0
006215.jpg,boat,128.0,109.0,95.0,160.0
006215.jpg,boat,108.0,165.0,8.0,13.0
006215.jpg,boat,44.0,175.0,26.0,11.0
006216.jpg,motorbike,110.0,111.0,215.0,220.0
006216.jpg,motorbike,118.0,109.0,162.0,117.0
006216.jpg,motorbike,130.0,90.0,106.0,90.0
006216.jpg,motorbike,162.0,93.0,102.0,69.0
006218.jpg,bus,116.0,79.0,112.0,88.0
006218.jpg,car,208.0,98.0,23.0,23.0
006219.jpg,dog,123.0,122.0,80.0,129.0
006220.jpg,chair,134.0,78.0,14.0,32.0
006220.jpg,chair,151.0,85.0,18.0,41.0
006220.jpg,chair,170.0,95.0,25.0,51.0
006220.jpg,chair,205.0,110.0,34.0,63.0
006220.jpg,chair,192.0,177.0,64.0,93.0
006220.jpg,chair,43.0,138.0,31.0,111.0
006220.jpg,chair,85.0,72.0,25.0,31.0
006220.jpg,diningtable,140.0,150.0,168.0,148.0
006221.jpg,person,77.0,134.0,154.0,179.0
006221.jpg,bicycle,124.0,203.0,69.0,42.0
006222.jpg,bird,116.0,38.0,63.0,29.0
006222.jpg,bird,106.0,172.0,45.0,39.0
006223.jpg,car,124.0,120.0,134.0,118.0
006224.jpg,car,125.0,122.0,29.0,20.0
006224.jpg,car,118.0,65.0,23.0,14.0
006225.jpg,car,123.0,112.0,169.0,125.0
006225.jpg,person,18.0,80.0,35.0,158.0
006225.jpg,person,65.0,47.0,40.0,84.0
006225.jpg,person,88.0,41.0,14.0,68.0
006225.jpg,person,101.0,39.0,27.0,62.0
006229.jpg,person,52.0,126.0,36.0,113.0
006229.jpg,person,152.0,108.0,30.0,79.0
006229.jpg,person,163.0,98.0,16.0,58.0
006229.jpg,person,187.0,134.0,40.0,179.0
006229.jpg,person,117.0,151.0,84.0,146.0
006230.jpg,dog,109.0,116.0,218.0,193.0
006233.jpg,person,181.0,194.0,17.0,26.0
006234.jpg,cat,115.0,88.0,217.0,101.0
006235.jpg,car,186.0,167.0,58.0,34.0
006235.jpg,car,131.0,167.0,63.0,34.0
006235.jpg,car,84.0,168.0,52.0,30.0
006235.jpg,car,44.0,168.0,52.0,27.0
006235.jpg,car,23.0,161.0,36.0,36.0
006235.jpg,person,203.0,147.0,9.0,19.0
006235.jpg,person,194.0,148.0,4.0,5.0
006235.jpg,person,185.0,148.0,5.0,6.0
006235.jpg,person,178.0,149.0,4.0,5.0
006235.jpg,person,55.0,152.0,5.0,6.0
006235.jpg,person,60.0,154.0,4.0,5.0
006236.jpg,motorbike,102.0,140.0,200.0,98.0
006236.jpg,motorbike,19.0,125.0,36.0,64.0
006236.jpg,motorbike,202.0,165.0,44.0,119.0
006236.jpg,person,95.0,125.0,73.0,146.0
006238.jpg,tvmonitor,153.0,113.0,56.0,75.0
006238.jpg,person,138.0,47.0,45.0,93.0
006238.jpg,person,80.0,116.0,124.0,217.0
006240.jpg,person,112.0,115.0,223.0,217.0
006241.jpg,chair,196.0,160.0,46.0,124.0
006241.jpg,chair,12.0,150.0,23.0,107.0
006241.jpg,bottle,88.0,85.0,12.0,48.0
006241.jpg,diningtable,110.0,152.0,175.0,143.0
006241.jpg,chair,96.0,201.0,107.0,45.0
006241.jpg,chair,153.0,69.0,50.0,20.0
006241.jpg,chair,67.0,84.0,41.0,35.0
006243.jpg,motorbike,82.0,165.0,164.0,118.0
006243.jpg,motorbike,121.0,126.0,207.0,136.0
006243.jpg,person,48.0,90.0,28.0,118.0
006243.jpg,person,101.0,65.0,18.0,48.0
006243.jpg,person,130.0,68.0,22.0,93.0
006243.jpg,person,164.0,69.0,17.0,94.0
006243.jpg,person,197.0,73.0,21.0,95.0
006243.jpg,person,68.0,62.0,17.0,65.0
006243.jpg,person,148.0,68.0,16.0,81.0
006247.jpg,sheep,102.0,126.0,202.0,176.0
006249.jpg,horse,114.0,111.0,215.0,218.0
006250.jpg,car,76.0,118.0,99.0,87.0
006251.jpg,sheep,50.0,157.0,32.0,29.0
006251.jpg,sheep,81.0,142.0,18.0,20.0
006251.jpg,sheep,69.0,150.0,23.0,22.0
006251.jpg,sheep,184.0,146.0,13.0,23.0
006251.jpg,sheep,153.0,144.0,17.0,23.0
006251.jpg,sheep,112.0,150.0,20.0,22.0
006251.jpg,sheep,124.0,142.0,15.0,22.0
006251.jpg,sheep,84.0,125.0,15.0,13.0
006251.jpg,sheep,103.0,126.0,8.0,11.0
006251.jpg,sheep,174.0,140.0,9.0,14.0
006251.jpg,sheep,166.0,125.0,11.0,11.0
006251.jpg,sheep,177.0,125.0,11.0,11.0
006251.jpg,sheep,129.0,134.0,12.0,16.0
006252.jpg,dog,139.0,116.0,157.0,130.0
006254.jpg,train,96.0,104.0,137.0,71.0
006258.jpg,aeroplane,112.0,97.0,222.0,184.0
006259.jpg,diningtable,112.0,141.0,223.0,114.0
006259.jpg,chair,208.0,99.0,27.0,38.0
006259.jpg,chair,43.0,85.0,48.0,28.0
006259.jpg,chair,15.0,103.0,24.0,32.0
006259.jpg,person,66.0,63.0,40.0,26.0
006259.jpg,person,16.0,74.0,28.0,26.0
006260.jpg,cat,134.0,86.0,179.0,106.0
006261.jpg,car,180.0,172.0,82.0,48.0
006261.jpg,car,21.0,136.0,41.0,41.0
006261.jpg,car,215.0,186.0,19.0,45.0
006262.jpg,cat,117.0,120.0,196.0,107.0
006264.jpg,bird,119.0,116.0,65.0,186.0
006267.jpg,dog,107.0,153.0,139.0,97.0
006267.jpg,dog,74.0,90.0,58.0,84.0
006269.jpg,cat,95.0,88.0,186.0,174.0
006270.jpg,chair,106.0,135.0,34.0,56.0
006270.jpg,chair,63.0,187.0,121.0,73.0
006270.jpg,pottedplant,137.0,111.0,9.0,11.0
006272.jpg,person,68.0,126.0,47.0,58.0
006272.jpg,motorbike,65.0,146.0,38.0,51.0
006275.jpg,train,112.0,79.0,222.0,156.0
006276.jpg,person,104.0,83.0,78.0,122.0
006276.jpg,horse,114.0,134.0,122.0,156.0
006277.jpg,car,115.0,117.0,171.0,151.0
006279.jpg,aeroplane,119.0,111.0,210.0,70.0
006281.jpg,boat,39.0,162.0,77.0,78.0
006281.jpg,boat,147.0,150.0,154.0,99.0
006282.jpg,person,97.0,145.0,86.0,158.0
006284.jpg,person,150.0,127.0,148.0,192.0
006285.jpg,person,134.0,106.0,39.0,107.0
006285.jpg,person,83.0,110.0,41.0,103.0
006285.jpg,horse,133.0,143.0,49.0,129.0
006285.jpg,horse,85.0,147.0,43.0,119.0
006286.jpg,person,109.0,138.0,146.0,171.0
006286.jpg,person,204.0,106.0,17.0,37.0
006286.jpg,person,181.0,100.0,21.0,27.0
006286.jpg,diningtable,202.0,177.0,44.0,93.0
006286.jpg,diningtable,168.0,117.0,26.0,23.0
006286.jpg,diningtable,81.0,106.0,19.0,13.0
006286.jpg,diningtable,70.0,139.0,47.0,56.0
006286.jpg,diningtable,19.0,208.0,36.0,32.0
006286.jpg,diningtable,12.0,118.0,23.0,33.0
006286.jpg,chair,203.0,184.0,41.0,80.0
006286.jpg,chair,41.0,136.0,39.0,60.0
006286.jpg,chair,68.0,105.0,14.0,14.0
006286.jpg,chair,86.0,142.0,37.0,63.0
006286.jpg,chair,19.0,119.0,21.0,38.0
006286.jpg,chair,34.0,111.0,17.0,27.0
006286.jpg,chair,56.0,113.0,25.0,16.0
006286.jpg,chair,93.0,108.0,21.0,17.0
006286.jpg,chair,98.0,116.0,20.0,16.0
006286.jpg,chair,191.0,122.0,24.0,32.0
006286.jpg,chair,7.0,102.0,14.0,3.0
006289.jpg,chair,142.0,172.0,136.0,103.0
006289.jpg,chair,41.0,134.0,72.0,108.0
006289.jpg,diningtable,133.0,171.0,182.0,107.0
006289.jpg,chair,199.0,96.0,28.0,22.0
006289.jpg,person,81.0,103.0,68.0,97.0
006289.jpg,person,134.0,157.0,124.0,133.0
006289.jpg,person,175.0,97.0,36.0,53.0
006290.jpg,car,216.0,138.0,15.0,47.0
006290.jpg,bus,110.0,112.0,202.0,144.0
006291.jpg,cow,203.0,120.0,40.0,208.0
006291.jpg,cow,176.0,109.0,82.0,186.0
006291.jpg,cow,143.0,68.0,60.0,133.0
006291.jpg,cow,91.0,67.0,92.0,130.0
006291.jpg,cow,48.0,67.0,53.0,119.0
006291.jpg,cow,19.0,68.0,19.0,50.0
006291.jpg,cow,14.0,57.0,26.0,86.0
006295.jpg,horse,47.0,103.0,60.0,59.0
006295.jpg,horse,176.0,85.0,49.0,53.0
006295.jpg,horse,127.0,91.0,77.0,59.0
006296.jpg,person,119.0,128.0,59.0,192.0
006296.jpg,person,183.0,114.0,79.0,220.0
006296.jpg,person,45.0,115.0,89.0,219.0
006299.jpg,bottle,152.0,27.0,16.0,53.0
006299.jpg,bottle,134.0,39.0,14.0,69.0
006299.jpg,pottedplant,50.0,38.0,46.0,75.0
006299.jpg,pottedplant,179.0,21.0,44.0,40.0
006300.jpg,bicycle,23.0,105.0,22.0,34.0
006300.jpg,bicycle,54.0,134.0,49.0,56.0
006300.jpg,bicycle,153.0,165.0,143.0,119.0
006300.jpg,person,24.0,90.0,17.0,45.0
006300.jpg,person,62.0,107.0,35.0,105.0
006300.jpg,person,159.0,123.0,66.0,202.0
006301.jpg,car,193.0,189.0,20.0,11.0
006304.jpg,boat,152.0,151.0,16.0,37.0
006305.jpg,cat,142.0,135.0,100.0,178.0
006306.jpg,aeroplane,78.0,96.0,155.0,96.0
006309.jpg,bird,124.0,125.0,201.0,185.0
006314.jpg,tvmonitor,136.0,109.0,150.0,116.0
006318.jpg,cat,133.0,131.0,56.0,107.0
006319.jpg,pottedplant,151.0,112.0,145.0,222.0
006319.jpg,pottedplant,19.0,47.0,38.0,93.0
006320.jpg,car,125.0,116.0,139.0,174.0
006320.jpg,car,10.0,93.0,19.0,46.0
006320.jpg,car,196.0,97.0,16.0,31.0
006320.jpg,person,20.0,107.0,17.0,73.0
006320.jpg,person,36.0,118.0,12.0,52.0
006320.jpg,person,47.0,119.0,11.0,48.0
006320.jpg,person,212.0,89.0,7.0,39.0
006320.jpg,person,54.0,96.0,11.0,44.0
006320.jpg,car,47.0,86.0,23.0,25.0
006320.jpg,person,29.0,100.0,9.0,53.0
006321.jpg,dog,85.0,137.0,106.0,95.0
006321.jpg,chair,34.0,69.0,53.0,65.0
006323.jpg,tvmonitor,75.0,107.0,13.0,14.0
006323.jpg,tvmonitor,84.0,107.0,9.0,13.0
006325.jpg,car,143.0,154.0,39.0,37.0
006329.jpg,car,116.0,108.0,199.0,132.0
006330.jpg,car,158.0,191.0,36.0,22.0
006330.jpg,car,198.0,195.0,24.0,23.0
006330.jpg,car,211.0,200.0,26.0,33.0
006330.jpg,car,69.0,193.0,31.0,19.0
006330.jpg,car,46.0,190.0,20.0,17.0
006330.jpg,car,111.0,193.0,20.0,13.0
006330.jpg,car,12.0,188.0,13.0,10.0
006330.jpg,bus,75.0,182.0,54.0,34.0
006335.jpg,bottle,147.0,97.0,34.0,161.0
006337.jpg,dog,106.0,144.0,163.0,139.0
006338.jpg,train,88.0,100.0,175.0,198.0
006339.jpg,tvmonitor,48.0,60.0,36.0,43.0
006339.jpg,chair,59.0,170.0,34.0,36.0
006339.jpg,chair,57.0,100.0,31.0,31.0
006339.jpg,sofa,149.0,130.0,44.0,140.0
006339.jpg,person,147.0,121.0,39.0,43.0
006339.jpg,person,131.0,86.0,26.0,48.0
006339.jpg,person,59.0,98.0,46.0,42.0
006339.jpg,person,61.0,166.0,46.0,28.0
006341.jpg,person,115.0,131.0,184.0,185.0
006344.jpg,train,90.0,118.0,179.0,183.0
006344.jpg,person,187.0,123.0,20.0,74.0
006344.jpg,person,214.0,134.0,17.0,65.0
006344.jpg,person,210.0,103.0,18.0,30.0
006346.jpg,bus,194.0,133.0,61.0,72.0
006346.jpg,bus,78.0,132.0,138.0,66.0
006346.jpg,car,49.0,191.0,96.0,66.0
006346.jpg,person,204.0,178.0,32.0,92.0
006346.jpg,person,134.0,178.0,39.0,92.0
006346.jpg,person,152.0,148.0,10.0,46.0
006346.jpg,person,143.0,148.0,13.0,45.0
006346.jpg,person,69.0,165.0,24.0,55.0
006346.jpg,person,57.0,148.0,15.0,31.0
006346.jpg,person,38.0,148.0,18.0,29.0
006346.jpg,car,47.0,158.0,93.0,41.0
006348.jpg,tvmonitor,21.0,84.0,30.0,78.0
006348.jpg,chair,160.0,144.0,127.0,159.0
006349.jpg,aeroplane,112.0,98.0,220.0,148.0
006350.jpg,aeroplane,106.0,88.0,194.0,95.0
006351.jpg,person,107.0,128.0,135.0,191.0
006351.jpg,pottedplant,35.0,99.0,47.0,67.0
006351.jpg,pottedplant,184.0,104.0,48.0,66.0
006352.jpg,bus,126.0,88.0,114.0,35.0
006352.jpg,person,49.0,136.0,59.0,174.0
006353.jpg,cat,112.0,113.0,224.0,223.0
006355.jpg,dog,123.0,164.0,34.0,73.0
006355.jpg,dog,100.0,147.0,19.0,85.0
006355.jpg,person,106.0,73.0,42.0,113.0
006357.jpg,boat,142.0,179.0,108.0,36.0
006357.jpg,boat,100.0,167.0,25.0,6.0
006357.jpg,boat,133.0,167.0,31.0,7.0
006362.jpg,car,100.0,108.0,164.0,182.0
006362.jpg,car,33.0,117.0,65.0,97.0
006363.jpg,bottle,113.0,129.0,68.0,162.0
006363.jpg,bottle,150.0,100.0,62.0,143.0
006363.jpg,bottle,65.0,101.0,62.0,145.0
006366.jpg,dog,103.0,121.0,206.0,206.0
006367.jpg,bird,115.0,113.0,128.0,223.0
006369.jpg,car,99.0,138.0,182.0,128.0
006369.jpg,person,197.0,78.0,5.0,20.0
006369.jpg,person,206.0,74.0,4.0,10.0
006369.jpg,person,185.0,76.0,3.0,14.0
006369.jpg,car,196.0,79.0,17.0,15.0
006369.jpg,car,213.0,85.0,22.0,26.0
006369.jpg,person,219.0,85.0,9.0,40.0
006369.jpg,car,160.0,73.0,21.0,17.0
006369.jpg,person,172.0,80.0,15.0,25.0
006369.jpg,person,185.0,98.0,11.0,28.0
006369.jpg,person,97.0,81.0,9.0,15.0
006369.jpg,car,93.0,26.0,25.0,34.0
006371.jpg,bicycle,112.0,99.0,210.0,170.0
006374.jpg,aeroplane,127.0,121.0,114.0,91.0
006375.jpg,car,181.0,97.0,30.0,24.0
006375.jpg,car,109.0,111.0,43.0,38.0
006375.jpg,car,50.0,139.0,75.0,87.0
006377.jpg,train,105.0,134.0,140.0,111.0
006381.jpg,bottle,114.0,163.0,9.0,26.0
006381.jpg,person,29.0,174.0,54.0,99.0
006381.jpg,person,170.0,168.0,50.0,100.0
006381.jpg,person,139.0,142.0,39.0,63.0
006381.jpg,person,121.0,88.0,17.0,24.0
006381.jpg,person,13.0,140.0,24.0,85.0
006381.jpg,person,54.0,134.0,34.0,84.0
006381.jpg,person,75.0,123.0,36.0,84.0
006381.jpg,person,97.0,90.0,10.0,24.0
006381.jpg,person,107.0,109.0,19.0,61.0
006381.jpg,person,144.0,89.0,14.0,27.0
006381.jpg,person,159.0,94.0,7.0,22.0
006381.jpg,diningtable,111.0,191.0,154.0,65.0
006381.jpg,diningtable,136.0,115.0,53.0,31.0
006381.jpg,chair,198.0,182.0,43.0,63.0
006381.jpg,chair,107.0,122.0,25.0,41.0
006381.jpg,chair,153.0,119.0,17.0,29.0
006382.jpg,horse,67.0,133.0,131.0,181.0
006385.jpg,dog,115.0,162.0,34.0,112.0
006387.jpg,bicycle,103.0,156.0,20.0,42.0
006387.jpg,person,100.0,136.0,13.0,59.0
006391.jpg,chair,148.0,117.0,134.0,113.0
006391.jpg,person,94.0,127.0,182.0,152.0
006392.jpg,horse,114.0,130.0,114.0,155.0
006392.jpg,person,112.0,72.0,58.0,109.0
006395.jpg,tvmonitor,199.0,67.0,32.0,91.0
006395.jpg,person,101.0,139.0,82.0,137.0
006395.jpg,chair,52.0,167.0,88.0,115.0
006396.jpg,car,61.0,182.0,31.0,75.0
006396.jpg,car,181.0,150.0,46.0,50.0
006396.jpg,car,131.0,157.0,52.0,47.0
006396.jpg,car,153.0,141.0,29.0,32.0
006396.jpg,car,102.0,153.0,39.0,61.0
006396.jpg,car,77.0,136.0,11.0,16.0
006396.jpg,car,26.0,138.0,7.0,20.0
006396.jpg,car,19.0,143.0,9.0,20.0
006396.jpg,car,6.0,148.0,12.0,36.0
006398.jpg,bottle,111.0,106.0,9.0,47.0
006398.jpg,bottle,122.0,118.0,11.0,50.0
006398.jpg,bottle,136.0,102.0,10.0,45.0
006398.jpg,bottle,132.0,76.0,9.0,32.0
006398.jpg,bottle,108.0,203.0,17.0,42.0
006398.jpg,bottle,117.0,196.0,14.0,57.0
006398.jpg,person,41.0,142.0,80.0,164.0
006398.jpg,person,56.0,91.0,73.0,122.0
006398.jpg,person,88.0,76.0,34.0,84.0
006398.jpg,person,200.0,140.0,49.0,167.0
006398.jpg,person,193.0,102.0,62.0,118.0
006398.jpg,person,164.0,85.0,30.0,84.0
006398.jpg,person,149.0,53.0,19.0,59.0
006398.jpg,person,129.0,42.0,25.0,41.0
006398.jpg,person,12.0,75.0,23.0,83.0
006398.jpg,diningtable,130.0,141.0,130.0,167.0
006400.jpg,train,209.0,112.0,30.0,118.0
006400.jpg,train,141.0,112.0,112.0,90.0
006400.jpg,train,54.0,110.0,71.0,52.0
006404.jpg,cow,104.0,112.0,38.0,17.0
006409.jpg,person,180.0,141.0,88.0,165.0
006409.jpg,person,26.0,117.0,51.0,81.0
006409.jpg,bottle,81.0,125.0,12.0,38.0
006409.jpg,diningtable,86.0,180.0,165.0,88.0
006411.jpg,tvmonitor,196.0,115.0,49.0,60.0
006411.jpg,sofa,31.0,174.0,62.0,99.0
006417.jpg,car,107.0,111.0,145.0,91.0
006417.jpg,car,18.0,121.0,35.0,91.0
006417.jpg,car,25.0,91.0,43.0,44.0
006417.jpg,car,175.0,94.0,97.0,90.0
006418.jpg,bicycle,108.0,112.0,214.0,223.0
006419.jpg,chair,71.0,187.0,65.0,61.0
006419.jpg,chair,116.0,203.0,61.0,42.0
006421.jpg,car,151.0,117.0,18.0,17.0
006421.jpg,car,49.0,120.0,44.0,27.0
006421.jpg,car,189.0,113.0,9.0,7.0
006424.jpg,sofa,157.0,166.0,131.0,116.0
006424.jpg,chair,49.0,198.0,97.0,52.0
006425.jpg,cat,124.0,118.0,149.0,203.0
006427.jpg,person,171.0,126.0,105.0,196.0
006427.jpg,person,73.0,127.0,121.0,195.0
006427.jpg,person,5.0,104.0,9.0,25.0
006428.jpg,horse,112.0,122.0,223.0,204.0
006428.jpg,person,55.0,144.0,26.0,85.0
006428.jpg,person,15.0,189.0,28.0,70.0
006429.jpg,horse,111.0,112.0,221.0,223.0
006430.jpg,bird,127.0,116.0,9.0,36.0
006433.jpg,aeroplane,112.0,112.0,224.0,223.0
006433.jpg,person,103.0,55.0,17.0,32.0
006434.jpg,dog,145.0,112.0,158.0,223.0
006436.jpg,boat,122.0,95.0,92.0,147.0
006437.jpg,bus,100.0,110.0,52.0,22.0
006438.jpg,car,123.0,109.0,75.0,86.0
006438.jpg,car,9.0,77.0,17.0,36.0
006440.jpg,motorbike,181.0,159.0,86.0,121.0
006440.jpg,person,131.0,140.0,19.0,103.0
006442.jpg,person,63.0,118.0,124.0,211.0
006442.jpg,person,154.0,153.0,140.0,143.0
006443.jpg,aeroplane,92.0,111.0,80.0,54.0
006444.jpg,dog,91.0,152.0,61.0,130.0
006444.jpg,person,204.0,69.0,40.0,135.0
006445.jpg,horse,118.0,144.0,170.0,141.0
006445.jpg,person,120.0,87.0,63.0,80.0
006447.jpg,chair,119.0,133.0,26.0,18.0
006447.jpg,chair,116.0,190.0,40.0,66.0
006447.jpg,chair,161.0,178.0,48.0,89.0
006447.jpg,chair,34.0,181.0,56.0,86.0
006447.jpg,diningtable,122.0,180.0,105.0,88.0
006447.jpg,pottedplant,63.0,65.0,25.0,69.0
006448.jpg,bottle,165.0,95.0,22.0,108.0
006448.jpg,bottle,184.0,103.0,14.0,75.0
006449.jpg,bicycle,112.0,114.0,223.0,210.0
006450.jpg,person,93.0,154.0,97.0,135.0
006450.jpg,person,161.0,128.0,48.0,191.0
006450.jpg,tvmonitor,25.0,166.0,49.0,114.0
006455.jpg,horse,119.0,127.0,118.0,166.0
006455.jpg,person,100.0,78.0,34.0,133.0
006456.jpg,dog,94.0,104.0,146.0,165.0
006458.jpg,car,154.0,119.0,133.0,149.0
006458.jpg,car,58.0,134.0,94.0,111.0
006459.jpg,horse,86.0,140.0,125.0,143.0
006459.jpg,person,96.0,82.0,36.0,87.0
006459.jpg,person,146.0,139.0,38.0,138.0
006459.jpg,person,198.0,104.0,13.0,47.0
006459.jpg,person,215.0,114.0,17.0,75.0
006459.jpg,person,10.0,118.0,18.0,60.0
006459.jpg,car,181.0,95.0,26.0,20.0
006459.jpg,car,211.0,95.0,16.0,14.0
006462.jpg,cat,132.0,112.0,184.0,223.0
006463.jpg,person,53.0,113.0,105.0,221.0
006463.jpg,person,138.0,121.0,140.0,206.0
006465.jpg,person,79.0,172.0,91.0,103.0
006465.jpg,person,12.0,162.0,24.0,124.0
006465.jpg,person,193.0,179.0,55.0,90.0
006465.jpg,person,151.0,179.0,35.0,90.0
006465.jpg,person,154.0,172.0,111.0,103.0
006465.jpg,person,72.0,108.0,19.0,34.0
006465.jpg,person,99.0,110.0,15.0,19.0
006465.jpg,person,125.0,112.0,19.0,23.0
006466.jpg,train,108.0,114.0,215.0,200.0
006468.jpg,train,125.0,112.0,71.0,70.0
006470.jpg,bird,107.0,113.0,43.0,95.0
006472.jpg,tvmonitor,123.0,88.0,202.0,174.0
006473.jpg,cat,144.0,92.0,89.0,84.0
006473.jpg,tvmonitor,58.0,117.0,95.0,110.0
006473.jpg,sofa,157.0,155.0,135.0,139.0
006474.jpg,dog,112.0,121.0,224.0,205.0
006475.jpg,bird,204.0,198.0,40.0,53.0
006475.jpg,bird,123.0,197.0,76.0,54.0
006475.jpg,bird,82.0,176.0,58.0,50.0
006475.jpg,person,147.0,99.0,117.0,192.0
006476.jpg,person,62.0,133.0,6.0,24.0
006476.jpg,person,157.0,142.0,86.0,164.0
006476.jpg,motorbike,156.0,173.0,117.0,102.0
006480.jpg,aeroplane,74.0,93.0,41.0,32.0
006482.jpg,person,98.0,121.0,168.0,205.0
006483.jpg,person,107.0,122.0,125.0,205.0
006483.jpg,bottle,147.0,109.0,18.0,45.0
006483.jpg,bottle,146.0,132.0,10.0,37.0
006483.jpg,bottle,131.0,109.0,11.0,39.0
006484.jpg,car,170.0,175.0,70.0,92.0
006486.jpg,bottle,37.0,181.0,15.0,52.0
006486.jpg,person,36.0,153.0,71.0,115.0
006486.jpg,person,55.0,111.0,43.0,86.0
006486.jpg,person,117.0,96.0,46.0,91.0
006486.jpg,person,169.0,134.0,47.0,106.0
006486.jpg,person,209.0,165.0,30.0,59.0
006486.jpg,person,199.0,191.0,49.0,65.0
006488.jpg,dog,126.0,143.0,124.0,91.0
006488.jpg,person,166.0,108.0,113.0,162.0
006492.jpg,person,133.0,122.0,163.0,204.0
006492.jpg,person,109.0,159.0,69.0,118.0
006492.jpg,sofa,113.0,161.0,222.0,127.0
006495.jpg,cat,120.0,154.0,64.0,128.0
006497.jpg,car,114.0,104.0,209.0,108.0
006497.jpg,car,70.0,55.0,53.0,34.0
006497.jpg,person,213.0,75.0,13.0,33.0
006497.jpg,person,197.0,71.0,12.0,19.0
006497.jpg,person,180.0,67.0,10.0,19.0
006497.jpg,person,172.0,69.0,10.0,14.0
006497.jpg,person,164.0,67.0,6.0,12.0
006497.jpg,person,79.0,67.0,9.0,9.0
006499.jpg,train,72.0,132.0,143.0,145.0
006501.jpg,bus,138.0,113.0,171.0,223.0
006503.jpg,bottle,201.0,73.0,12.0,45.0
006503.jpg,bottle,181.0,65.0,10.0,34.0
006503.jpg,bottle,218.0,90.0,12.0,42.0
006503.jpg,person,175.0,130.0,75.0,130.0
006503.jpg,person,127.0,106.0,59.0,110.0
006503.jpg,person,23.0,92.0,44.0,112.0
006503.jpg,diningtable,108.0,172.0,213.0,104.0
006506.jpg,horse,193.0,140.0,62.0,100.0
006506.jpg,horse,158.0,143.0,30.0,80.0
006506.jpg,horse,117.0,144.0,23.0,96.0
006506.jpg,horse,85.0,150.0,23.0,65.0
006506.jpg,horse,26.0,171.0,50.0,70.0
006506.jpg,horse,43.0,150.0,22.0,72.0
006506.jpg,person,191.0,113.0,25.0,79.0
006506.jpg,person,156.0,117.0,25.0,67.0
006506.jpg,person,117.0,120.0,27.0,75.0
006506.jpg,person,85.0,124.0,25.0,69.0
006506.jpg,person,44.0,130.0,21.0,67.0
006506.jpg,person,25.0,136.0,23.0,79.0
006507.jpg,dog,95.0,93.0,46.0,80.0
006509.jpg,chair,163.0,122.0,54.0,40.0
006509.jpg,chair,24.0,151.0,46.0,38.0
006509.jpg,sofa,36.0,121.0,71.0,34.0
006512.jpg,cat,112.0,132.0,147.0,185.0
006515.jpg,bicycle,111.0,115.0,199.0,152.0
006519.jpg,person,39.0,144.0,75.0,152.0
006519.jpg,person,116.0,143.0,108.0,161.0
006519.jpg,person,152.0,131.0,145.0,159.0
006519.jpg,bottle,154.0,190.0,13.0,67.0
006519.jpg,bottle,91.0,208.0,12.0,31.0
006519.jpg,diningtable,130.0,205.0,188.0,37.0
006520.jpg,bird,107.0,118.0,136.0,200.0
006523.jpg,aeroplane,112.0,124.0,55.0,26.0
006524.jpg,car,173.0,112.0,97.0,215.0
006524.jpg,car,96.0,109.0,79.0,203.0
006524.jpg,car,31.0,110.0,61.0,215.0
006529.jpg,person,49.0,126.0,94.0,195.0
006529.jpg,aeroplane,127.0,99.0,100.0,107.0
006530.jpg,chair,52.0,137.0,68.0,63.0
006530.jpg,sofa,160.0,152.0,127.0,90.0
006530.jpg,chair,167.0,190.0,115.0,67.0
006530.jpg,chair,28.0,112.0,13.0,24.0
006530.jpg,chair,10.0,125.0,17.0,50.0
006530.jpg,chair,32.0,100.0,12.0,10.0
006532.jpg,motorbike,118.0,133.0,133.0,79.0
006532.jpg,person,120.0,104.0,56.0,59.0
006534.jpg,sheep,101.0,115.0,150.0,183.0
006536.jpg,person,121.0,155.0,205.0,137.0
006538.jpg,train,96.0,118.0,85.0,110.0
006542.jpg,person,199.0,120.0,12.0,34.0
006542.jpg,person,190.0,120.0,9.0,34.0
006542.jpg,person,181.0,120.0,9.0,31.0
006542.jpg,person,170.0,56.0,9.0,14.0
006542.jpg,person,114.0,66.0,8.0,32.0
006542.jpg,person,119.0,65.0,7.0,32.0
006542.jpg,person,84.0,66.0,6.0,31.0
006542.jpg,person,79.0,57.0,5.0,10.0
006542.jpg,person,65.0,65.0,8.0,30.0
006542.jpg,person,58.0,68.0,7.0,29.0
006542.jpg,person,52.0,66.0,11.0,29.0
006542.jpg,person,44.0,66.0,9.0,32.0
006542.jpg,person,18.0,57.0,6.0,10.0
006542.jpg,person,9.0,54.0,8.0,17.0
006542.jpg,person,153.0,57.0,5.0,7.0
006542.jpg,boat,112.0,112.0,224.0,222.0
006543.jpg,bird,108.0,62.0,60.0,91.0
006547.jpg,cat,100.0,134.0,168.0,181.0
006548.jpg,bird,145.0,174.0,134.0,96.0
006548.jpg,bird,147.0,108.0,26.0,49.0
006548.jpg,bird,211.0,115.0,25.0,36.0
006548.jpg,bird,99.0,94.0,30.0,50.0
006548.jpg,bird,71.0,98.0,13.0,29.0
006548.jpg,bird,21.0,114.0,41.0,70.0
006549.jpg,boat,126.0,20.0,42.0,22.0
006550.jpg,motorbike,75.0,172.0,110.0,101.0
006550.jpg,person,144.0,156.0,29.0,122.0
006550.jpg,person,110.0,113.0,34.0,73.0
006550.jpg,person,161.0,157.0,18.0,112.0
006550.jpg,bicycle,16.0,169.0,22.0,73.0
006550.jpg,bicycle,207.0,153.0,26.0,43.0
006550.jpg,person,211.0,193.0,9.0,20.0
006551.jpg,bicycle,139.0,152.0,46.0,67.0
006551.jpg,bicycle,122.0,136.0,42.0,54.0
006551.jpg,bicycle,72.0,140.0,50.0,63.0
006551.jpg,person,69.0,113.0,41.0,95.0
006551.jpg,person,115.0,99.0,26.0,48.0
006551.jpg,person,138.0,118.0,42.0,86.0
006551.jpg,person,8.0,73.0,12.0,31.0
006551.jpg,person,21.0,75.0,15.0,30.0
006551.jpg,person,34.0,73.0,12.0,30.0
006551.jpg,person,21.0,108.0,30.0,66.0
006551.jpg,person,39.0,109.0,22.0,57.0
006551.jpg,person,50.0,91.0,15.0,29.0
006551.jpg,person,157.0,79.0,15.0,25.0
006551.jpg,person,171.0,79.0,11.0,26.0
006551.jpg,person,183.0,100.0,16.0,71.0
006551.jpg,person,196.0,81.0,12.0,23.0
006551.jpg,person,211.0,102.0,22.0,65.0
006553.jpg,chair,156.0,158.0,117.0,120.0
006556.jpg,dog,112.0,113.0,223.0,223.0
006560.jpg,person,55.0,120.0,110.0,207.0
006560.jpg,person,162.0,121.0,124.0,205.0
006562.jpg,cow,152.0,159.0,53.0,107.0
006562.jpg,cow,103.0,156.0,45.0,115.0
006562.jpg,cow,58.0,146.0,38.0,135.0
006562.jpg,cow,17.0,114.0,33.0,201.0
006562.jpg,cow,36.0,173.0,18.0,56.0
006564.jpg,aeroplane,112.0,98.0,224.0,117.0
006565.jpg,cat,90.0,152.0,179.0,144.0
006569.jpg,bus,127.0,117.0,90.0,72.0
006569.jpg,bus,39.0,123.0,49.0,56.0
006570.jpg,dog,70.0,87.0,139.0,109.0
006570.jpg,dog,99.0,136.0,102.0,119.0
006572.jpg,horse,103.0,95.0,77.0,145.0
006572.jpg,person,52.0,84.0,32.0,57.0
006572.jpg,person,217.0,29.0,6.0,14.0
006572.jpg,person,187.0,30.0,8.0,22.0
006572.jpg,person,177.0,33.0,8.0,22.0
006575.jpg,pottedplant,117.0,115.0,137.0,183.0
006576.jpg,diningtable,112.0,201.0,222.0,47.0
006576.jpg,bottle,45.0,137.0,45.0,121.0
006576.jpg,person,119.0,107.0,209.0,212.0
006576.jpg,person,35.0,57.0,69.0,112.0
006576.jpg,person,85.0,71.0,23.0,18.0
006578.jpg,sofa,112.0,123.0,223.0,201.0
006578.jpg,person,129.0,86.0,134.0,126.0
006578.jpg,person,94.0,134.0,182.0,116.0
006583.jpg,person,95.0,142.0,114.0,165.0
006583.jpg,tvmonitor,142.0,95.0,52.0,106.0
006583.jpg,tvmonitor,177.0,80.0,26.0,72.0
006584.jpg,person,66.0,85.0,23.0,52.0
006584.jpg,person,90.0,75.0,9.0,18.0
006584.jpg,person,109.0,122.0,28.0,138.0
006584.jpg,person,118.0,108.0,20.0,99.0
006584.jpg,person,60.0,107.0,43.0,76.0
006584.jpg,person,86.0,144.0,44.0,154.0
006584.jpg,person,49.0,125.0,96.0,198.0
006584.jpg,person,136.0,125.0,63.0,198.0
006584.jpg,person,165.0,96.0,16.0,99.0
006584.jpg,person,194.0,129.0,45.0,180.0
006585.jpg,person,110.0,93.0,70.0,131.0
006585.jpg,motorbike,106.0,121.0,84.0,106.0
006587.jpg,person,112.0,68.0,34.0,100.0
006588.jpg,train,124.0,114.0,155.0,190.0
006588.jpg,car,20.0,144.0,36.0,28.0
006588.jpg,car,49.0,144.0,20.0,18.0
006588.jpg,car,5.0,149.0,9.0,25.0
006588.jpg,car,56.0,138.0,17.0,13.0
006588.jpg,car,69.0,137.0,9.0,13.0
006588.jpg,person,215.0,134.0,7.0,16.0
006593.jpg,car,112.0,113.0,223.0,222.0
006595.jpg,cat,129.0,110.0,152.0,188.0
006597.jpg,dog,104.0,94.0,191.0,168.0
006599.jpg,chair,78.0,63.0,66.0,124.0
006599.jpg,chair,156.0,68.0,34.0,124.0
006599.jpg,person,44.0,79.0,54.0,156.0
006599.jpg,person,162.0,112.0,124.0,223.0
006602.jpg,dog,93.0,80.0,71.0,52.0
006602.jpg,person,156.0,191.0,57.0,56.0
006602.jpg,person,34.0,157.0,40.0,86.0
006602.jpg,person,91.0,186.0,58.0,45.0
006603.jpg,bicycle,31.0,168.0,45.0,47.0
006605.jpg,chair,112.0,112.0,24.0,14.0
006605.jpg,chair,88.0,148.0,34.0,75.0
006605.jpg,chair,161.0,140.0,25.0,68.0
006605.jpg,chair,168.0,153.0,32.0,68.0
006605.jpg,chair,136.0,178.0,51.0,91.0
006605.jpg,chair,89.0,172.0,51.0,88.0
006605.jpg,pottedplant,49.0,119.0,22.0,22.0
006605.jpg,pottedplant,32.0,101.0,21.0,88.0
006606.jpg,dog,114.0,143.0,146.0,105.0
006606.jpg,dog,85.0,91.0,65.0,62.0
006609.jpg,dog,160.0,159.0,128.0,131.0
006609.jpg,person,112.0,116.0,224.0,215.0
006610.jpg,diningtable,115.0,142.0,219.0,164.0
006610.jpg,bottle,50.0,96.0,35.0,148.0
006610.jpg,bottle,81.0,101.0,34.0,142.0
006610.jpg,person,125.0,35.0,144.0,69.0
006611.jpg,horse,103.0,118.0,97.0,116.0
006611.jpg,person,161.0,139.0,77.0,65.0
006612.jpg,person,133.0,138.0,51.0,93.0
006612.jpg,cow,87.0,115.0,86.0,51.0
006617.jpg,horse,101.0,120.0,123.0,120.0
006617.jpg,person,113.0,77.0,26.0,105.0
006618.jpg,motorbike,109.0,121.0,138.0,106.0
006618.jpg,person,86.0,113.0,54.0,159.0
006619.jpg,aeroplane,74.0,109.0,50.0,45.0
006621.jpg,sofa,127.0,36.0,127.0,70.0
006621.jpg,person,101.0,152.0,59.0,106.0
006622.jpg,sofa,156.0,121.0,96.0,76.0
006622.jpg,sofa,164.0,174.0,121.0,101.0
006622.jpg,tvmonitor,31.0,76.0,38.0,53.0
006625.jpg,car,135.0,98.0,16.0,16.0
006625.jpg,car,67.0,106.0,26.0,43.0
006625.jpg,car,29.0,116.0,42.0,58.0
006625.jpg,person,57.0,125.0,22.0,67.0
006625.jpg,person,38.0,125.0,14.0,62.0
006625.jpg,person,17.0,131.0,17.0,76.0
006626.jpg,diningtable,160.0,189.0,129.0,70.0
006626.jpg,person,211.0,108.0,26.0,72.0
006626.jpg,person,145.0,134.0,43.0,116.0
006626.jpg,person,121.0,136.0,76.0,136.0
006626.jpg,person,58.0,138.0,115.0,172.0
006626.jpg,bottle,187.0,160.0,8.0,41.0
006626.jpg,bottle,203.0,144.0,10.0,34.0
006627.jpg,chair,172.0,90.0,46.0,73.0
006627.jpg,pottedplant,216.0,82.0,15.0,24.0
006627.jpg,pottedplant,142.0,95.0,50.0,65.0
006627.jpg,diningtable,104.0,156.0,207.0,137.0
006628.jpg,chair,40.0,85.0,22.0,16.0
006628.jpg,chair,78.0,88.0,15.0,28.0
006628.jpg,chair,85.0,95.0,17.0,27.0
006628.jpg,chair,104.0,101.0,17.0,30.0
006628.jpg,chair,121.0,113.0,19.0,33.0
006628.jpg,chair,90.0,174.0,62.0,100.0
006628.jpg,chair,38.0,165.0,60.0,116.0
006628.jpg,chair,31.0,127.0,30.0,67.0
006628.jpg,chair,17.0,119.0,21.0,79.0
006628.jpg,diningtable,59.0,157.0,75.0,134.0
006628.jpg,tvmonitor,183.0,73.0,19.0,22.0
006631.jpg,person,174.0,114.0,101.0,220.0
006631.jpg,person,97.0,119.0,109.0,211.0
006632.jpg,car,173.0,185.0,77.0,65.0
006632.jpg,bicycle,111.0,177.0,21.0,23.0
006635.jpg,train,117.0,119.0,215.0,184.0
006636.jpg,aeroplane,85.0,93.0,147.0,97.0
006637.jpg,bicycle,179.0,173.0,43.0,99.0
006637.jpg,bicycle,99.0,125.0,51.0,60.0
006637.jpg,bicycle,62.0,143.0,29.0,78.0
006637.jpg,person,155.0,127.0,18.0,123.0
006637.jpg,person,103.0,102.0,26.0,100.0
006637.jpg,person,71.0,118.0,47.0,108.0
006638.jpg,sofa,105.0,122.0,188.0,120.0
006643.jpg,bird,142.0,124.0,122.0,201.0
006645.jpg,person,77.0,123.0,95.0,93.0
006645.jpg,horse,142.0,107.0,105.0,117.0
006647.jpg,person,101.0,106.0,42.0,134.0
006647.jpg,person,110.0,116.0,65.0,186.0
006647.jpg,person,157.0,76.0,67.0,149.0
006647.jpg,motorbike,112.0,119.0,223.0,199.0
006648.jpg,bottle,163.0,113.0,64.0,223.0
006648.jpg,person,104.0,112.0,206.0,222.0
006648.jpg,person,177.0,164.0,20.0,54.0
006648.jpg,person,147.0,156.0,15.0,67.0
006652.jpg,train,112.0,103.0,70.0,123.0
006654.jpg,car,112.0,120.0,192.0,160.0
006654.jpg,car,35.0,50.0,70.0,89.0
006654.jpg,car,192.0,172.0,64.0,96.0
006657.jpg,cat,119.0,106.0,68.0,123.0
006658.jpg,diningtable,112.0,150.0,118.0,112.0
006658.jpg,person,82.0,85.0,20.0,52.0
006658.jpg,person,104.0,92.0,29.0,60.0
006658.jpg,person,131.0,93.0,30.0,64.0
006658.jpg,person,155.0,100.0,37.0,61.0
006658.jpg,person,174.0,105.0,24.0,54.0
006658.jpg,person,174.0,155.0,90.0,137.0
006658.jpg,person,16.0,109.0,31.0,103.0
006658.jpg,person,39.0,97.0,44.0,91.0
006658.jpg,person,84.0,147.0,98.0,150.0
006658.jpg,chair,16.0,176.0,32.0,94.0
006658.jpg,chair,66.0,187.0,45.0,75.0
006658.jpg,chair,24.0,181.0,25.0,85.0
006660.jpg,car,77.0,182.0,111.0,59.0
006660.jpg,boat,37.0,129.0,73.0,35.0
006660.jpg,boat,174.0,82.0,100.0,163.0
006661.jpg,bicycle,47.0,123.0,26.0,49.0
006661.jpg,bicycle,90.0,113.0,10.0,28.0
006661.jpg,person,47.0,103.0,25.0,77.0
006661.jpg,person,71.0,101.0,14.0,52.0
006661.jpg,person,89.0,104.0,15.0,42.0
006661.jpg,bicycle,71.0,111.0,11.0,28.0
006661.jpg,person,118.0,104.0,5.0,22.0
006661.jpg,person,113.0,104.0,7.0,21.0
006661.jpg,person,99.0,97.0,6.0,13.0
006661.jpg,person,133.0,106.0,5.0,13.0
006661.jpg,person,126.0,105.0,5.0,15.0
006661.jpg,person,137.0,106.0,5.0,16.0
006664.jpg,bicycle,73.0,141.0,146.0,122.0
006664.jpg,person,62.0,106.0,104.0,143.0
006666.jpg,person,114.0,134.0,219.0,181.0
006666.jpg,person,102.0,132.0,195.0,125.0
006667.jpg,person,139.0,140.0,106.0,168.0
006667.jpg,person,20.0,153.0,39.0,142.0
006668.jpg,car,118.0,108.0,153.0,183.0
006668.jpg,person,36.0,85.0,48.0,87.0
006668.jpg,person,16.0,78.0,31.0,154.0
006670.jpg,train,99.0,145.0,169.0,127.0
006670.jpg,person,203.0,163.0,19.0,56.0
006670.jpg,person,215.0,172.0,12.0,42.0
006671.jpg,bird,58.0,123.0,65.0,45.0
006671.jpg,bird,160.0,101.0,80.0,79.0
006673.jpg,boat,188.0,93.0,23.0,129.0
006673.jpg,boat,166.0,97.0,17.0,85.0
006673.jpg,boat,153.0,100.0,28.0,130.0
006673.jpg,boat,138.0,103.0,13.0,58.0
006673.jpg,boat,116.0,95.0,15.0,96.0
006673.jpg,boat,106.0,103.0,7.0,48.0
006673.jpg,boat,101.0,105.0,11.0,60.0
006673.jpg,boat,89.0,104.0,10.0,54.0
006673.jpg,boat,84.0,111.0,16.0,78.0
006673.jpg,boat,69.0,107.0,15.0,73.0
006673.jpg,boat,26.0,154.0,13.0,7.0
006673.jpg,boat,7.0,160.0,11.0,9.0
006674.jpg,cat,98.0,125.0,141.0,198.0
006677.jpg,sofa,156.0,180.0,136.0,88.0
006677.jpg,chair,21.0,165.0,40.0,80.0
006677.jpg,person,108.0,165.0,144.0,119.0
006678.jpg,sheep,133.0,138.0,146.0,161.0
006679.jpg,sheep,183.0,134.0,72.0,128.0
006679.jpg,sheep,49.0,121.0,71.0,137.0
006679.jpg,sheep,112.0,101.0,76.0,167.0
006681.jpg,pottedplant,34.0,145.0,9.0,18.0
006681.jpg,pottedplant,113.0,141.0,8.0,17.0
006681.jpg,pottedplant,143.0,139.0,9.0,16.0
006681.jpg,pottedplant,162.0,137.0,9.0,19.0
006682.jpg,person,181.0,134.0,86.0,179.0
006682.jpg,person,26.0,150.0,51.0,148.0
006682.jpg,person,96.0,126.0,89.0,192.0
006684.jpg,tvmonitor,105.0,111.0,142.0,198.0
006684.jpg,tvmonitor,196.0,99.0,56.0,121.0
006687.jpg,bottle,176.0,33.0,30.0,63.0
006689.jpg,chair,168.0,181.0,66.0,86.0
006689.jpg,chair,94.0,145.0,29.0,68.0
006689.jpg,chair,52.0,181.0,97.0,87.0
006689.jpg,chair,113.0,113.0,9.0,19.0
006689.jpg,chair,119.0,135.0,14.0,52.0
006689.jpg,diningtable,89.0,139.0,49.0,55.0
006690.jpg,person,112.0,141.0,41.0,114.0
006690.jpg,person,46.0,135.0,45.0,126.0
006690.jpg,person,79.0,95.0,46.0,122.0
006690.jpg,chair,153.0,170.0,36.0,99.0
006694.jpg,train,134.0,90.0,179.0,117.0
006695.jpg,person,166.0,156.0,56.0,130.0
006695.jpg,person,117.0,148.0,59.0,149.0
006695.jpg,person,62.0,153.0,60.0,142.0
006696.jpg,person,45.0,113.0,57.0,148.0
006696.jpg,person,145.0,107.0,30.0,51.0
006696.jpg,person,199.0,108.0,49.0,104.0
006696.jpg,chair,193.0,164.0,23.0,38.0
006696.jpg,chair,204.0,179.0,27.0,42.0
006696.jpg,chair,211.0,201.0,27.0,46.0
006696.jpg,diningtable,102.0,195.0,203.0,58.0
006697.jpg,person,67.0,124.0,98.0,155.0
006697.jpg,person,169.0,136.0,110.0,175.0
006698.jpg,person,166.0,112.0,112.0,223.0
006698.jpg,person,102.0,150.0,142.0,148.0
006699.jpg,diningtable,113.0,172.0,222.0,103.0
006699.jpg,person,123.0,62.0,201.0,121.0
006702.jpg,aeroplane,172.0,113.0,99.0,80.0
006702.jpg,aeroplane,53.0,141.0,73.0,39.0
006703.jpg,person,105.0,98.0,90.0,105.0
006704.jpg,tvmonitor,84.0,64.0,138.0,127.0
006706.jpg,bird,115.0,140.0,177.0,165.0
006706.jpg,car,202.0,34.0,45.0,52.0
006706.jpg,car,60.0,58.0,117.0,79.0
006707.jpg,chair,150.0,81.0,74.0,155.0
006707.jpg,sofa,47.0,88.0,94.0,174.0
006707.jpg,person,108.0,122.0,109.0,180.0
006708.jpg,cow,83.0,99.0,19.0,19.0
006708.jpg,cow,153.0,139.0,34.0,63.0
006708.jpg,cow,190.0,138.0,24.0,60.0
006709.jpg,person,66.0,110.0,30.0,46.0
006709.jpg,person,103.0,119.0,38.0,47.0
006709.jpg,person,200.0,108.0,47.0,85.0
006714.jpg,person,112.0,130.0,221.0,189.0
006718.jpg,bicycle,48.0,135.0,14.0,39.0
006718.jpg,person,40.0,120.0,11.0,65.0
006719.jpg,car,206.0,65.0,36.0,74.0
006719.jpg,car,144.0,70.0,73.0,93.0
006719.jpg,car,9.0,79.0,17.0,56.0
006719.jpg,car,80.0,34.0,26.0,20.0
006719.jpg,car,109.0,33.0,20.0,18.0
006722.jpg,horse,125.0,146.0,105.0,155.0
006722.jpg,horse,194.0,146.0,59.0,97.0
006722.jpg,horse,71.0,147.0,26.0,97.0
006722.jpg,person,128.0,88.0,43.0,142.0
006722.jpg,person,198.0,102.0,28.0,100.0
006722.jpg,person,67.0,108.0,37.0,90.0
006725.jpg,cat,129.0,111.0,121.0,112.0
006726.jpg,pottedplant,92.0,180.0,91.0,62.0
006727.jpg,sofa,117.0,123.0,186.0,97.0
006727.jpg,bottle,73.0,141.0,11.0,36.0
006727.jpg,bottle,56.0,118.0,7.0,24.0
006727.jpg,bottle,23.0,141.0,18.0,53.0
006727.jpg,person,62.0,113.0,56.0,88.0
006727.jpg,person,157.0,109.0,78.0,87.0
006730.jpg,train,105.0,153.0,206.0,98.0
006731.jpg,bottle,194.0,135.0,29.0,127.0
006731.jpg,person,118.0,97.0,79.0,139.0
006731.jpg,person,55.0,105.0,61.0,116.0
006731.jpg,diningtable,112.0,189.0,224.0,69.0
006734.jpg,car,144.0,147.0,141.0,144.0
006735.jpg,dog,111.0,115.0,183.0,209.0
006735.jpg,person,86.0,97.0,88.0,192.0
006735.jpg,person,197.0,28.0,46.0,55.0
006736.jpg,car,86.0,123.0,81.0,42.0
006738.jpg,person,108.0,125.0,30.0,88.0
006738.jpg,person,42.0,122.0,19.0,54.0
006738.jpg,bicycle,110.0,153.0,29.0,69.0
006738.jpg,bicycle,44.0,136.0,17.0,39.0
006739.jpg,person,122.0,114.0,142.0,219.0
006739.jpg,bird,48.0,133.0,75.0,75.0
006739.jpg,bird,107.0,166.0,45.0,116.0
006740.jpg,cat,112.0,97.0,173.0,159.0
006747.jpg,motorbike,108.0,101.0,90.0,198.0
006748.jpg,car,86.0,146.0,110.0,54.0
006748.jpg,car,171.0,103.0,105.0,44.0
006748.jpg,person,158.0,86.0,14.0,9.0
006751.jpg,bird,157.0,138.0,93.0,123.0
006751.jpg,bird,74.0,65.0,67.0,74.0
006753.jpg,person,115.0,120.0,121.0,208.0
006753.jpg,person,197.0,131.0,55.0,186.0
006753.jpg,person,198.0,55.0,53.0,110.0
006753.jpg,person,153.0,10.0,31.0,19.0
006753.jpg,person,90.0,112.0,120.0,224.0
006755.jpg,chair,48.0,162.0,95.0,123.0
006755.jpg,pottedplant,92.0,49.0,32.0,42.0
006755.jpg,tvmonitor,136.0,112.0,34.0,42.0
006755.jpg,tvmonitor,169.0,119.0,34.0,65.0
006755.jpg,tvmonitor,200.0,128.0,29.0,65.0
006759.jpg,bus,100.0,150.0,198.0,148.0
006760.jpg,cat,121.0,103.0,58.0,102.0
006760.jpg,tvmonitor,213.0,164.0,22.0,119.0
006760.jpg,tvmonitor,57.0,64.0,112.0,125.0
006761.jpg,cow,107.0,154.0,97.0,77.0
006762.jpg,motorbike,68.0,173.0,63.0,73.0
006762.jpg,person,121.0,146.0,18.0,62.0
006762.jpg,person,71.0,155.0,30.0,75.0
006765.jpg,chair,112.0,202.0,222.0,44.0
006765.jpg,pottedplant,186.0,181.0,57.0,59.0
006765.jpg,pottedplant,15.0,115.0,29.0,49.0
006765.jpg,pottedplant,83.0,78.0,52.0,25.0
006765.jpg,pottedplant,153.0,81.0,20.0,13.0
006766.jpg,bus,134.0,193.0,179.0,41.0
006766.jpg,car,216.0,215.0,15.0,19.0
006766.jpg,car,206.0,208.0,13.0,9.0
006766.jpg,car,173.0,213.0,79.0,22.0
006766.jpg,car,158.0,203.0,80.0,38.0
006766.jpg,car,109.0,215.0,30.0,19.0
006766.jpg,car,65.0,215.0,78.0,18.0
006766.jpg,car,88.0,213.0,10.0,11.0
006766.jpg,car,24.0,217.0,42.0,15.0
006766.jpg,car,8.0,215.0,14.0,17.0
006766.jpg,person,68.0,197.0,9.0,11.0
006768.jpg,chair,204.0,142.0,40.0,165.0
006768.jpg,chair,76.0,149.0,138.0,149.0
006768.jpg,chair,174.0,118.0,82.0,58.0
006768.jpg,person,113.0,86.0,124.0,107.0
006769.jpg,horse,134.0,143.0,168.0,161.0
006769.jpg,dog,44.0,140.0,22.0,40.0
006772.jpg,person,148.0,131.0,79.0,187.0
006772.jpg,person,80.0,134.0,82.0,179.0
006773.jpg,aeroplane,99.0,137.0,195.0,123.0
006773.jpg,boat,6.0,137.0,10.0,36.0
006777.jpg,pottedplant,116.0,117.0,85.0,81.0
006777.jpg,person,152.0,131.0,114.0,136.0
006777.jpg,person,89.0,140.0,144.0,168.0
006781.jpg,cat,109.0,115.0,204.0,218.0
006781.jpg,cat,97.0,40.0,66.0,32.0
006782.jpg,person,75.0,135.0,149.0,177.0
006783.jpg,car,20.0,125.0,39.0,47.0
006783.jpg,car,82.0,111.0,61.0,25.0
006783.jpg,car,114.0,106.0,34.0,15.0
006783.jpg,car,210.0,110.0,29.0,32.0
006783.jpg,car,215.0,123.0,18.0,47.0
006783.jpg,person,50.0,103.0,13.0,17.0
006784.jpg,person,88.0,73.0,14.0,23.0
006784.jpg,person,103.0,63.0,11.0,22.0
006784.jpg,person,124.0,59.0,12.0,22.0
006784.jpg,person,139.0,70.0,17.0,59.0
006784.jpg,person,157.0,126.0,106.0,197.0
006784.jpg,person,187.0,50.0,28.0,60.0
006786.jpg,person,91.0,107.0,108.0,213.0
006786.jpg,person,167.0,105.0,69.0,182.0
006789.jpg,person,104.0,68.0,70.0,90.0
006789.jpg,person,57.0,153.0,36.0,70.0
006789.jpg,horse,113.0,124.0,133.0,187.0
006794.jpg,aeroplane,104.0,108.0,126.0,58.0
006797.jpg,person,127.0,131.0,91.0,185.0
006797.jpg,horse,54.0,125.0,108.0,194.0
006799.jpg,bird,112.0,108.0,96.0,150.0
006800.jpg,bird,73.0,107.0,13.0,19.0
006800.jpg,bird,87.0,93.0,17.0,55.0
006800.jpg,bird,125.0,117.0,13.0,9.0
006800.jpg,person,147.0,168.0,41.0,111.0
006800.jpg,person,178.0,172.0,32.0,105.0
006800.jpg,person,202.0,161.0,44.0,126.0
006802.jpg,train,141.0,112.0,165.0,222.0
006802.jpg,person,159.0,70.0,10.0,13.0
006802.jpg,person,105.0,102.0,22.0,91.0
006803.jpg,train,106.0,117.0,136.0,85.0
006803.jpg,person,179.0,165.0,16.0,40.0
006803.jpg,person,186.0,163.0,12.0,42.0
006805.jpg,dog,108.0,115.0,184.0,215.0
006806.jpg,pottedplant,99.0,142.0,116.0,147.0
006806.jpg,pottedplant,178.0,59.0,92.0,116.0
006806.jpg,pottedplant,88.0,37.0,91.0,73.0
006806.jpg,pottedplant,20.0,90.0,39.0,179.0
006808.jpg,person,67.0,115.0,104.0,217.0
006810.jpg,person,187.0,124.0,74.0,201.0
006810.jpg,person,30.0,151.0,42.0,125.0
006810.jpg,person,126.0,128.0,152.0,191.0
006810.jpg,person,13.0,162.0,24.0,124.0
006813.jpg,cat,159.0,98.0,127.0,110.0
006813.jpg,cat,51.0,145.0,99.0,146.0
006814.jpg,tvmonitor,106.0,176.0,211.0,96.0
006819.jpg,diningtable,90.0,155.0,97.0,88.0
006819.jpg,chair,54.0,136.0,22.0,73.0
006819.jpg,chair,75.0,151.0,34.0,90.0
006819.jpg,chair,113.0,163.0,31.0,76.0
006819.jpg,chair,18.0,125.0,21.0,60.0
006821.jpg,bus,103.0,117.0,47.0,64.0
006821.jpg,car,196.0,149.0,57.0,65.0
006821.jpg,car,154.0,126.0,22.0,19.0
006821.jpg,car,168.0,126.0,9.0,11.0
006821.jpg,car,140.0,126.0,7.0,7.0
006821.jpg,person,15.0,141.0,17.0,68.0
006822.jpg,motorbike,112.0,113.0,150.0,219.0
006822.jpg,car,176.0,85.0,21.0,29.0
006824.jpg,chair,54.0,178.0,41.0,91.0
006824.jpg,person,114.0,98.0,114.0,191.0
006825.jpg,bird,134.0,112.0,133.0,151.0
006827.jpg,sofa,63.0,131.0,125.0,84.0
006827.jpg,sofa,181.0,116.0,86.0,60.0
006828.jpg,bottle,63.0,103.0,71.0,174.0
006829.jpg,dog,95.0,131.0,190.0,185.0
006833.jpg,sheep,157.0,170.0,134.0,108.0
006833.jpg,person,93.0,124.0,131.0,200.0
006835.jpg,bus,134.0,111.0,180.0,222.0
006835.jpg,person,158.0,114.0,132.0,220.0
006836.jpg,horse,121.0,117.0,134.0,163.0
006836.jpg,person,114.0,76.0,81.0,94.0
006838.jpg,person,164.0,123.0,121.0,200.0
006839.jpg,motorbike,109.0,109.0,193.0,202.0
006840.jpg,person,95.0,118.0,139.0,211.0
006840.jpg,person,41.0,165.0,65.0,118.0
006840.jpg,person,19.0,132.0,36.0,95.0
006841.jpg,cow,18.0,151.0,35.0,82.0
006841.jpg,cow,63.0,140.0,35.0,65.0
006841.jpg,cow,60.0,144.0,55.0,96.0
006841.jpg,cow,128.0,161.0,81.0,113.0
006841.jpg,cow,178.0,148.0,77.0,84.0
006841.jpg,person,184.0,138.0,22.0,126.0
006841.jpg,person,222.0,118.0,5.0,69.0
006842.jpg,tvmonitor,166.0,107.0,100.0,130.0
006842.jpg,tvmonitor,64.0,105.0,102.0,127.0
006844.jpg,train,130.0,102.0,181.0,79.0
006845.jpg,chair,93.0,176.0,34.0,44.0
006845.jpg,chair,124.0,145.0,18.0,26.0
006845.jpg,chair,155.0,148.0,21.0,29.0
006845.jpg,chair,169.0,150.0,22.0,22.0
006847.jpg,horse,56.0,147.0,50.0,108.0
006847.jpg,horse,131.0,128.0,94.0,127.0
006847.jpg,person,119.0,94.0,28.0,98.0
006847.jpg,person,50.0,111.0,24.0,101.0
006848.jpg,bird,88.0,143.0,106.0,58.0
006848.jpg,bird,186.0,107.0,76.0,114.0
006848.jpg,bird,185.0,122.0,78.0,77.0
006849.jpg,dog,75.0,86.0,105.0,60.0
006849.jpg,dog,165.0,117.0,118.0,94.0
006849.jpg,sofa,19.0,36.0,37.0,72.0
006850.jpg,person,76.0,82.0,103.0,129.0
006850.jpg,horse,93.0,112.0,183.0,144.0
006852.jpg,sofa,100.0,163.0,90.0,77.0
006852.jpg,chair,173.0,176.0,54.0,90.0
006852.jpg,chair,199.0,208.0,50.0,33.0
006855.jpg,bicycle,120.0,118.0,205.0,207.0
006855.jpg,person,32.0,24.0,30.0,47.0
006855.jpg,person,11.0,26.0,22.0,51.0
006858.jpg,horse,73.0,126.0,37.0,100.0
006858.jpg,person,111.0,102.0,46.0,154.0
006858.jpg,bottle,145.0,133.0,7.0,8.0
006858.jpg,car,31.0,78.0,61.0,66.0
006859.jpg,pottedplant,108.0,33.0,53.0,66.0
006859.jpg,pottedplant,179.0,112.0,91.0,223.0
006860.jpg,aeroplane,107.0,108.0,59.0,48.0
006862.jpg,horse,99.0,116.0,95.0,215.0
006862.jpg,horse,122.0,119.0,17.0,26.0
006862.jpg,person,168.0,126.0,10.0,48.0
006862.jpg,person,160.0,118.0,12.0,35.0
006862.jpg,person,142.0,157.0,16.0,104.0
006862.jpg,person,106.0,146.0,13.0,47.0
006862.jpg,person,17.0,143.0,27.0,112.0
006864.jpg,person,187.0,109.0,73.0,217.0
006864.jpg,person,138.0,97.0,64.0,186.0
006864.jpg,person,56.0,90.0,102.0,179.0
006864.jpg,person,95.0,38.0,15.0,75.0
006865.jpg,bird,76.0,102.0,127.0,182.0
006866.jpg,person,129.0,75.0,51.0,99.0
006866.jpg,horse,105.0,123.0,170.0,182.0
006866.jpg,person,52.0,88.0,16.0,27.0
006867.jpg,boat,113.0,113.0,223.0,222.0
006868.jpg,car,94.0,166.0,117.0,112.0
006868.jpg,car,10.0,157.0,18.0,88.0
006868.jpg,car,49.0,135.0,52.0,39.0
006868.jpg,car,37.0,122.0,34.0,20.0
006868.jpg,person,125.0,165.0,40.0,114.0
006869.jpg,cat,148.0,115.0,146.0,97.0
006874.jpg,motorbike,138.0,170.0,58.0,49.0
006874.jpg,boat,171.0,32.0,17.0,10.0
006874.jpg,motorbike,63.0,113.0,26.0,26.0
006874.jpg,person,102.0,207.0,22.0,35.0
006874.jpg,person,130.0,153.0,28.0,51.0
006874.jpg,person,65.0,105.0,16.0,29.0
006874.jpg,person,35.0,81.0,7.0,30.0
006874.jpg,person,150.0,52.0,5.0,15.0
006874.jpg,person,158.0,51.0,4.0,16.0
006874.jpg,person,162.0,52.0,4.0,13.0
006876.jpg,chair,61.0,102.0,27.0,69.0
006876.jpg,person,133.0,107.0,78.0,203.0
006876.jpg,cat,82.0,148.0,38.0,77.0
006878.jpg,sofa,171.0,159.0,107.0,66.0
006878.jpg,sofa,67.0,173.0,132.0,102.0
006880.jpg,bicycle,145.0,122.0,117.0,146.0
006880.jpg,person,184.0,162.0,76.0,124.0
006880.jpg,person,34.0,160.0,65.0,124.0
006880.jpg,person,83.0,62.0,48.0,116.0
006880.jpg,person,123.0,72.0,60.0,42.0
006880.jpg,person,63.0,131.0,52.0,90.0
006883.jpg,cat,77.0,114.0,71.0,71.0
006884.jpg,car,55.0,73.0,107.0,143.0
006886.jpg,chair,52.0,109.0,87.0,145.0
006886.jpg,sofa,160.0,112.0,125.0,156.0
006887.jpg,person,108.0,89.0,48.0,50.0
006887.jpg,person,53.0,136.0,53.0,137.0
006887.jpg,person,104.0,155.0,90.0,118.0
006887.jpg,person,163.0,143.0,55.0,118.0
006887.jpg,chair,37.0,154.0,62.0,111.0
006892.jpg,bottle,129.0,160.0,59.0,128.0
006892.jpg,bottle,103.0,162.0,31.0,124.0
006892.jpg,chair,80.0,107.0,14.0,29.0
006892.jpg,diningtable,66.0,150.0,103.0,29.0
006892.jpg,chair,52.0,177.0,34.0,51.0
006892.jpg,chair,18.0,146.0,26.0,27.0
006893.jpg,car,116.0,145.0,61.0,30.0
006896.jpg,person,92.0,105.0,17.0,78.0
006896.jpg,person,33.0,122.0,14.0,80.0
006896.jpg,person,23.0,123.0,19.0,67.0
006896.jpg,person,27.0,152.0,54.0,143.0
006896.jpg,person,64.0,113.0,22.0,85.0
006899.jpg,sheep,35.0,176.0,52.0,53.0
006899.jpg,sheep,83.0,163.0,45.0,53.0
006899.jpg,sheep,188.0,157.0,26.0,66.0
006900.jpg,car,219.0,80.0,9.0,54.0
006900.jpg,car,138.0,73.0,26.0,21.0
006900.jpg,car,34.0,96.0,67.0,51.0
006900.jpg,car,14.0,138.0,27.0,95.0
006900.jpg,car,129.0,136.0,181.0,130.0
006900.jpg,car,177.0,80.0,62.0,62.0
006903.jpg,person,159.0,112.0,125.0,222.0
006903.jpg,person,56.0,113.0,110.0,223.0
006903.jpg,dog,143.0,104.0,58.0,94.0
006903.jpg,dog,70.0,146.0,51.0,115.0
006908.jpg,person,90.0,139.0,177.0,171.0
006908.jpg,person,90.0,140.0,56.0,168.0
006908.jpg,person,95.0,102.0,74.0,139.0
006908.jpg,person,157.0,87.0,77.0,95.0
006908.jpg,person,159.0,131.0,86.0,185.0
006908.jpg,person,214.0,163.0,20.0,122.0
006908.jpg,bottle,34.0,147.0,13.0,63.0
006908.jpg,bottle,103.0,196.0,11.0,42.0
006908.jpg,bottle,183.0,69.0,10.0,36.0
006908.jpg,bottle,73.0,37.0,14.0,32.0
006908.jpg,bottle,109.0,95.0,9.0,28.0
006908.jpg,bottle,126.0,151.0,17.0,40.0
006908.jpg,bottle,17.0,194.0,17.0,26.0
006909.jpg,aeroplane,109.0,114.0,217.0,220.0
006910.jpg,bird,26.0,176.0,50.0,96.0
006910.jpg,bird,34.0,188.0,42.0,72.0
006910.jpg,bird,105.0,113.0,45.0,62.0
006910.jpg,bird,151.0,190.0,47.0,35.0
006910.jpg,bird,170.0,165.0,24.0,47.0
006910.jpg,person,111.0,117.0,168.0,213.0
006910.jpg,person,19.0,155.0,34.0,137.0
006911.jpg,person,116.0,85.0,44.0,105.0
006911.jpg,horse,107.0,123.0,158.0,131.0
006912.jpg,diningtable,112.0,134.0,223.0,180.0
006912.jpg,person,211.0,82.0,26.0,93.0
006912.jpg,bottle,112.0,25.0,14.0,50.0
006912.jpg,chair,21.0,65.0,41.0,40.0
006914.jpg,bird,114.0,124.0,14.0,33.0
006916.jpg,dog,179.0,135.0,90.0,172.0
006916.jpg,dog,80.0,141.0,155.0,165.0
006917.jpg,bottle,87.0,115.0,77.0,217.0
006918.jpg,car,127.0,123.0,121.0,112.0
006918.jpg,car,39.0,113.0,77.0,50.0
006919.jpg,sofa,137.0,100.0,155.0,126.0
006919.jpg,bottle,194.0,105.0,7.0,30.0
006919.jpg,person,180.0,42.0,39.0,41.0
006919.jpg,person,172.0,56.0,58.0,57.0
006919.jpg,person,152.0,99.0,65.0,114.0
006919.jpg,person,115.0,100.0,90.0,126.0
006919.jpg,person,127.0,152.0,86.0,137.0
006919.jpg,person,66.0,165.0,74.0,119.0
006919.jpg,bottle,78.0,176.0,10.0,33.0
006919.jpg,bottle,129.0,170.0,5.0,12.0
006922.jpg,aeroplane,136.0,100.0,159.0,105.0
006924.jpg,person,90.0,118.0,176.0,201.0
006930.jpg,sofa,111.0,153.0,220.0,143.0
006931.jpg,car,113.0,158.0,194.0,69.0
006931.jpg,car,17.0,118.0,33.0,19.0
006931.jpg,car,5.0,94.0,8.0,4.0
006931.jpg,car,13.0,93.0,13.0,4.0
006931.jpg,car,22.0,93.0,11.0,3.0
006931.jpg,car,79.0,93.0,35.0,9.0
006931.jpg,car,104.0,92.0,40.0,8.0
006931.jpg,car,122.0,88.0,15.0,5.0
006931.jpg,car,140.0,92.0,36.0,9.0
006931.jpg,car,163.0,92.0,28.0,10.0
006931.jpg,car,182.0,93.0,35.0,9.0
006931.jpg,car,209.0,91.0,31.0,15.0
006931.jpg,car,219.0,95.0,11.0,8.0
006932.jpg,person,156.0,185.0,33.0,78.0
006932.jpg,person,124.0,56.0,26.0,45.0
006933.jpg,horse,149.0,113.0,150.0,200.0
006933.jpg,horse,37.0,124.0,70.0,200.0
006934.jpg,person,205.0,102.0,38.0,136.0
006934.jpg,person,108.0,104.0,38.0,87.0
006934.jpg,person,77.0,151.0,65.0,133.0
006934.jpg,person,47.0,130.0,94.0,188.0
006934.jpg,person,18.0,70.0,24.0,56.0
006934.jpg,diningtable,149.0,179.0,149.0,89.0
006935.jpg,cow,115.0,122.0,219.0,203.0
006939.jpg,person,161.0,113.0,127.0,223.0
006939.jpg,person,52.0,122.0,102.0,205.0
006939.jpg,bottle,48.0,53.0,4.0,9.0
006939.jpg,bottle,51.0,67.0,6.0,37.0
006939.jpg,bottle,55.0,67.0,8.0,42.0
006939.jpg,bottle,63.0,66.0,9.0,45.0
006939.jpg,bottle,71.0,66.0,11.0,47.0
006940.jpg,dog,129.0,123.0,190.0,194.0
006943.jpg,train,97.0,113.0,85.0,128.0
006943.jpg,train,176.0,117.0,97.0,140.0
006943.jpg,person,34.0,116.0,11.0,43.0
006943.jpg,person,13.0,152.0,25.0,143.0
006944.jpg,sheep,50.0,151.0,94.0,92.0
006944.jpg,sheep,127.0,139.0,58.0,114.0
006944.jpg,sheep,185.0,148.0,72.0,124.0
006944.jpg,horse,72.0,90.0,17.0,28.0
006944.jpg,horse,54.0,87.0,15.0,22.0
006944.jpg,sheep,219.0,114.0,11.0,63.0
006945.jpg,person,59.0,142.0,104.0,164.0
006945.jpg,person,143.0,140.0,130.0,168.0
006945.jpg,person,131.0,31.0,71.0,59.0
006945.jpg,bicycle,50.0,72.0,97.0,69.0
006945.jpg,bicycle,200.0,48.0,43.0,52.0
006945.jpg,bicycle,136.0,57.0,92.0,51.0
006947.jpg,tvmonitor,130.0,128.0,124.0,159.0
006948.jpg,bottle,73.0,201.0,33.0,46.0
006948.jpg,person,153.0,113.0,142.0,222.0
006948.jpg,person,39.0,121.0,75.0,206.0
006948.jpg,person,119.0,147.0,20.0,19.0
006948.jpg,person,91.0,158.0,30.0,59.0
006949.jpg,cat,99.0,112.0,198.0,215.0
006950.jpg,person,110.0,119.0,82.0,95.0
006950.jpg,bicycle,86.0,134.0,89.0,80.0
006952.jpg,bird,93.0,112.0,43.0,40.0
006953.jpg,boat,128.0,120.0,24.0,20.0
006956.jpg,pottedplant,97.0,113.0,71.0,69.0
006956.jpg,person,186.0,111.0,76.0,173.0
006956.jpg,person,52.0,184.0,86.0,80.0
006956.jpg,person,76.0,164.0,41.0,109.0
006958.jpg,dog,108.0,110.0,61.0,18.0
006958.jpg,person,120.0,112.0,207.0,223.0
006958.jpg,diningtable,39.0,118.0,77.0,163.0
006959.jpg,person,211.0,117.0,27.0,114.0
006959.jpg,person,160.0,133.0,95.0,182.0
006959.jpg,person,73.0,112.0,145.0,223.0
006962.jpg,dog,184.0,143.0,51.0,53.0
006963.jpg,cat,149.0,178.0,84.0,51.0
006963.jpg,person,60.0,105.0,56.0,95.0
006963.jpg,person,133.0,109.0,36.0,60.0
006963.jpg,chair,184.0,112.0,79.0,223.0
006963.jpg,sofa,136.0,99.0,29.0,45.0
006965.jpg,boat,90.0,90.0,37.0,100.0
006965.jpg,boat,169.0,172.0,110.0,103.0
006965.jpg,person,145.0,172.0,95.0,102.0
006965.jpg,person,101.0,115.0,14.0,19.0
006965.jpg,person,81.0,116.0,8.0,16.0
006965.jpg,person,90.0,118.0,8.0,16.0
006966.jpg,motorbike,76.0,151.0,98.0,119.0
006968.jpg,sofa,162.0,138.0,123.0,84.0
006968.jpg,dog,95.0,168.0,49.0,80.0
006968.jpg,person,65.0,105.0,51.0,146.0
006968.jpg,person,143.0,118.0,52.0,91.0
006971.jpg,cat,112.0,112.0,224.0,223.0
006972.jpg,diningtable,112.0,153.0,223.0,143.0
006972.jpg,chair,35.0,72.0,40.0,41.0
006972.jpg,chair,196.0,93.0,56.0,93.0
006972.jpg,chair,167.0,87.0,41.0,59.0
006976.jpg,chair,132.0,165.0,166.0,116.0
006976.jpg,cat,165.0,140.0,42.0,32.0
006976.jpg,cat,111.0,146.0,75.0,32.0
006981.jpg,person,98.0,110.0,31.0,107.0
006983.jpg,boat,138.0,167.0,88.0,114.0
006983.jpg,person,111.0,90.0,34.0,54.0
006987.jpg,tvmonitor,200.0,65.0,26.0,30.0
006987.jpg,person,155.0,73.0,80.0,128.0
006987.jpg,person,93.0,85.0,47.0,96.0
006988.jpg,car,101.0,125.0,146.0,162.0
006988.jpg,person,46.0,85.0,22.0,17.0
006989.jpg,cat,150.0,140.0,146.0,167.0
006989.jpg,person,46.0,113.0,90.0,222.0
006990.jpg,bicycle,161.0,156.0,62.0,59.0
006990.jpg,person,155.0,134.0,21.0,100.0
006994.jpg,dog,114.0,100.0,206.0,198.0
006995.jpg,chair,130.0,153.0,43.0,99.0
007002.jpg,bus,177.0,175.0,94.0,87.0
007003.jpg,bus,115.0,150.0,62.0,42.0
007003.jpg,car,19.0,173.0,37.0,57.0
007003.jpg,car,61.0,188.0,88.0,71.0
007003.jpg,car,114.0,185.0,52.0,64.0
007003.jpg,car,201.0,192.0,47.0,55.0
007004.jpg,bicycle,56.0,167.0,22.0,49.0
007004.jpg,person,56.0,151.0,22.0,61.0
007004.jpg,car,175.0,145.0,65.0,44.0
007004.jpg,car,80.0,125.0,17.0,15.0
007004.jpg,car,49.0,121.0,9.0,8.0
007004.jpg,car,32.0,119.0,6.0,6.0
007006.jpg,diningtable,112.0,169.0,223.0,109.0
007006.jpg,chair,98.0,185.0,67.0,76.0
007006.jpg,chair,150.0,182.0,50.0,85.0
007006.jpg,chair,193.0,176.0,56.0,91.0
007006.jpg,chair,50.0,131.0,32.0,35.0
007006.jpg,chair,85.0,125.0,26.0,26.0
007006.jpg,chair,108.0,120.0,20.0,28.0
007006.jpg,chair,153.0,116.0,15.0,24.0
007006.jpg,chair,174.0,113.0,13.0,22.0
007006.jpg,chair,189.0,111.0,10.0,15.0
007007.jpg,person,90.0,173.0,80.0,102.0
007007.jpg,person,67.0,85.0,133.0,167.0
007007.jpg,diningtable,166.0,168.0,116.0,111.0
007007.jpg,diningtable,198.0,95.0,51.0,49.0
007007.jpg,bottle,93.0,62.0,9.0,30.0
007008.jpg,cow,107.0,114.0,207.0,202.0
007008.jpg,cow,173.0,151.0,84.0,132.0
007009.jpg,motorbike,118.0,83.0,211.0,164.0
007011.jpg,dog,53.0,125.0,105.0,195.0
007016.jpg,person,92.0,128.0,35.0,159.0
007016.jpg,person,130.0,84.0,39.0,69.0
007016.jpg,person,177.0,105.0,31.0,137.0
007018.jpg,horse,131.0,112.0,119.0,199.0
007020.jpg,person,55.0,136.0,45.0,114.0
007021.jpg,chair,69.0,44.0,49.0,65.0
007021.jpg,chair,150.0,56.0,56.0,72.0
007021.jpg,bottle,131.0,65.0,11.0,68.0
007021.jpg,bottle,144.0,67.0,15.0,68.0
007021.jpg,diningtable,108.0,144.0,214.0,156.0
007022.jpg,bird,92.0,94.0,54.0,53.0
007023.jpg,tvmonitor,112.0,101.0,84.0,55.0
007023.jpg,chair,190.0,156.0,68.0,64.0
007023.jpg,chair,220.0,153.0,8.0,50.0
007023.jpg,person,190.0,86.0,67.0,166.0
007023.jpg,person,110.0,141.0,95.0,75.0
007023.jpg,person,39.0,139.0,76.0,169.0
007025.jpg,cat,116.0,126.0,162.0,195.0
007029.jpg,bicycle,195.0,135.0,57.0,116.0
007031.jpg,person,42.0,129.0,83.0,181.0
007031.jpg,person,189.0,131.0,65.0,154.0
007033.jpg,aeroplane,112.0,113.0,224.0,222.0
007035.jpg,horse,132.0,122.0,111.0,131.0
007035.jpg,person,147.0,67.0,41.0,76.0
007035.jpg,person,34.0,97.0,67.0,192.0
007036.jpg,person,196.0,167.0,56.0,114.0
007036.jpg,person,152.0,169.0,47.0,111.0
007036.jpg,person,109.0,167.0,43.0,114.0
007036.jpg,person,62.0,167.0,64.0,112.0
007038.jpg,cat,82.0,129.0,134.0,188.0
007039.jpg,tvmonitor,99.0,90.0,90.0,111.0
007040.jpg,person,124.0,125.0,51.0,69.0
007040.jpg,car,134.0,49.0,129.0,64.0
007042.jpg,sofa,103.0,149.0,88.0,58.0
007042.jpg,diningtable,176.0,179.0,95.0,90.0
007042.jpg,chair,151.0,174.0,65.0,99.0
007042.jpg,chair,203.0,180.0,41.0,87.0
007042.jpg,chair,162.0,163.0,26.0,94.0
007042.jpg,chair,220.0,129.0,9.0,26.0
007045.jpg,person,157.0,127.0,102.0,112.0
007045.jpg,cow,114.0,138.0,114.0,54.0
007045.jpg,cow,30.0,116.0,58.0,41.0
007045.jpg,cow,44.0,42.0,13.0,5.0
007045.jpg,cow,175.0,45.0,12.0,6.0
007046.jpg,chair,108.0,148.0,152.0,152.0
007046.jpg,person,115.0,146.0,139.0,155.0
007048.jpg,sheep,163.0,128.0,122.0,181.0
007048.jpg,sheep,73.0,106.0,73.0,136.0
007048.jpg,bottle,46.0,65.0,24.0,74.0
007048.jpg,person,205.0,21.0,24.0,41.0
007048.jpg,person,165.0,24.0,52.0,47.0
007048.jpg,person,79.0,20.0,56.0,39.0
007048.jpg,person,30.0,111.0,59.0,221.0
007049.jpg,aeroplane,111.0,113.0,220.0,222.0
007049.jpg,aeroplane,96.0,32.0,27.0,20.0
007049.jpg,person,28.0,116.0,56.0,216.0
007050.jpg,cat,100.0,143.0,78.0,161.0
007052.jpg,boat,116.0,79.0,179.0,151.0
007052.jpg,person,52.0,107.0,10.0,39.0
007052.jpg,person,63.0,113.0,9.0,27.0
007054.jpg,person,117.0,115.0,214.0,218.0
007056.jpg,bottle,112.0,112.0,223.0,224.0
007058.jpg,car,106.0,151.0,211.0,136.0
007059.jpg,person,106.0,126.0,24.0,59.0
007059.jpg,person,142.0,126.0,11.0,63.0
007059.jpg,person,216.0,127.0,16.0,90.0
007059.jpg,person,197.0,131.0,14.0,69.0
007059.jpg,person,188.0,132.0,22.0,75.0
007059.jpg,person,179.0,132.0,9.0,60.0
007059.jpg,person,163.0,128.0,14.0,57.0
007059.jpg,person,131.0,128.0,13.0,57.0
007059.jpg,person,167.0,124.0,11.0,62.0
007059.jpg,person,152.0,127.0,14.0,59.0
007062.jpg,bicycle,98.0,123.0,195.0,202.0
007064.jpg,diningtable,139.0,190.0,137.0,68.0
007064.jpg,chair,60.0,194.0,27.0,60.0
007064.jpg,chair,186.0,201.0,51.0,46.0
007064.jpg,chair,216.0,196.0,16.0,56.0
007064.jpg,chair,186.0,177.0,44.0,83.0
007064.jpg,chair,112.0,151.0,26.0,38.0
007064.jpg,chair,91.0,180.0,49.0,88.0
007064.jpg,chair,41.0,134.0,40.0,57.0
007064.jpg,sofa,95.0,131.0,58.0,45.0
007065.jpg,bird,123.0,123.0,97.0,167.0
007068.jpg,car,112.0,178.0,222.0,92.0
007068.jpg,car,113.0,112.0,222.0,83.0
007068.jpg,car,113.0,66.0,223.0,34.0
007068.jpg,car,123.0,46.0,203.0,26.0
007068.jpg,car,126.0,37.0,173.0,32.0
007068.jpg,car,130.0,22.0,142.0,23.0
007068.jpg,car,131.0,14.0,129.0,20.0
007068.jpg,car,125.0,6.0,112.0,9.0
007070.jpg,dog,134.0,100.0,149.0,196.0
007071.jpg,cat,81.0,113.0,161.0,223.0
007072.jpg,cow,89.0,119.0,176.0,207.0
007073.jpg,motorbike,112.0,118.0,222.0,177.0
007073.jpg,person,83.0,110.0,141.0,199.0
007074.jpg,bus,115.0,118.0,200.0,129.0
007074.jpg,car,12.0,136.0,11.0,13.0
007074.jpg,car,10.0,133.0,13.0,13.0
007075.jpg,cow,34.0,104.0,68.0,90.0
007075.jpg,cow,91.0,137.0,64.0,145.0
007077.jpg,chair,44.0,199.0,49.0,51.0
007077.jpg,chair,97.0,200.0,56.0,49.0
007077.jpg,chair,142.0,201.0,56.0,46.0
007077.jpg,chair,188.0,201.0,35.0,45.0
007078.jpg,pottedplant,22.0,89.0,14.0,26.0
007078.jpg,pottedplant,64.0,82.0,9.0,16.0
007078.jpg,chair,140.0,102.0,55.0,54.0
007078.jpg,sofa,193.0,156.0,63.0,130.0
007079.jpg,person,89.0,70.0,49.0,80.0
007080.jpg,person,108.0,109.0,122.0,216.0
007084.jpg,bird,122.0,127.0,104.0,123.0
007086.jpg,aeroplane,115.0,120.0,218.0,117.0
007088.jpg,aeroplane,144.0,147.0,122.0,79.0
007089.jpg,dog,114.0,99.0,190.0,141.0
007090.jpg,car,89.0,170.0,110.0,97.0
007092.jpg,bird,128.0,128.0,190.0,174.0
007093.jpg,person,89.0,111.0,111.0,134.0
007093.jpg,chair,68.0,167.0,74.0,114.0
007093.jpg,chair,163.0,165.0,72.0,117.0
007095.jpg,bus,149.0,125.0,95.0,96.0
007097.jpg,aeroplane,101.0,128.0,175.0,80.0
007100.jpg,tvmonitor,15.0,105.0,29.0,125.0
007100.jpg,tvmonitor,119.0,104.0,177.0,154.0
007101.jpg,train,108.0,120.0,126.0,137.0
007104.jpg,bottle,118.0,112.0,145.0,198.0
007105.jpg,sofa,113.0,163.0,222.0,121.0
007108.jpg,bicycle,205.0,160.0,39.0,66.0
007108.jpg,bicycle,141.0,148.0,51.0,60.0
007108.jpg,bicycle,153.0,148.0,52.0,56.0
007108.jpg,bicycle,94.0,143.0,45.0,59.0
007108.jpg,bicycle,80.0,126.0,38.0,45.0
007108.jpg,bicycle,47.0,121.0,40.0,59.0
007108.jpg,bicycle,12.0,104.0,22.0,44.0
007108.jpg,person,11.0,81.0,22.0,56.0
007108.jpg,person,52.0,99.0,30.0,72.0
007108.jpg,person,79.0,101.0,23.0,53.0
007108.jpg,person,100.0,119.0,31.0,72.0
007108.jpg,person,143.0,121.0,34.0,64.0
007108.jpg,person,159.0,123.0,32.0,69.0
007108.jpg,person,211.0,144.0,26.0,74.0
007108.jpg,person,152.0,31.0,14.0,29.0
007108.jpg,person,135.0,30.0,15.0,25.0
007108.jpg,person,114.0,25.0,16.0,28.0
007109.jpg,horse,146.0,113.0,157.0,223.0
007109.jpg,person,47.0,136.0,94.0,175.0
007113.jpg,tvmonitor,197.0,112.0,55.0,42.0
007114.jpg,sofa,95.0,136.0,188.0,176.0
007114.jpg,person,139.0,119.0,78.0,209.0
007114.jpg,person,70.0,159.0,95.0,129.0
007117.jpg,bottle,194.0,203.0,20.0,42.0
007117.jpg,chair,212.0,190.0,22.0,66.0
007117.jpg,chair,189.0,183.0,66.0,80.0
007117.jpg,chair,193.0,139.0,39.0,21.0
007117.jpg,chair,179.0,136.0,33.0,22.0
007117.jpg,chair,168.0,130.0,26.0,15.0
007117.jpg,person,117.0,151.0,120.0,146.0
007117.jpg,person,66.0,116.0,11.0,30.0
007117.jpg,person,73.0,115.0,16.0,34.0
007121.jpg,bottle,187.0,196.0,73.0,56.0
007121.jpg,person,112.0,95.0,94.0,116.0
007121.jpg,person,95.0,148.0,189.0,153.0
007122.jpg,person,162.0,136.0,123.0,177.0
007122.jpg,person,57.0,131.0,112.0,186.0
007123.jpg,train,82.0,133.0,87.0,104.0
007125.jpg,boat,120.0,104.0,132.0,191.0
007128.jpg,person,166.0,128.0,116.0,191.0
007128.jpg,person,82.0,129.0,90.0,190.0
007128.jpg,person,210.0,80.0,29.0,60.0
007128.jpg,person,182.0,80.0,27.0,44.0
007128.jpg,person,42.0,83.0,29.0,51.0
007129.jpg,dog,73.0,139.0,73.0,171.0
007129.jpg,person,136.0,115.0,105.0,219.0
007130.jpg,tvmonitor,67.0,85.0,39.0,55.0
007130.jpg,tvmonitor,116.0,71.0,33.0,46.0
007130.jpg,pottedplant,186.0,84.0,54.0,37.0
007132.jpg,train,62.0,137.0,26.0,43.0
007132.jpg,train,155.0,96.0,138.0,163.0
007133.jpg,car,113.0,108.0,222.0,117.0
007133.jpg,car,56.0,73.0,88.0,26.0
007133.jpg,car,119.0,76.0,96.0,11.0
007138.jpg,person,55.0,127.0,101.0,180.0
007138.jpg,horse,96.0,133.0,191.0,182.0
007139.jpg,boat,138.0,67.0,95.0,103.0
007139.jpg,person,190.0,161.0,15.0,43.0
007140.jpg,bicycle,129.0,125.0,190.0,131.0
007140.jpg,person,136.0,149.0,171.0,151.0
007141.jpg,bottle,143.0,118.0,9.0,27.0
007141.jpg,bottle,26.0,144.0,16.0,75.0
007141.jpg,bottle,11.0,135.0,16.0,79.0
007144.jpg,bus,113.0,88.0,223.0,146.0
007146.jpg,bird,131.0,123.0,151.0,194.0
007147.jpg,person,124.0,152.0,77.0,144.0
007147.jpg,person,9.0,114.0,15.0,26.0
007148.jpg,person,101.0,119.0,170.0,209.0
007148.jpg,person,183.0,128.0,81.0,191.0
007149.jpg,dog,109.0,113.0,202.0,222.0
007150.jpg,person,22.0,139.0,43.0,164.0
007150.jpg,person,174.0,132.0,99.0,183.0
007150.jpg,person,128.0,105.0,55.0,121.0
007150.jpg,motorbike,129.0,170.0,188.0,107.0
007152.jpg,aeroplane,27.0,53.0,28.0,46.0
007152.jpg,aeroplane,35.0,122.0,29.0,41.0
007152.jpg,aeroplane,43.0,180.0,28.0,40.0
007152.jpg,aeroplane,99.0,117.0,30.0,42.0
007152.jpg,aeroplane,88.0,42.0,29.0,45.0
007152.jpg,aeroplane,192.0,33.0,29.0,46.0
007153.jpg,cow,122.0,132.0,40.0,66.0
007153.jpg,person,151.0,90.0,15.0,45.0
007153.jpg,car,8.0,76.0,15.0,38.0
007154.jpg,person,98.0,118.0,115.0,211.0
007159.jpg,car,209.0,108.0,29.0,35.0
007159.jpg,person,72.0,131.0,14.0,76.0
007159.jpg,person,23.0,132.0,14.0,81.0
007162.jpg,sofa,114.0,100.0,220.0,145.0
007163.jpg,person,107.0,147.0,55.0,155.0
007163.jpg,person,63.0,145.0,74.0,159.0
007163.jpg,horse,147.0,177.0,152.0,93.0
007163.jpg,horse,106.0,98.0,48.0,43.0
007165.jpg,sheep,164.0,186.0,121.0,77.0
007165.jpg,sheep,129.0,175.0,64.0,45.0
007166.jpg,dog,118.0,117.0,150.0,118.0
007166.jpg,dog,113.0,97.0,223.0,112.0
007166.jpg,tvmonitor,165.0,54.0,96.0,59.0
007167.jpg,car,80.0,95.0,151.0,72.0
007167.jpg,car,123.0,123.0,201.0,119.0
007167.jpg,person,163.0,85.0,22.0,34.0
007167.jpg,person,95.0,75.0,12.0,15.0
007168.jpg,train,125.0,118.0,194.0,144.0
007172.jpg,bicycle,105.0,192.0,81.0,65.0
007172.jpg,bicycle,170.0,138.0,46.0,87.0
007172.jpg,bicycle,216.0,150.0,17.0,55.0
007172.jpg,bicycle,128.0,137.0,12.0,43.0
007172.jpg,person,71.0,81.0,18.0,44.0
007172.jpg,person,103.0,123.0,99.0,203.0
007172.jpg,person,174.0,103.0,40.0,130.0
007172.jpg,person,215.0,110.0,17.0,79.0
007174.jpg,motorbike,125.0,153.0,37.0,57.0
007177.jpg,diningtable,114.0,155.0,221.0,137.0
007177.jpg,bottle,84.0,87.0,15.0,39.0
007177.jpg,chair,207.0,120.0,35.0,69.0
007180.jpg,sofa,139.0,183.0,171.0,82.0
007180.jpg,cat,174.0,196.0,30.0,21.0
007180.jpg,pottedplant,68.0,50.0,29.0,24.0
007180.jpg,pottedplant,41.0,53.0,23.0,19.0
007180.jpg,pottedplant,16.0,56.0,29.0,12.0
007180.jpg,chair,103.0,137.0,35.0,21.0
007182.jpg,person,147.0,125.0,154.0,198.0
007182.jpg,person,42.0,103.0,83.0,206.0
007184.jpg,person,85.0,182.0,89.0,84.0
007184.jpg,person,193.0,187.0,58.0,73.0
007184.jpg,person,33.0,197.0,38.0,54.0
007184.jpg,person,139.0,195.0,23.0,37.0
007184.jpg,person,214.0,84.0,20.0,47.0
007184.jpg,person,189.0,125.0,14.0,13.0
007185.jpg,horse,133.0,113.0,129.0,223.0
007187.jpg,sofa,98.0,136.0,183.0,95.0
007187.jpg,person,54.0,103.0,106.0,62.0
007187.jpg,person,168.0,102.0,88.0,62.0
007187.jpg,person,112.0,130.0,87.0,139.0
007189.jpg,tvmonitor,112.0,70.0,45.0,60.0
007189.jpg,person,170.0,162.0,98.0,124.0
007191.jpg,diningtable,118.0,204.0,154.0,39.0
007191.jpg,bottle,33.0,110.0,6.0,17.0
007191.jpg,bottle,123.0,182.0,13.0,57.0
007191.jpg,bottle,138.0,208.0,8.0,32.0
007191.jpg,bottle,127.0,206.0,8.0,36.0
007191.jpg,diningtable,44.0,140.0,48.0,53.0
007191.jpg,chair,54.0,143.0,27.0,56.0
007191.jpg,chair,22.0,145.0,33.0,55.0
007191.jpg,chair,197.0,195.0,48.0,59.0
007191.jpg,chair,82.0,178.0,45.0,38.0
007191.jpg,chair,66.0,131.0,12.0,49.0
007191.jpg,chair,9.0,170.0,14.0,77.0
007193.jpg,sofa,133.0,139.0,183.0,169.0
007194.jpg,bird,13.0,92.0,25.0,42.0
007194.jpg,bird,34.0,134.0,19.0,27.0
007194.jpg,bird,45.0,128.0,34.0,38.0
007194.jpg,bird,64.0,134.0,37.0,50.0
007194.jpg,bird,88.0,129.0,22.0,51.0
007194.jpg,bird,176.0,100.0,11.0,27.0
007194.jpg,bird,172.0,115.0,36.0,40.0
007197.jpg,cat,102.0,131.0,122.0,186.0
007200.jpg,motorbike,110.0,120.0,179.0,159.0
007200.jpg,person,200.0,79.0,47.0,156.0
007204.jpg,cat,180.0,48.0,88.0,93.0
007204.jpg,cat,107.0,112.0,169.0,221.0
007205.jpg,car,74.0,110.0,32.0,42.0
007205.jpg,car,95.0,109.0,10.0,15.0
007205.jpg,car,34.0,153.0,59.0,82.0
007208.jpg,person,93.0,146.0,98.0,156.0
007208.jpg,person,167.0,113.0,113.0,223.0
007208.jpg,car,42.0,20.0,82.0,39.0
007210.jpg,tvmonitor,113.0,47.0,145.0,93.0
007211.jpg,motorbike,123.0,162.0,108.0,118.0
007212.jpg,dog,132.0,114.0,135.0,217.0
007212.jpg,chair,198.0,113.0,51.0,223.0
007212.jpg,chair,39.0,126.0,76.0,195.0
007213.jpg,chair,115.0,88.0,13.0,6.0
007213.jpg,chair,161.0,89.0,8.0,13.0
007213.jpg,chair,155.0,96.0,11.0,22.0
007213.jpg,chair,136.0,119.0,33.0,51.0
007213.jpg,chair,110.0,99.0,19.0,8.0
007213.jpg,diningtable,148.0,186.0,152.0,75.0
007213.jpg,person,58.0,123.0,95.0,202.0
007213.jpg,person,192.0,97.0,63.0,105.0
007214.jpg,dog,43.0,189.0,50.0,63.0
007214.jpg,person,88.0,141.0,75.0,164.0
007214.jpg,person,155.0,135.0,91.0,176.0
007215.jpg,cow,119.0,138.0,149.0,173.0
007216.jpg,horse,149.0,157.0,24.0,51.0
007216.jpg,person,148.0,136.0,38.0,39.0
007217.jpg,sheep,152.0,167.0,31.0,109.0
007217.jpg,sheep,117.0,127.0,21.0,75.0
007217.jpg,sheep,124.0,57.0,12.0,31.0
007217.jpg,sheep,98.0,50.0,10.0,22.0
007217.jpg,sheep,187.0,97.0,52.0,63.0
007217.jpg,sheep,67.0,177.0,82.0,94.0
007217.jpg,sheep,75.0,135.0,75.0,82.0
007217.jpg,sheep,89.0,99.0,27.0,19.0
007217.jpg,sheep,41.0,128.0,45.0,74.0
007217.jpg,sheep,23.0,99.0,44.0,72.0
007217.jpg,sheep,179.0,123.0,49.0,78.0
007219.jpg,tvmonitor,109.0,103.0,59.0,39.0
007219.jpg,chair,67.0,188.0,133.0,72.0
007222.jpg,train,187.0,109.0,65.0,87.0
007222.jpg,train,128.0,107.0,61.0,85.0
007222.jpg,train,28.0,103.0,56.0,61.0
007223.jpg,cat,84.0,112.0,164.0,223.0
007224.jpg,train,97.0,111.0,66.0,77.0
007227.jpg,sofa,112.0,129.0,222.0,191.0
007227.jpg,person,103.0,120.0,199.0,208.0
007230.jpg,sheep,140.0,125.0,43.0,102.0
007230.jpg,sheep,84.0,89.0,49.0,85.0
007234.jpg,horse,108.0,117.0,97.0,161.0
007234.jpg,person,105.0,74.0,52.0,99.0
007236.jpg,bus,113.0,104.0,65.0,153.0
007236.jpg,person,89.0,145.0,17.0,67.0
007236.jpg,person,212.0,102.0,8.0,27.0
007236.jpg,person,198.0,93.0,8.0,21.0
007236.jpg,person,71.0,83.0,6.0,19.0
007236.jpg,person,38.0,99.0,9.0,28.0
007241.jpg,bus,109.0,130.0,211.0,176.0
007243.jpg,horse,84.0,124.0,165.0,197.0
007243.jpg,person,74.0,150.0,91.0,145.0
007243.jpg,person,136.0,165.0,50.0,117.0
007244.jpg,person,114.0,122.0,139.0,204.0
007244.jpg,bicycle,114.0,193.0,209.0,62.0
007245.jpg,dog,149.0,130.0,151.0,119.0
007245.jpg,dog,101.0,113.0,199.0,195.0
007247.jpg,car,133.0,115.0,177.0,118.0
007247.jpg,car,213.0,162.0,22.0,57.0
007249.jpg,cat,95.0,119.0,125.0,174.0
007250.jpg,bottle,133.0,187.0,13.0,69.0
007250.jpg,tvmonitor,101.0,66.0,92.0,106.0
007256.jpg,bicycle,166.0,143.0,42.0,59.0
007256.jpg,person,180.0,129.0,37.0,101.0
007256.jpg,person,60.0,108.0,31.0,122.0
007258.jpg,sofa,112.0,119.0,218.0,199.0
007259.jpg,chair,113.0,118.0,212.0,212.0
007260.jpg,horse,114.0,141.0,161.0,134.0
007260.jpg,person,110.0,87.0,63.0,108.0
007261.jpg,car,48.0,162.0,94.0,63.0
007261.jpg,car,170.0,172.0,108.0,86.0
007261.jpg,person,199.0,132.0,51.0,183.0
007263.jpg,tvmonitor,133.0,109.0,19.0,26.0
007263.jpg,chair,46.0,137.0,52.0,74.0
007263.jpg,sofa,144.0,167.0,147.0,94.0
007266.jpg,chair,39.0,134.0,77.0,146.0
007266.jpg,person,180.0,122.0,69.0,141.0
007266.jpg,person,98.0,122.0,96.0,137.0
007266.jpg,chair,118.0,206.0,102.0,36.0
007266.jpg,diningtable,121.0,183.0,206.0,82.0
007270.jpg,car,90.0,143.0,65.0,70.0
007270.jpg,person,206.0,100.0,14.0,51.0
007270.jpg,car,178.0,103.0,43.0,18.0
007271.jpg,bus,90.0,119.0,135.0,83.0
007271.jpg,person,188.0,131.0,6.0,18.0
007271.jpg,person,51.0,148.0,21.0,40.0
007271.jpg,motorbike,49.0,160.0,46.0,39.0
007274.jpg,aeroplane,112.0,127.0,222.0,107.0
007275.jpg,sofa,112.0,139.0,223.0,144.0
007276.jpg,train,145.0,109.0,46.0,84.0
007276.jpg,person,211.0,157.0,6.0,29.0
007279.jpg,bus,151.0,134.0,145.0,179.0
007279.jpg,car,47.0,203.0,45.0,28.0
007279.jpg,car,11.0,210.0,18.0,10.0
007280.jpg,aeroplane,123.0,94.0,64.0,50.0
007280.jpg,aeroplane,95.0,106.0,62.0,50.0
007283.jpg,bicycle,59.0,113.0,99.0,78.0
007283.jpg,bicycle,162.0,111.0,106.0,83.0
007283.jpg,car,121.0,38.0,30.0,16.0
007284.jpg,car,104.0,94.0,138.0,91.0
007284.jpg,person,93.0,69.0,9.0,17.0
007285.jpg,car,113.0,122.0,223.0,205.0
007289.jpg,boat,36.0,74.0,71.0,46.0
007289.jpg,boat,104.0,132.0,182.0,134.0
007292.jpg,aeroplane,112.0,121.0,224.0,153.0
007292.jpg,person,219.0,194.0,9.0,19.0
007294.jpg,car,141.0,152.0,41.0,57.0
007295.jpg,cat,116.0,128.0,125.0,87.0
007296.jpg,bird,114.0,65.0,57.0,53.0
007296.jpg,person,110.0,157.0,93.0,135.0
007296.jpg,person,191.0,196.0,28.0,56.0
007296.jpg,person,43.0,178.0,9.0,17.0
007296.jpg,person,56.0,174.0,6.0,15.0
007296.jpg,person,173.0,211.0,9.0,17.0
007297.jpg,aeroplane,109.0,97.0,176.0,101.0
007298.jpg,bus,63.0,111.0,123.0,221.0
007298.jpg,person,140.0,138.0,19.0,94.0
007298.jpg,person,109.0,134.0,23.0,90.0
007299.jpg,bird,62.0,144.0,26.0,59.0
007299.jpg,bird,115.0,129.0,20.0,29.0
007299.jpg,bird,146.0,155.0,22.0,41.0
007300.jpg,bird,138.0,128.0,71.0,111.0
007300.jpg,bird,28.0,108.0,32.0,31.0
007300.jpg,bird,91.0,113.0,15.0,26.0
007300.jpg,bird,209.0,25.0,17.0,22.0
007300.jpg,bird,213.0,39.0,22.0,25.0
007302.jpg,sofa,151.0,139.0,114.0,108.0
007302.jpg,pottedplant,25.0,77.0,34.0,53.0
007305.jpg,motorbike,181.0,99.0,54.0,46.0
007305.jpg,motorbike,61.0,124.0,69.0,67.0
007305.jpg,person,71.0,117.0,27.0,82.0
007305.jpg,person,189.0,91.0,21.0,67.0
007305.jpg,car,209.0,55.0,21.0,23.0
007305.jpg,car,185.0,59.0,18.0,17.0
007305.jpg,car,169.0,55.0,27.0,26.0
007305.jpg,car,146.0,57.0,20.0,24.0
007305.jpg,car,127.0,58.0,19.0,21.0
007305.jpg,car,108.0,59.0,20.0,21.0
007305.jpg,motorbike,72.0,63.0,13.0,13.0
007305.jpg,car,60.0,61.0,27.0,20.0
007305.jpg,car,36.0,63.0,25.0,15.0
007305.jpg,car,21.0,63.0,22.0,16.0
007305.jpg,car,9.0,63.0,17.0,17.0
007308.jpg,horse,92.0,125.0,164.0,185.0
007308.jpg,person,95.0,81.0,82.0,97.0
007308.jpg,horse,145.0,163.0,54.0,57.0
007308.jpg,person,133.0,146.0,41.0,40.0
007311.jpg,chair,123.0,159.0,66.0,115.0
007311.jpg,chair,157.0,122.0,26.0,48.0
007311.jpg,chair,12.0,176.0,21.0,95.0
007314.jpg,motorbike,123.0,131.0,49.0,129.0
007314.jpg,motorbike,157.0,106.0,19.0,59.0
007314.jpg,motorbike,182.0,125.0,46.0,69.0
007314.jpg,person,214.0,103.0,18.0,62.0
007314.jpg,person,50.0,145.0,60.0,137.0
007314.jpg,person,78.0,107.0,26.0,114.0
007314.jpg,person,177.0,124.0,47.0,183.0
007314.jpg,person,100.0,105.0,22.0,113.0
007314.jpg,person,120.0,115.0,46.0,121.0
007318.jpg,person,15.0,35.0,11.0,42.0
007322.jpg,dog,106.0,105.0,112.0,205.0
007323.jpg,bottle,112.0,111.0,218.0,222.0
007325.jpg,horse,109.0,164.0,109.0,119.0
007325.jpg,person,106.0,97.0,26.0,116.0
007325.jpg,person,33.0,72.0,28.0,118.0
007325.jpg,person,15.0,38.0,23.0,75.0
007325.jpg,person,94.0,26.0,31.0,50.0
007325.jpg,person,126.0,57.0,22.0,102.0
007325.jpg,person,151.0,85.0,33.0,75.0
007325.jpg,person,148.0,55.0,23.0,62.0
007325.jpg,person,161.0,42.0,14.0,38.0
007325.jpg,person,175.0,82.0,28.0,79.0
007325.jpg,person,188.0,58.0,27.0,72.0
007325.jpg,person,205.0,59.0,28.0,66.0
007327.jpg,chair,190.0,179.0,27.0,48.0
007327.jpg,chair,148.0,180.0,28.0,54.0
007327.jpg,chair,159.0,149.0,22.0,19.0
007327.jpg,chair,74.0,157.0,19.0,33.0
007327.jpg,chair,109.0,162.0,22.0,38.0
007327.jpg,chair,125.0,155.0,14.0,36.0
007327.jpg,bicycle,182.0,135.0,18.0,16.0
007327.jpg,bicycle,125.0,139.0,29.0,24.0
007327.jpg,chair,11.0,154.0,16.0,26.0
007327.jpg,chair,67.0,143.0,12.0,23.0
007327.jpg,chair,77.0,139.0,10.0,24.0
007327.jpg,chair,59.0,137.0,9.0,22.0
007329.jpg,cat,117.0,112.0,214.0,215.0
007330.jpg,person,137.0,112.0,163.0,206.0
007334.jpg,cat,121.0,96.0,159.0,164.0
007336.jpg,person,58.0,148.0,62.0,127.0
007336.jpg,person,165.0,153.0,59.0,123.0
007343.jpg,cat,118.0,112.0,211.0,223.0
007344.jpg,cat,124.0,120.0,151.0,175.0
007344.jpg,pottedplant,64.0,22.0,49.0,42.0
007344.jpg,pottedplant,116.0,30.0,41.0,59.0
007344.jpg,pottedplant,164.0,37.0,73.0,71.0
007344.jpg,pottedplant,207.0,37.0,34.0,70.0
007346.jpg,bus,75.0,77.0,149.0,152.0
007346.jpg,car,167.0,90.0,15.0,15.0
007346.jpg,person,215.0,118.0,18.0,86.0
007346.jpg,person,198.0,111.0,20.0,63.0
007346.jpg,person,180.0,110.0,17.0,64.0
007346.jpg,person,156.0,107.0,10.0,41.0
007346.jpg,person,141.0,105.0,13.0,46.0
007350.jpg,diningtable,158.0,184.0,112.0,79.0
007350.jpg,diningtable,43.0,163.0,83.0,82.0
007350.jpg,chair,53.0,121.0,25.0,16.0
007350.jpg,chair,59.0,157.0,33.0,54.0
007350.jpg,chair,102.0,175.0,38.0,67.0
007350.jpg,chair,141.0,147.0,24.0,37.0
007350.jpg,person,97.0,135.0,35.0,177.0
007350.jpg,person,131.0,114.0,33.0,121.0
007351.jpg,bottle,56.0,101.0,18.0,78.0
007351.jpg,bottle,80.0,125.0,10.0,40.0
007356.jpg,bicycle,110.0,130.0,180.0,178.0
007356.jpg,pottedplant,200.0,67.0,13.0,34.0
007359.jpg,tvmonitor,196.0,79.0,57.0,74.0
007359.jpg,person,78.0,122.0,149.0,205.0
007361.jpg,train,91.0,161.0,117.0,12.0
007361.jpg,boat,135.0,194.0,36.0,15.0
007363.jpg,car,101.0,128.0,173.0,117.0
007365.jpg,boat,21.0,66.0,31.0,71.0
007365.jpg,boat,139.0,84.0,11.0,31.0
007365.jpg,boat,84.0,79.0,12.0,46.0
007365.jpg,boat,112.0,83.0,11.0,26.0
007365.jpg,boat,125.0,82.0,14.0,29.0
007369.jpg,chair,67.0,108.0,92.0,177.0
007369.jpg,person,113.0,87.0,74.0,173.0
007369.jpg,person,34.0,112.0,68.0,222.0
007369.jpg,person,192.0,80.0,35.0,111.0
007370.jpg,bottle,112.0,112.0,182.0,224.0
007372.jpg,aeroplane,133.0,127.0,182.0,37.0
007373.jpg,diningtable,111.0,165.0,220.0,118.0
007373.jpg,diningtable,213.0,68.0,21.0,35.0
007373.jpg,diningtable,83.0,85.0,99.0,42.0
007373.jpg,chair,161.0,209.0,81.0,29.0
007373.jpg,chair,215.0,125.0,18.0,59.0
007373.jpg,chair,165.0,99.0,37.0,24.0
007373.jpg,chair,104.0,99.0,34.0,24.0
007373.jpg,chair,36.0,108.0,36.0,30.0
007373.jpg,chair,11.0,99.0,16.0,51.0
007373.jpg,chair,8.0,68.0,10.0,8.0
007373.jpg,chair,31.0,76.0,16.0,34.0
007373.jpg,chair,48.0,90.0,31.0,28.0
007373.jpg,chair,99.0,92.0,29.0,29.0
007373.jpg,chair,142.0,87.0,19.0,37.0
007373.jpg,chair,155.0,75.0,8.0,26.0
007373.jpg,chair,143.0,64.0,16.0,13.0
007373.jpg,chair,114.0,61.0,14.0,12.0
007373.jpg,chair,67.0,60.0,19.0,8.0
007373.jpg,chair,184.0,82.0,20.0,57.0
007373.jpg,chair,204.0,88.0,21.0,62.0
007373.jpg,chair,183.0,58.0,9.0,17.0
007373.jpg,chair,202.0,53.0,18.0,9.0
007374.jpg,car,116.0,147.0,55.0,33.0
007374.jpg,car,39.0,141.0,40.0,34.0
007375.jpg,aeroplane,117.0,122.0,214.0,203.0
007375.jpg,person,183.0,192.0,6.0,18.0
007375.jpg,person,216.0,191.0,5.0,17.0
007375.jpg,person,222.0,189.0,5.0,19.0
007376.jpg,bus,122.0,133.0,171.0,74.0
007376.jpg,bus,215.0,133.0,18.0,46.0
007376.jpg,car,202.0,191.0,43.0,65.0
007381.jpg,person,89.0,105.0,97.0,149.0
007381.jpg,person,153.0,124.0,56.0,109.0
007383.jpg,car,159.0,133.0,27.0,19.0
007383.jpg,car,196.0,134.0,31.0,20.0
007383.jpg,car,216.0,130.0,15.0,24.0
007385.jpg,sofa,96.0,121.0,192.0,207.0
007388.jpg,person,128.0,116.0,188.0,217.0
007389.jpg,cow,42.0,111.0,69.0,140.0
007389.jpg,cow,83.0,117.0,56.0,134.0
007389.jpg,cow,126.0,120.0,47.0,152.0
007389.jpg,cow,159.0,145.0,34.0,110.0
007389.jpg,cow,184.0,141.0,25.0,112.0
007389.jpg,cow,200.0,135.0,47.0,129.0
007390.jpg,chair,108.0,109.0,39.0,61.0
007390.jpg,tvmonitor,146.0,77.0,25.0,30.0
007390.jpg,pottedplant,209.0,56.0,30.0,97.0
007390.jpg,chair,179.0,114.0,49.0,57.0
007390.jpg,sofa,181.0,167.0,86.0,114.0
007394.jpg,tvmonitor,115.0,119.0,136.0,194.0
007396.jpg,pottedplant,148.0,30.0,41.0,59.0
007396.jpg,pottedplant,101.0,30.0,44.0,59.0
007396.jpg,pottedplant,100.0,28.0,46.0,56.0
007396.jpg,pottedplant,154.0,28.0,47.0,56.0
007396.jpg,motorbike,195.0,178.0,56.0,89.0
007396.jpg,car,53.0,59.0,67.0,39.0
007398.jpg,bus,112.0,105.0,223.0,209.0
007398.jpg,person,174.0,136.0,40.0,171.0
007408.jpg,train,102.0,94.0,203.0,178.0
007408.jpg,person,212.0,124.0,11.0,30.0
007408.jpg,person,200.0,131.0,26.0,43.0
007410.jpg,bottle,132.0,162.0,10.0,60.0
007410.jpg,bottle,117.0,159.0,10.0,57.0
007410.jpg,bottle,123.0,135.0,8.0,43.0
007410.jpg,person,138.0,97.0,46.0,69.0
007410.jpg,person,185.0,128.0,77.0,191.0
007410.jpg,person,89.0,121.0,45.0,118.0
007410.jpg,person,39.0,129.0,73.0,155.0
007411.jpg,dog,118.0,119.0,182.0,190.0
007413.jpg,aeroplane,85.0,66.0,170.0,131.0
007413.jpg,person,68.0,152.0,14.0,44.0
007414.jpg,person,211.0,54.0,17.0,40.0
007414.jpg,car,128.0,102.0,89.0,60.0
007416.jpg,cat,133.0,134.0,65.0,139.0
007416.jpg,chair,103.0,113.0,205.0,223.0
007417.jpg,dog,78.0,114.0,119.0,117.0
007417.jpg,cat,169.0,132.0,66.0,88.0
007417.jpg,sofa,112.0,113.0,223.0,222.0
007419.jpg,cat,146.0,121.0,138.0,163.0
007421.jpg,bird,109.0,118.0,41.0,45.0
007422.jpg,car,115.0,141.0,126.0,100.0
007424.jpg,car,121.0,111.0,162.0,141.0
007425.jpg,sofa,84.0,170.0,167.0,109.0
007425.jpg,dog,61.0,187.0,52.0,38.0
007427.jpg,car,202.0,160.0,43.0,128.0
007427.jpg,car,197.0,149.0,54.0,128.0
007427.jpg,car,130.0,147.0,20.0,45.0
007427.jpg,car,137.0,138.0,14.0,30.0
007431.jpg,bird,59.0,189.0,35.0,21.0
007431.jpg,bird,59.0,211.0,34.0,19.0
007431.jpg,bird,146.0,209.0,34.0,21.0
007431.jpg,bird,147.0,186.0,34.0,23.0
007431.jpg,bird,118.0,160.0,11.0,22.0
007431.jpg,bird,172.0,90.0,25.0,15.0
007431.jpg,bird,165.0,68.0,17.0,20.0
007431.jpg,bird,190.0,36.0,25.0,18.0
007431.jpg,bird,176.0,30.0,13.0,26.0
007431.jpg,bird,119.0,53.0,23.0,16.0
007431.jpg,bird,41.0,41.0,27.0,21.0
007431.jpg,bird,18.0,69.0,16.0,13.0
007432.jpg,tvmonitor,205.0,111.0,36.0,40.0
007432.jpg,chair,43.0,195.0,70.0,57.0
007432.jpg,chair,29.0,165.0,46.0,46.0
007433.jpg,dog,146.0,128.0,132.0,192.0
007433.jpg,dog,70.0,151.0,108.0,137.0
007433.jpg,sofa,73.0,40.0,144.0,78.0
007433.jpg,sofa,113.0,113.0,223.0,222.0
007435.jpg,chair,39.0,184.0,67.0,81.0
007435.jpg,chair,188.0,128.0,46.0,24.0
007435.jpg,chair,73.0,119.0,47.0,25.0
007435.jpg,chair,15.0,194.0,29.0,43.0
007435.jpg,diningtable,115.0,177.0,217.0,95.0
007436.jpg,person,108.0,130.0,124.0,188.0
007436.jpg,person,206.0,188.0,36.0,72.0
007437.jpg,bus,88.0,119.0,88.0,97.0
007438.jpg,person,114.0,116.0,131.0,194.0
007439.jpg,horse,132.0,99.0,175.0,151.0
007443.jpg,chair,159.0,180.0,63.0,66.0
007443.jpg,chair,71.0,180.0,60.0,72.0
007443.jpg,chair,141.0,133.0,21.0,33.0
007443.jpg,chair,83.0,135.0,21.0,31.0
007443.jpg,sofa,112.0,128.0,40.0,27.0
007445.jpg,person,57.0,124.0,27.0,44.0
007445.jpg,train,129.0,113.0,190.0,223.0
007446.jpg,bicycle,78.0,166.0,105.0,116.0
007446.jpg,person,76.0,87.0,90.0,166.0
007446.jpg,car,161.0,69.0,92.0,26.0
007446.jpg,car,13.0,60.0,25.0,12.0
007448.jpg,person,111.0,101.0,28.0,73.0
007448.jpg,horse,116.0,136.0,78.0,79.0
007449.jpg,boat,129.0,131.0,34.0,18.0
007449.jpg,person,129.0,129.0,9.0,17.0
007449.jpg,boat,6.0,93.0,11.0,46.0
007451.jpg,pottedplant,76.0,84.0,55.0,87.0
007451.jpg,pottedplant,74.0,181.0,30.0,41.0
007451.jpg,pottedplant,203.0,193.0,41.0,62.0
007451.jpg,pottedplant,127.0,42.0,35.0,80.0
007454.jpg,cat,152.0,111.0,144.0,154.0
007454.jpg,cat,92.0,121.0,168.0,190.0
007457.jpg,person,143.0,112.0,162.0,221.0
007457.jpg,bottle,50.0,151.0,20.0,122.0
007458.jpg,chair,186.0,178.0,76.0,91.0
007458.jpg,chair,116.0,100.0,30.0,26.0
007458.jpg,chair,69.0,128.0,52.0,63.0
007458.jpg,diningtable,137.0,159.0,156.0,130.0
007458.jpg,tvmonitor,115.0,42.0,30.0,36.0
007460.jpg,boat,146.0,168.0,130.0,17.0
007461.jpg,bottle,137.0,18.0,16.0,33.0
007461.jpg,bottle,152.0,39.0,14.0,75.0
007461.jpg,bottle,121.0,17.0,15.0,32.0
007461.jpg,bottle,104.0,17.0,14.0,33.0
007461.jpg,bottle,90.0,37.0,16.0,73.0
007461.jpg,bottle,74.0,38.0,16.0,72.0
007461.jpg,bottle,58.0,38.0,16.0,74.0
007461.jpg,bottle,41.0,38.0,16.0,72.0
007461.jpg,bottle,24.0,37.0,16.0,72.0
007461.jpg,bottle,10.0,37.0,15.0,72.0
007465.jpg,tvmonitor,112.0,115.0,223.0,216.0
007466.jpg,motorbike,100.0,110.0,47.0,62.0
007466.jpg,motorbike,195.0,119.0,32.0,67.0
007466.jpg,bicycle,40.0,92.0,46.0,43.0
007466.jpg,person,141.0,139.0,23.0,95.0
007466.jpg,person,158.0,135.0,25.0,100.0
007466.jpg,motorbike,150.0,153.0,48.0,81.0
007466.jpg,chair,173.0,132.0,34.0,67.0
007466.jpg,person,16.0,139.0,31.0,154.0
007467.jpg,train,64.0,112.0,126.0,57.0
007468.jpg,car,111.0,108.0,220.0,214.0
007470.jpg,aeroplane,115.0,104.0,102.0,165.0
007474.jpg,dog,159.0,117.0,70.0,150.0
007474.jpg,dog,83.0,125.0,127.0,195.0
007475.jpg,person,146.0,117.0,155.0,215.0
007475.jpg,car,79.0,128.0,157.0,193.0
007477.jpg,boat,177.0,41.0,84.0,56.0
007479.jpg,car,113.0,97.0,222.0,161.0
007479.jpg,car,46.0,40.0,19.0,14.0
007480.jpg,bus,126.0,115.0,167.0,214.0
007480.jpg,person,50.0,133.0,26.0,129.0
007481.jpg,bird,95.0,125.0,135.0,178.0
007482.jpg,person,76.0,124.0,65.0,110.0
007482.jpg,person,136.0,115.0,60.0,127.0
007482.jpg,person,199.0,126.0,50.0,151.0
007482.jpg,sofa,122.0,137.0,205.0,107.0
007483.jpg,person,112.0,122.0,223.0,203.0
007484.jpg,bus,192.0,135.0,65.0,127.0
007484.jpg,bus,91.0,133.0,114.0,152.0
007484.jpg,bus,25.0,144.0,23.0,38.0
007484.jpg,person,9.0,152.0,4.0,17.0
007486.jpg,aeroplane,92.0,92.0,182.0,95.0
007489.jpg,dog,154.0,117.0,131.0,187.0
007490.jpg,car,138.0,149.0,69.0,42.0
007490.jpg,car,82.0,146.0,72.0,40.0
007491.jpg,sofa,164.0,146.0,120.0,110.0
007493.jpg,person,162.0,156.0,114.0,137.0
007493.jpg,person,91.0,113.0,151.0,222.0
007493.jpg,chair,193.0,192.0,62.0,63.0
007493.jpg,bottle,5.0,144.0,9.0,60.0
007497.jpg,car,116.0,151.0,86.0,62.0
007497.jpg,car,156.0,107.0,34.0,48.0
007497.jpg,car,37.0,119.0,71.0,41.0
007497.jpg,car,80.0,57.0,40.0,31.0
007497.jpg,car,122.0,47.0,38.0,26.0
007497.jpg,car,169.0,65.0,43.0,31.0
007497.jpg,person,107.0,93.0,8.0,37.0
007497.jpg,person,202.0,73.0,9.0,32.0
007497.jpg,person,215.0,70.0,9.0,25.0
007497.jpg,person,198.0,145.0,16.0,41.0
007497.jpg,person,211.0,149.0,18.0,45.0
007497.jpg,person,88.0,85.0,6.0,35.0
007497.jpg,person,82.0,84.0,7.0,29.0
007498.jpg,diningtable,69.0,113.0,138.0,222.0
007498.jpg,person,140.0,113.0,168.0,223.0
007503.jpg,aeroplane,115.0,120.0,217.0,197.0
007506.jpg,tvmonitor,113.0,111.0,223.0,204.0
007511.jpg,diningtable,112.0,184.0,223.0,80.0
007511.jpg,pottedplant,122.0,121.0,104.0,117.0
007511.jpg,person,177.0,82.0,41.0,162.0
007511.jpg,person,158.0,76.0,20.0,142.0
007511.jpg,person,123.0,49.0,35.0,50.0
007511.jpg,person,87.0,49.0,29.0,43.0
007511.jpg,person,28.0,84.0,52.0,167.0
007511.jpg,bottle,40.0,181.0,16.0,41.0
007513.jpg,train,103.0,116.0,206.0,217.0
007517.jpg,cat,118.0,121.0,194.0,192.0
007519.jpg,pottedplant,207.0,170.0,33.0,109.0
007519.jpg,pottedplant,123.0,105.0,32.0,14.0
007519.jpg,pottedplant,65.0,103.0,42.0,14.0
007521.jpg,boat,92.0,125.0,26.0,18.0
007521.jpg,boat,215.0,123.0,17.0,16.0
007521.jpg,boat,30.0,127.0,37.0,20.0
007521.jpg,boat,29.0,107.0,40.0,94.0
007523.jpg,bird,167.0,65.0,112.0,61.0
007524.jpg,cat,129.0,116.0,189.0,190.0
007525.jpg,car,121.0,146.0,121.0,85.0
007526.jpg,person,144.0,97.0,63.0,85.0
007526.jpg,horse,130.0,128.0,144.0,113.0
007527.jpg,car,20.0,202.0,14.0,17.0
007527.jpg,car,124.0,208.0,35.0,25.0
007527.jpg,car,143.0,213.0,32.0,20.0
007527.jpg,car,169.0,213.0,58.0,21.0
007527.jpg,car,101.0,209.0,13.0,14.0
007527.jpg,car,93.0,207.0,23.0,19.0
007527.jpg,car,78.0,207.0,15.0,16.0
007527.jpg,car,69.0,206.0,20.0,15.0
007527.jpg,car,58.0,205.0,18.0,14.0
007527.jpg,car,43.0,205.0,14.0,12.0
007527.jpg,car,36.0,204.0,6.0,11.0
007527.jpg,car,32.0,203.0,10.0,13.0
007528.jpg,cow,67.0,130.0,34.0,54.0
007528.jpg,cow,101.0,128.0,47.0,62.0
007528.jpg,cow,36.0,145.0,42.0,76.0
007528.jpg,cow,128.0,128.0,47.0,41.0
007528.jpg,cow,164.0,131.0,51.0,35.0
007528.jpg,cow,155.0,182.0,93.0,84.0
007528.jpg,cow,57.0,101.0,41.0,19.0
007528.jpg,cow,25.0,98.0,23.0,13.0
007530.jpg,tvmonitor,60.0,60.0,73.0,62.0
007530.jpg,cat,151.0,51.0,85.0,47.0
007530.jpg,chair,41.0,182.0,80.0,84.0
007533.jpg,boat,71.0,106.0,82.0,185.0
007533.jpg,boat,191.0,112.0,60.0,165.0
007535.jpg,person,79.0,123.0,127.0,193.0
007536.jpg,sofa,167.0,129.0,114.0,114.0
007536.jpg,sofa,89.0,165.0,176.0,116.0
007537.jpg,dog,149.0,87.0,50.0,121.0
007537.jpg,dog,61.0,105.0,73.0,110.0
007538.jpg,chair,91.0,140.0,63.0,122.0
007540.jpg,sofa,165.0,165.0,118.0,90.0
007540.jpg,person,94.0,138.0,150.0,169.0
007540.jpg,person,176.0,143.0,97.0,162.0
007543.jpg,bicycle,112.0,147.0,34.0,88.0
007543.jpg,bicycle,167.0,143.0,40.0,81.0
007543.jpg,bicycle,59.0,136.0,63.0,99.0
007543.jpg,person,114.0,117.0,35.0,112.0
007543.jpg,person,162.0,117.0,43.0,106.0
007544.jpg,tvmonitor,142.0,75.0,21.0,20.0
007544.jpg,chair,184.0,142.0,64.0,88.0
007544.jpg,chair,104.0,159.0,38.0,93.0
007544.jpg,chair,71.0,160.0,30.0,94.0
007544.jpg,chair,42.0,173.0,35.0,99.0
007544.jpg,chair,39.0,119.0,27.0,27.0
007544.jpg,chair,91.0,116.0,16.0,27.0
007544.jpg,diningtable,51.0,153.0,100.0,66.0
007546.jpg,bus,97.0,108.0,53.0,24.0
007547.jpg,horse,124.0,147.0,201.0,155.0
007547.jpg,person,184.0,112.0,79.0,222.0
007551.jpg,bicycle,90.0,123.0,121.0,188.0
007555.jpg,train,196.0,96.0,55.0,14.0
007558.jpg,person,127.0,129.0,76.0,189.0
007558.jpg,person,176.0,124.0,74.0,199.0
007558.jpg,chair,70.0,65.0,13.0,88.0
007558.jpg,chair,99.0,67.0,56.0,107.0
007558.jpg,bottle,107.0,20.0,17.0,21.0
007558.jpg,pottedplant,113.0,20.0,26.0,37.0
007559.jpg,person,75.0,121.0,82.0,172.0
007559.jpg,tvmonitor,202.0,75.0,44.0,41.0
007563.jpg,person,95.0,150.0,90.0,146.0
007563.jpg,person,159.0,152.0,70.0,144.0
007565.jpg,cat,121.0,89.0,113.0,137.0
007565.jpg,cat,94.0,143.0,136.0,138.0
007566.jpg,car,112.0,121.0,221.0,203.0
007566.jpg,car,62.0,24.0,44.0,46.0
007566.jpg,person,210.0,41.0,25.0,79.0
007566.jpg,person,160.0,30.0,8.0,11.0
007566.jpg,person,90.0,13.0,14.0,21.0
007566.jpg,person,51.0,114.0,43.0,81.0
007568.jpg,person,112.0,112.0,193.0,223.0
007570.jpg,person,151.0,117.0,47.0,155.0
007570.jpg,horse,59.0,134.0,52.0,124.0
007571.jpg,person,87.0,113.0,52.0,106.0
007571.jpg,person,139.0,103.0,49.0,108.0
007571.jpg,bicycle,90.0,151.0,61.0,78.0
007571.jpg,bicycle,139.0,146.0,40.0,76.0
007572.jpg,diningtable,219.0,172.0,9.0,82.0
007572.jpg,diningtable,71.0,111.0,140.0,92.0
007572.jpg,bottle,100.0,53.0,9.0,37.0
007572.jpg,bottle,81.0,69.0,9.0,46.0
007572.jpg,bottle,87.0,67.0,9.0,48.0
007572.jpg,bottle,24.0,95.0,12.0,54.0
007572.jpg,bottle,13.0,92.0,9.0,50.0
007572.jpg,bottle,31.0,84.0,12.0,42.0
007572.jpg,chair,148.0,81.0,16.0,37.0
007572.jpg,chair,139.0,97.0,22.0,45.0
007572.jpg,chair,111.0,133.0,22.0,94.0
007572.jpg,chair,86.0,115.0,26.0,31.0
007572.jpg,chair,189.0,110.0,9.0,8.0
007572.jpg,chair,207.0,119.0,20.0,67.0
007572.jpg,chair,218.0,104.0,12.0,68.0
007572.jpg,chair,219.0,67.0,10.0,13.0
007572.jpg,person,169.0,127.0,101.0,193.0
007572.jpg,person,54.0,129.0,103.0,187.0
007575.jpg,bus,109.0,70.0,205.0,140.0
007576.jpg,horse,113.0,122.0,145.0,165.0
007576.jpg,person,110.0,72.0,51.0,92.0
007578.jpg,dog,116.0,134.0,65.0,147.0
007578.jpg,dog,174.0,50.0,34.0,53.0
007578.jpg,dog,210.0,70.0,29.0,57.0
007578.jpg,dog,197.0,31.0,26.0,43.0
007578.jpg,person,146.0,46.0,30.0,91.0
007578.jpg,person,126.0,36.0,12.0,70.0
007578.jpg,person,105.0,47.0,44.0,93.0
007578.jpg,person,26.0,112.0,52.0,222.0
007578.jpg,person,41.0,35.0,19.0,68.0
007578.jpg,person,62.0,23.0,23.0,44.0
007578.jpg,dog,25.0,42.0,16.0,43.0
007579.jpg,person,114.0,130.0,99.0,188.0
007579.jpg,person,199.0,128.0,51.0,191.0
007579.jpg,person,195.0,55.0,21.0,42.0
007579.jpg,person,23.0,103.0,45.0,201.0
007579.jpg,person,82.0,131.0,36.0,175.0
007585.jpg,dog,134.0,85.0,150.0,157.0
007585.jpg,dog,98.0,180.0,36.0,72.0
007586.jpg,train,54.0,117.0,108.0,62.0
007586.jpg,person,198.0,142.0,6.0,19.0
007586.jpg,person,145.0,136.0,4.0,22.0
007586.jpg,person,132.0,131.0,4.0,18.0
007586.jpg,person,127.0,130.0,3.0,17.0
007586.jpg,person,124.0,135.0,4.0,10.0
007590.jpg,person,112.0,115.0,223.0,218.0
007590.jpg,person,181.0,59.0,59.0,78.0
007592.jpg,car,111.0,99.0,212.0,89.0
007592.jpg,person,161.0,153.0,75.0,108.0
007592.jpg,person,102.0,144.0,75.0,112.0
007594.jpg,horse,133.0,169.0,166.0,110.0
007594.jpg,person,56.0,126.0,57.0,167.0
007594.jpg,person,84.0,97.0,34.0,62.0
007594.jpg,person,120.0,132.0,74.0,176.0
007594.jpg,horse,78.0,164.0,56.0,118.0
007600.jpg,pottedplant,69.0,116.0,82.0,174.0
007600.jpg,pottedplant,149.0,120.0,98.0,170.0
007601.jpg,car,112.0,110.0,207.0,138.0
007601.jpg,car,12.0,81.0,22.0,54.0
007603.jpg,horse,122.0,140.0,59.0,68.0
007605.jpg,person,115.0,112.0,53.0,186.0
007605.jpg,person,37.0,112.0,48.0,186.0
007605.jpg,person,70.0,116.0,40.0,178.0
007605.jpg,person,73.0,73.0,22.0,81.0
007605.jpg,person,151.0,123.0,21.0,52.0
007606.jpg,person,120.0,124.0,133.0,200.0
007611.jpg,person,180.0,129.0,81.0,191.0
007611.jpg,horse,72.0,145.0,143.0,158.0
007612.jpg,dog,105.0,154.0,98.0,139.0
007614.jpg,car,108.0,111.0,195.0,174.0
007615.jpg,bird,162.0,122.0,59.0,192.0
007615.jpg,bird,97.0,160.0,67.0,128.0
007618.jpg,person,70.0,123.0,101.0,201.0
007619.jpg,chair,131.0,198.0,43.0,52.0
007619.jpg,chair,125.0,156.0,24.0,17.0
007619.jpg,chair,74.0,162.0,27.0,24.0
007619.jpg,person,185.0,146.0,25.0,100.0
007619.jpg,pottedplant,99.0,150.0,27.0,28.0
007621.jpg,sheep,159.0,91.0,49.0,60.0
007621.jpg,sheep,103.0,96.0,49.0,57.0
007622.jpg,car,112.0,111.0,222.0,221.0
007624.jpg,pottedplant,207.0,161.0,34.0,119.0
007624.jpg,pottedplant,175.0,145.0,28.0,43.0
007624.jpg,pottedplant,146.0,142.0,28.0,54.0
007624.jpg,pottedplant,131.0,170.0,15.0,31.0
007624.jpg,pottedplant,154.0,115.0,63.0,65.0
007624.jpg,pottedplant,10.0,182.0,18.0,83.0
007624.jpg,pottedplant,39.0,190.0,37.0,69.0
007624.jpg,pottedplant,84.0,171.0,30.0,79.0
007624.jpg,pottedplant,99.0,104.0,64.0,160.0
007626.jpg,aeroplane,114.0,126.0,197.0,105.0
007629.jpg,person,163.0,128.0,49.0,191.0
007631.jpg,person,145.0,34.0,34.0,67.0
007631.jpg,person,181.0,34.0,28.0,67.0
007631.jpg,bottle,150.0,58.0,6.0,23.0
007631.jpg,bottle,73.0,58.0,6.0,26.0
007631.jpg,bottle,57.0,59.0,7.0,26.0
007631.jpg,person,31.0,35.0,27.0,69.0
007631.jpg,person,7.0,47.0,13.0,48.0
007631.jpg,chair,210.0,104.0,29.0,67.0
007631.jpg,chair,172.0,103.0,36.0,67.0
007631.jpg,chair,46.0,103.0,34.0,62.0
007631.jpg,chair,15.0,103.0,28.0,62.0
007631.jpg,person,95.0,121.0,103.0,165.0
007631.jpg,person,160.0,142.0,90.0,164.0
007631.jpg,person,211.0,188.0,26.0,72.0
007631.jpg,person,118.0,188.0,48.0,73.0
007631.jpg,person,61.0,192.0,39.0,63.0
007631.jpg,person,21.0,190.0,41.0,67.0
007631.jpg,person,4.0,154.0,6.0,20.0
007631.jpg,person,79.0,50.0,55.0,40.0
007633.jpg,bus,53.0,131.0,105.0,103.0
007633.jpg,bus,127.0,130.0,53.0,88.0
007633.jpg,bus,188.0,125.0,72.0,74.0
007637.jpg,horse,98.0,134.0,113.0,96.0
007639.jpg,sofa,112.0,158.0,220.0,133.0
007639.jpg,person,108.0,159.0,77.0,59.0
007640.jpg,cat,129.0,128.0,189.0,111.0
007642.jpg,motorbike,158.0,155.0,132.0,137.0
007647.jpg,motorbike,51.0,129.0,73.0,43.0
007647.jpg,person,48.0,108.0,56.0,55.0
007647.jpg,car,149.0,128.0,149.0,44.0
007649.jpg,person,151.0,113.0,146.0,223.0
007649.jpg,person,41.0,119.0,79.0,210.0
007649.jpg,bottle,6.0,143.0,10.0,49.0
007650.jpg,bus,70.0,138.0,47.0,31.0
007650.jpg,bus,147.0,120.0,107.0,130.0
007650.jpg,car,13.0,153.0,24.0,22.0
007650.jpg,car,7.0,138.0,11.0,6.0
007653.jpg,car,110.0,151.0,204.0,79.0
007653.jpg,person,103.0,128.0,16.0,16.0
007654.jpg,aeroplane,148.0,104.0,63.0,108.0
007655.jpg,bicycle,113.0,117.0,222.0,211.0
007656.jpg,bicycle,147.0,165.0,15.0,22.0
007656.jpg,person,141.0,160.0,22.0,34.0
007657.jpg,person,91.0,113.0,180.0,223.0
007662.jpg,bird,35.0,156.0,62.0,127.0
007663.jpg,car,114.0,116.0,185.0,121.0
007664.jpg,chair,98.0,180.0,47.0,88.0
007664.jpg,chair,86.0,128.0,28.0,14.0
007664.jpg,chair,35.0,141.0,20.0,22.0
007664.jpg,chair,44.0,197.0,69.0,55.0
007664.jpg,diningtable,61.0,178.0,110.0,91.0
007664.jpg,pottedplant,71.0,59.0,10.0,29.0
007666.jpg,train,93.0,130.0,184.0,188.0
007667.jpg,car,213.0,205.0,16.0,12.0
007668.jpg,person,150.0,132.0,148.0,183.0
007670.jpg,motorbike,164.0,105.0,108.0,173.0
007670.jpg,motorbike,64.0,119.0,110.0,132.0
007671.jpg,bird,132.0,121.0,167.0,194.0
007672.jpg,sofa,29.0,144.0,57.0,90.0
007673.jpg,sofa,191.0,128.0,65.0,101.0
007673.jpg,diningtable,99.0,171.0,194.0,107.0
007673.jpg,pottedplant,147.0,90.0,40.0,46.0
007675.jpg,person,56.0,113.0,94.0,223.0
007675.jpg,person,179.0,163.0,86.0,120.0
007677.jpg,aeroplane,106.0,120.0,124.0,83.0
007678.jpg,bird,112.0,94.0,153.0,70.0
007679.jpg,bicycle,58.0,174.0,92.0,55.0
007680.jpg,bird,56.0,58.0,62.0,32.0
007680.jpg,bird,96.0,65.0,51.0,108.0
007680.jpg,bird,121.0,46.0,40.0,40.0
007680.jpg,bird,135.0,164.0,27.0,120.0
007680.jpg,bird,33.0,161.0,48.0,126.0
007682.jpg,cat,139.0,95.0,167.0,158.0
007683.jpg,dog,58.0,186.0,71.0,76.0
007683.jpg,person,129.0,125.0,50.0,198.0
007685.jpg,boat,79.0,74.0,58.0,56.0
007687.jpg,dog,175.0,120.0,99.0,207.0
007687.jpg,person,101.0,121.0,202.0,207.0
007688.jpg,motorbike,113.0,122.0,222.0,201.0
007691.jpg,car,172.0,121.0,103.0,141.0
007692.jpg,dog,138.0,112.0,70.0,86.0
007694.jpg,dog,112.0,103.0,97.0,154.0
007694.jpg,person,29.0,136.0,57.0,176.0
007694.jpg,person,179.0,112.0,90.0,223.0
007696.jpg,train,78.0,101.0,156.0,64.0
007697.jpg,horse,105.0,144.0,116.0,103.0
007697.jpg,person,104.0,100.0,67.0,96.0
007699.jpg,car,112.0,127.0,223.0,194.0
007699.jpg,person,129.0,24.0,15.0,27.0
007699.jpg,person,51.0,54.0,27.0,35.0
007699.jpg,person,27.0,63.0,16.0,44.0
007699.jpg,person,99.0,39.0,12.0,30.0
007699.jpg,person,60.0,38.0,13.0,37.0
007699.jpg,person,19.0,62.0,14.0,48.0
007702.jpg,tvmonitor,188.0,146.0,35.0,46.0
007704.jpg,pottedplant,23.0,138.0,18.0,31.0
007704.jpg,sofa,86.0,162.0,102.0,110.0
007704.jpg,sofa,183.0,144.0,82.0,73.0
007705.jpg,dog,110.0,176.0,110.0,97.0
007705.jpg,horse,158.0,135.0,132.0,178.0
007709.jpg,person,112.0,52.0,13.0,37.0
007709.jpg,person,121.0,49.0,9.0,20.0
007709.jpg,bicycle,120.0,56.0,20.0,16.0
007709.jpg,car,118.0,117.0,185.0,96.0
007709.jpg,car,181.0,83.0,86.0,59.0
007709.jpg,car,200.0,51.0,47.0,29.0
007709.jpg,car,111.0,47.0,41.0,23.0
007712.jpg,motorbike,115.0,134.0,153.0,141.0
007712.jpg,person,116.0,109.0,127.0,176.0
007713.jpg,bird,111.0,125.0,112.0,186.0
007715.jpg,pottedplant,110.0,123.0,197.0,200.0
007718.jpg,person,86.0,160.0,121.0,112.0
007718.jpg,boat,132.0,114.0,180.0,79.0
007720.jpg,cat,113.0,127.0,128.0,106.0
007720.jpg,chair,95.0,131.0,157.0,187.0
007720.jpg,chair,210.0,195.0,28.0,59.0
007720.jpg,diningtable,112.0,113.0,223.0,223.0
007721.jpg,bird,144.0,120.0,96.0,117.0
007721.jpg,car,112.0,192.0,224.0,62.0
007721.jpg,car,73.0,133.0,114.0,59.0
007721.jpg,car,47.0,153.0,91.0,31.0
007723.jpg,aeroplane,109.0,113.0,168.0,116.0
007723.jpg,person,214.0,127.0,20.0,129.0
007724.jpg,chair,115.0,115.0,168.0,188.0
007727.jpg,person,18.0,91.0,35.0,88.0
007727.jpg,person,108.0,79.0,47.0,128.0
007727.jpg,horse,106.0,139.0,49.0,132.0
007727.jpg,horse,21.0,132.0,36.0,125.0
007729.jpg,tvmonitor,120.0,100.0,158.0,168.0
007731.jpg,car,109.0,149.0,188.0,128.0
007732.jpg,chair,185.0,177.0,65.0,94.0
007732.jpg,chair,67.0,151.0,31.0,53.0
007732.jpg,tvmonitor,125.0,85.0,37.0,39.0
007735.jpg,person,106.0,122.0,42.0,153.0
007735.jpg,diningtable,83.0,201.0,162.0,45.0
007735.jpg,chair,187.0,191.0,72.0,67.0
007735.jpg,chair,140.0,177.0,65.0,72.0
007735.jpg,chair,29.0,167.0,54.0,65.0
007736.jpg,bus,43.0,106.0,34.0,34.0
007736.jpg,car,95.0,116.0,29.0,22.0
007736.jpg,car,76.0,114.0,17.0,16.0
007736.jpg,car,63.0,111.0,11.0,17.0
007736.jpg,car,12.0,108.0,7.0,6.0
007736.jpg,car,16.0,108.0,3.0,5.0
007736.jpg,car,157.0,109.0,8.0,6.0
007740.jpg,bottle,104.0,149.0,31.0,136.0
007740.jpg,bottle,138.0,120.0,26.0,150.0
007740.jpg,bottle,166.0,145.0,12.0,56.0
007740.jpg,bottle,125.0,148.0,35.0,125.0
007742.jpg,train,97.0,128.0,177.0,130.0
007743.jpg,boat,113.0,95.0,69.0,56.0
007745.jpg,person,17.0,73.0,11.0,65.0
007745.jpg,car,119.0,112.0,199.0,178.0
007746.jpg,person,166.0,129.0,116.0,189.0
007746.jpg,person,86.0,120.0,123.0,208.0
007746.jpg,person,16.0,201.0,31.0,46.0
007746.jpg,person,31.0,178.0,30.0,47.0
007746.jpg,person,39.0,160.0,35.0,39.0
007746.jpg,person,60.0,155.0,9.0,16.0
007748.jpg,horse,138.0,120.0,173.0,94.0
007748.jpg,person,138.0,88.0,53.0,78.0
007749.jpg,dog,141.0,119.0,167.0,210.0
007751.jpg,bottle,124.0,196.0,25.0,57.0
007751.jpg,bottle,55.0,167.0,14.0,50.0
007751.jpg,bottle,40.0,179.0,11.0,30.0
007751.jpg,diningtable,112.0,192.0,224.0,65.0
007751.jpg,person,177.0,145.0,76.0,150.0
007751.jpg,person,114.0,129.0,74.0,114.0
007751.jpg,person,54.0,126.0,64.0,96.0
007751.jpg,person,11.0,181.0,22.0,86.0
007753.jpg,cat,112.0,112.0,223.0,223.0
007754.jpg,tvmonitor,191.0,109.0,45.0,85.0
007754.jpg,tvmonitor,139.0,111.0,31.0,66.0
007754.jpg,tvmonitor,130.0,38.0,24.0,33.0
007754.jpg,chair,56.0,96.0,39.0,82.0
007754.jpg,chair,84.0,90.0,52.0,96.0
007758.jpg,cat,56.0,77.0,64.0,96.0
007760.jpg,dog,123.0,168.0,120.0,111.0
007760.jpg,person,112.0,113.0,221.0,222.0
007762.jpg,tvmonitor,130.0,102.0,65.0,97.0
007762.jpg,bottle,117.0,35.0,9.0,36.0
007762.jpg,bottle,135.0,31.0,9.0,23.0
007762.jpg,chair,73.0,211.0,94.0,27.0
007762.jpg,cat,72.0,21.0,12.0,22.0
007763.jpg,person,193.0,133.0,59.0,182.0
007763.jpg,person,142.0,106.0,54.0,129.0
007763.jpg,person,78.0,106.0,30.0,90.0
007763.jpg,person,97.0,103.0,49.0,112.0
007763.jpg,person,47.0,165.0,51.0,118.0
007763.jpg,person,79.0,171.0,60.0,107.0
007763.jpg,person,134.0,177.0,85.0,95.0
007765.jpg,bird,96.0,136.0,160.0,173.0
007767.jpg,train,131.0,127.0,187.0,135.0
007768.jpg,person,177.0,123.0,95.0,202.0
007768.jpg,person,87.0,113.0,170.0,222.0
007772.jpg,cow,105.0,107.0,77.0,109.0
007773.jpg,bus,82.0,197.0,26.0,23.0
007775.jpg,dog,87.0,84.0,120.0,87.0
007776.jpg,train,96.0,90.0,43.0,30.0
007776.jpg,train,181.0,83.0,25.0,18.0
007776.jpg,train,108.0,137.0,121.0,75.0
007776.jpg,train,192.0,114.0,65.0,46.0
007776.jpg,train,189.0,158.0,70.0,76.0
007777.jpg,diningtable,83.0,171.0,165.0,107.0
007777.jpg,person,23.0,104.0,45.0,82.0
007777.jpg,person,105.0,94.0,51.0,86.0
007777.jpg,person,158.0,125.0,48.0,95.0
007777.jpg,person,195.0,164.0,58.0,121.0
007779.jpg,car,67.0,163.0,34.0,30.0
007779.jpg,car,110.0,155.0,53.0,46.0
007779.jpg,car,155.0,162.0,37.0,29.0
007781.jpg,pottedplant,94.0,125.0,187.0,199.0
007786.jpg,cow,199.0,84.0,51.0,61.0
007786.jpg,cow,82.0,86.0,116.0,62.0
007786.jpg,cow,26.0,89.0,50.0,60.0
007786.jpg,person,153.0,90.0,68.0,76.0
007790.jpg,chair,40.0,89.0,15.0,30.0
007790.jpg,chair,19.0,76.0,14.0,9.0
007790.jpg,car,80.0,19.0,29.0,36.0
007790.jpg,car,102.0,16.0,35.0,31.0
007790.jpg,bottle,33.0,147.0,46.0,139.0
007791.jpg,dog,105.0,116.0,184.0,158.0
007791.jpg,dog,163.0,177.0,96.0,76.0
007793.jpg,motorbike,141.0,157.0,166.0,134.0
007793.jpg,person,116.0,87.0,57.0,109.0
007793.jpg,person,177.0,114.0,32.0,63.0
007793.jpg,person,163.0,76.0,19.0,44.0
007793.jpg,motorbike,217.0,91.0,14.0,44.0
007795.jpg,person,36.0,144.0,65.0,159.0
007795.jpg,person,70.0,126.0,45.0,112.0
007795.jpg,person,87.0,128.0,27.0,111.0
007795.jpg,person,146.0,125.0,29.0,70.0
007795.jpg,person,166.0,129.0,33.0,76.0
007795.jpg,person,199.0,142.0,36.0,100.0
007795.jpg,pottedplant,126.0,165.0,21.0,41.0
007795.jpg,chair,115.0,120.0,25.0,40.0
007795.jpg,pottedplant,123.0,96.0,9.0,19.0
007795.jpg,pottedplant,115.0,81.0,17.0,45.0
007798.jpg,bottle,110.0,104.0,186.0,207.0
007799.jpg,sofa,114.0,108.0,132.0,119.0
007799.jpg,sofa,41.0,150.0,80.0,148.0
007799.jpg,diningtable,145.0,117.0,39.0,72.0
007799.jpg,diningtable,180.0,205.0,87.0,38.0
007799.jpg,diningtable,198.0,161.0,51.0,52.0
007799.jpg,diningtable,212.0,129.0,24.0,16.0
007799.jpg,diningtable,21.0,146.0,41.0,62.0
007799.jpg,person,50.0,139.0,43.0,158.0
007799.jpg,chair,131.0,189.0,39.0,69.0
007799.jpg,chair,168.0,164.0,30.0,88.0
007799.jpg,chair,211.0,109.0,25.0,39.0
007799.jpg,chair,221.0,79.0,7.0,32.0
007799.jpg,chair,165.0,38.0,11.0,22.0
007799.jpg,chair,146.0,32.0,10.0,22.0
007799.jpg,chair,194.0,35.0,11.0,14.0
007799.jpg,chair,167.0,32.0,10.0,17.0
007803.jpg,boat,103.0,138.0,60.0,59.0
007809.jpg,horse,131.0,119.0,185.0,208.0
007809.jpg,person,195.0,97.0,58.0,191.0
007810.jpg,diningtable,112.0,141.0,221.0,164.0
007810.jpg,person,125.0,29.0,154.0,56.0
007812.jpg,chair,15.0,149.0,29.0,61.0
007812.jpg,chair,88.0,183.0,66.0,82.0
007813.jpg,dog,63.0,142.0,81.0,65.0
007813.jpg,person,172.0,106.0,103.0,115.0
007813.jpg,diningtable,112.0,189.0,223.0,70.0
007814.jpg,pottedplant,214.0,169.0,21.0,47.0
007814.jpg,pottedplant,169.0,165.0,16.0,46.0
007814.jpg,pottedplant,33.0,161.0,11.0,43.0
007814.jpg,person,104.0,86.0,37.0,103.0
007814.jpg,person,136.0,151.0,47.0,146.0
007814.jpg,person,149.0,148.0,27.0,135.0
007814.jpg,person,78.0,145.0,26.0,131.0
007814.jpg,person,57.0,151.0,41.0,142.0
007814.jpg,person,31.0,95.0,21.0,42.0
007815.jpg,car,97.0,101.0,166.0,147.0
007815.jpg,person,123.0,52.0,32.0,50.0
007815.jpg,person,77.0,56.0,34.0,46.0
007819.jpg,train,115.0,102.0,219.0,71.0
007819.jpg,car,28.0,130.0,27.0,23.0
007820.jpg,aeroplane,113.0,93.0,222.0,160.0
007820.jpg,aeroplane,159.0,72.0,69.0,44.0
007821.jpg,car,105.0,83.0,182.0,114.0
007821.jpg,person,128.0,126.0,93.0,181.0
007821.jpg,person,58.0,106.0,90.0,171.0
007824.jpg,cat,132.0,166.0,131.0,115.0
007826.jpg,diningtable,90.0,146.0,108.0,33.0
007826.jpg,chair,102.0,155.0,27.0,79.0
007826.jpg,chair,73.0,124.0,21.0,28.0
007826.jpg,chair,128.0,148.0,24.0,80.0
007826.jpg,chair,23.0,165.0,37.0,97.0
007826.jpg,chair,73.0,186.0,72.0,72.0
007826.jpg,chair,42.0,207.0,45.0,33.0
007831.jpg,bird,67.0,143.0,76.0,83.0
007833.jpg,boat,186.0,48.0,39.0,94.0
007833.jpg,bird,94.0,182.0,61.0,65.0
007834.jpg,dog,111.0,111.0,112.0,179.0
007836.jpg,bicycle,51.0,157.0,101.0,91.0
007836.jpg,bicycle,185.0,157.0,77.0,84.0
007836.jpg,person,192.0,128.0,65.0,117.0
007836.jpg,person,33.0,136.0,64.0,123.0
007836.jpg,person,110.0,45.0,16.0,54.0
007836.jpg,person,127.0,47.0,10.0,45.0
007838.jpg,dog,123.0,110.0,39.0,96.0
007840.jpg,bird,94.0,116.0,173.0,203.0
007841.jpg,dog,86.0,93.0,47.0,93.0
007841.jpg,person,131.0,115.0,58.0,113.0
007841.jpg,person,32.0,139.0,59.0,118.0
007843.jpg,car,116.0,176.0,189.0,67.0
007845.jpg,bird,86.0,109.0,108.0,180.0
007845.jpg,bird,132.0,93.0,147.0,108.0
007847.jpg,bird,142.0,136.0,132.0,124.0
007853.jpg,bird,98.0,151.0,118.0,132.0
007854.jpg,bicycle,116.0,181.0,205.0,73.0
007855.jpg,bus,102.0,131.0,198.0,90.0
007855.jpg,car,207.0,134.0,13.0,10.0
007856.jpg,car,122.0,117.0,109.0,75.0
007856.jpg,person,47.0,86.0,13.0,37.0
007856.jpg,person,38.0,88.0,14.0,36.0
007856.jpg,person,28.0,71.0,8.0,19.0
007856.jpg,person,19.0,69.0,9.0,17.0
007856.jpg,person,11.0,70.0,9.0,15.0
007856.jpg,person,12.0,88.0,14.0,38.0
007856.jpg,person,20.0,88.0,9.0,36.0
007856.jpg,person,28.0,87.0,15.0,36.0
007856.jpg,person,103.0,98.0,12.0,18.0
007856.jpg,person,15.0,51.0,6.0,13.0
007856.jpg,person,6.0,49.0,8.0,12.0
007857.jpg,aeroplane,80.0,88.0,44.0,48.0
007859.jpg,sheep,105.0,113.0,210.0,221.0
007863.jpg,cat,144.0,130.0,107.0,93.0
007864.jpg,aeroplane,38.0,71.0,56.0,57.0
007865.jpg,pottedplant,183.0,149.0,18.0,68.0
007865.jpg,pottedplant,34.0,148.0,20.0,75.0
007865.jpg,chair,122.0,111.0,37.0,92.0
007865.jpg,chair,145.0,101.0,25.0,77.0
007865.jpg,chair,102.0,102.0,26.0,79.0
007868.jpg,cat,117.0,110.0,200.0,203.0
007869.jpg,bird,91.0,138.0,148.0,173.0
007872.jpg,diningtable,113.0,160.0,223.0,128.0
007872.jpg,person,40.0,116.0,78.0,175.0
007872.jpg,person,74.0,103.0,28.0,53.0
007872.jpg,person,83.0,80.0,29.0,55.0
007872.jpg,person,93.0,84.0,14.0,46.0
007872.jpg,person,92.0,55.0,22.0,80.0
007872.jpg,person,179.0,90.0,46.0,62.0
007872.jpg,person,197.0,86.0,54.0,147.0
007873.jpg,sofa,109.0,153.0,218.0,124.0
007876.jpg,bird,121.0,146.0,40.0,76.0
007877.jpg,person,64.0,113.0,125.0,220.0
007877.jpg,person,139.0,143.0,105.0,162.0
007878.jpg,cat,108.0,99.0,136.0,137.0
007878.jpg,person,146.0,109.0,156.0,92.0
007883.jpg,car,206.0,135.0,16.0,11.0
007883.jpg,car,196.0,134.0,7.0,11.0
007883.jpg,train,112.0,122.0,23.0,47.0
007884.jpg,person,114.0,113.0,202.0,212.0
007884.jpg,bicycle,104.0,178.0,196.0,93.0
007885.jpg,cat,91.0,115.0,167.0,204.0
007886.jpg,bird,143.0,119.0,140.0,114.0
007889.jpg,person,160.0,131.0,60.0,186.0
007890.jpg,pottedplant,133.0,115.0,48.0,65.0
007890.jpg,pottedplant,144.0,161.0,30.0,58.0
007897.jpg,person,125.0,98.0,102.0,100.0
007897.jpg,motorbike,142.0,147.0,135.0,129.0
007897.jpg,person,195.0,113.0,14.0,47.0
007897.jpg,person,180.0,95.0,15.0,33.0
007897.jpg,person,181.0,124.0,12.0,24.0
007897.jpg,person,192.0,84.0,13.0,24.0
007897.jpg,person,37.0,102.0,15.0,43.0
007897.jpg,person,25.0,111.0,11.0,39.0
007897.jpg,person,10.0,119.0,15.0,84.0
007897.jpg,person,67.0,108.0,14.0,36.0
007897.jpg,person,55.0,101.0,14.0,39.0
007897.jpg,person,47.0,146.0,30.0,38.0
007898.jpg,car,112.0,82.0,223.0,164.0
007899.jpg,bottle,144.0,31.0,17.0,39.0
007900.jpg,dog,115.0,120.0,62.0,102.0
007900.jpg,sofa,113.0,113.0,221.0,222.0
007901.jpg,person,103.0,115.0,149.0,217.0
007901.jpg,person,23.0,68.0,44.0,124.0
007901.jpg,person,53.0,71.0,39.0,71.0
007901.jpg,person,173.0,86.0,36.0,68.0
007901.jpg,person,204.0,105.0,40.0,72.0
007902.jpg,motorbike,181.0,61.0,74.0,63.0
007902.jpg,motorbike,52.0,111.0,103.0,155.0
007902.jpg,person,185.0,33.0,41.0,65.0
007902.jpg,person,43.0,78.0,84.0,99.0
007905.jpg,car,114.0,125.0,215.0,146.0
007908.jpg,bus,155.0,113.0,138.0,223.0
007909.jpg,sofa,188.0,154.0,71.0,86.0
007909.jpg,sofa,112.0,127.0,78.0,50.0
007909.jpg,sofa,52.0,125.0,56.0,47.0
007909.jpg,chair,112.0,142.0,47.0,53.0
007909.jpg,diningtable,73.0,186.0,143.0,77.0
007909.jpg,pottedplant,200.0,149.0,42.0,58.0
007910.jpg,person,175.0,117.0,67.0,213.0
007911.jpg,motorbike,108.0,118.0,197.0,202.0
007911.jpg,person,69.0,24.0,9.0,22.0
007911.jpg,person,111.0,25.0,10.0,26.0
007911.jpg,person,103.0,19.0,9.0,19.0
007911.jpg,person,95.0,24.0,7.0,27.0
007911.jpg,person,40.0,26.0,9.0,21.0
007911.jpg,person,23.0,27.0,8.0,20.0
007911.jpg,person,138.0,22.0,8.0,23.0
007911.jpg,person,148.0,22.0,6.0,22.0
007911.jpg,person,168.0,24.0,9.0,25.0
007911.jpg,person,172.0,22.0,7.0,24.0
007911.jpg,person,182.0,25.0,9.0,26.0
007911.jpg,person,217.0,29.0,5.0,26.0
007911.jpg,person,3.0,24.0,5.0,18.0
007914.jpg,bird,124.0,118.0,173.0,134.0
007915.jpg,tvmonitor,45.0,149.0,39.0,56.0
007915.jpg,tvmonitor,90.0,146.0,46.0,50.0
007915.jpg,tvmonitor,141.0,165.0,49.0,68.0
007915.jpg,tvmonitor,136.0,189.0,22.0,66.0
007915.jpg,tvmonitor,77.0,181.0,40.0,58.0
007915.jpg,tvmonitor,106.0,187.0,37.0,66.0
007915.jpg,person,108.0,96.0,112.0,145.0
007916.jpg,aeroplane,113.0,105.0,214.0,99.0
007919.jpg,horse,138.0,133.0,126.0,112.0
007919.jpg,person,132.0,87.0,26.0,107.0
007920.jpg,bus,36.0,154.0,70.0,63.0
007920.jpg,bus,104.0,165.0,71.0,36.0
007920.jpg,bus,117.0,156.0,98.0,44.0
007920.jpg,bus,171.0,164.0,16.0,24.0
007920.jpg,bus,187.0,158.0,53.0,33.0
007920.jpg,bus,216.0,158.0,17.0,27.0
007921.jpg,car,65.0,182.0,79.0,56.0
007923.jpg,chair,190.0,136.0,24.0,70.0
007923.jpg,sofa,112.0,140.0,54.0,81.0
007923.jpg,sofa,109.0,182.0,98.0,84.0
007924.jpg,bird,129.0,63.0,149.0,114.0
007924.jpg,bird,92.0,176.0,152.0,55.0
007925.jpg,bicycle,112.0,104.0,171.0,173.0
007925.jpg,pottedplant,136.0,53.0,27.0,33.0
007925.jpg,pottedplant,190.0,50.0,39.0,40.0
007925.jpg,pottedplant,74.0,36.0,22.0,66.0
007926.jpg,train,78.0,203.0,155.0,40.0
007928.jpg,person,22.0,111.0,18.0,68.0
007928.jpg,person,207.0,115.0,10.0,49.0
007928.jpg,person,168.0,117.0,13.0,37.0
007928.jpg,person,159.0,116.0,12.0,36.0
007928.jpg,person,164.0,102.0,7.0,18.0
007928.jpg,person,134.0,105.0,9.0,16.0
007928.jpg,person,100.0,105.0,8.0,14.0
007928.jpg,person,92.0,116.0,13.0,35.0
007928.jpg,person,78.0,104.0,10.0,18.0
007928.jpg,person,69.0,115.0,13.0,38.0
007928.jpg,person,7.0,115.0,13.0,38.0
007931.jpg,car,114.0,111.0,182.0,167.0
007931.jpg,car,205.0,102.0,39.0,95.0
007931.jpg,person,29.0,75.0,15.0,40.0
007931.jpg,person,41.0,69.0,15.0,31.0
007931.jpg,train,177.0,57.0,30.0,25.0
007931.jpg,train,10.0,51.0,19.0,39.0
007932.jpg,car,33.0,174.0,65.0,96.0
007932.jpg,car,77.0,150.0,84.0,61.0
007932.jpg,car,123.0,132.0,54.0,38.0
007932.jpg,car,143.0,126.0,45.0,34.0
007932.jpg,car,170.0,120.0,18.0,22.0
007932.jpg,car,179.0,117.0,12.0,17.0
007932.jpg,car,185.0,112.0,8.0,15.0
007932.jpg,person,195.0,128.0,15.0,54.0
007932.jpg,person,200.0,120.0,9.0,52.0
007932.jpg,person,77.0,137.0,17.0,21.0
007932.jpg,person,125.0,125.0,9.0,17.0
007932.jpg,person,145.0,120.0,7.0,14.0
007933.jpg,bicycle,112.0,117.0,217.0,185.0
007935.jpg,dog,113.0,122.0,115.0,94.0
007935.jpg,sofa,113.0,112.0,222.0,219.0
007939.jpg,cow,130.0,163.0,139.0,97.0
007940.jpg,person,106.0,117.0,131.0,214.0
007943.jpg,person,73.0,107.0,43.0,75.0
007943.jpg,person,117.0,143.0,82.0,162.0
007943.jpg,person,183.0,120.0,69.0,137.0
007946.jpg,person,150.0,85.0,82.0,99.0
007946.jpg,dog,96.0,108.0,86.0,84.0
007947.jpg,train,74.0,124.0,146.0,37.0
007950.jpg,car,144.0,195.0,41.0,13.0
007950.jpg,car,13.0,199.0,25.0,21.0
007950.jpg,car,63.0,194.0,27.0,16.0
007950.jpg,car,46.0,193.0,16.0,14.0
007950.jpg,car,27.0,193.0,20.0,16.0
007953.jpg,person,215.0,85.0,10.0,21.0
007953.jpg,person,182.0,92.0,17.0,11.0
007953.jpg,person,155.0,93.0,13.0,12.0
007953.jpg,person,137.0,89.0,13.0,20.0
007953.jpg,person,78.0,88.0,14.0,22.0
007953.jpg,person,90.0,90.0,12.0,20.0
007953.jpg,person,64.0,90.0,12.0,23.0
007953.jpg,person,53.0,88.0,14.0,26.0
007953.jpg,person,33.0,90.0,11.0,24.0
007953.jpg,person,24.0,92.0,10.0,28.0
007953.jpg,person,6.0,97.0,8.0,22.0
007953.jpg,person,13.0,95.0,10.0,14.0
007953.jpg,person,196.0,115.0,37.0,37.0
007953.jpg,person,116.0,121.0,24.0,18.0
007953.jpg,person,161.0,170.0,58.0,12.0
007953.jpg,person,78.0,108.0,28.0,27.0
007953.jpg,person,91.0,103.0,20.0,17.0
007953.jpg,person,48.0,118.0,28.0,25.0
007953.jpg,person,62.0,134.0,30.0,36.0
007953.jpg,bicycle,118.0,168.0,43.0,18.0
007953.jpg,bicycle,146.0,136.0,38.0,6.0
007953.jpg,bicycle,62.0,149.0,21.0,30.0
007953.jpg,bicycle,90.0,122.0,13.0,24.0
007953.jpg,bicycle,75.0,123.0,22.0,25.0
007953.jpg,bicycle,194.0,131.0,44.0,16.0
007954.jpg,dog,91.0,108.0,158.0,68.0
007956.jpg,pottedplant,184.0,131.0,44.0,104.0
007956.jpg,pottedplant,60.0,106.0,25.0,59.0
007956.jpg,diningtable,112.0,162.0,223.0,124.0
007958.jpg,cat,110.0,122.0,75.0,122.0
007958.jpg,sofa,112.0,112.0,223.0,222.0
007959.jpg,sofa,138.0,77.0,77.0,17.0
007959.jpg,chair,187.0,77.0,32.0,18.0
007959.jpg,chair,100.0,81.0,37.0,13.0
007959.jpg,chair,101.0,87.0,46.0,14.0
007959.jpg,chair,105.0,104.0,74.0,38.0
007959.jpg,chair,108.0,129.0,119.0,59.0
007959.jpg,chair,107.0,172.0,153.0,104.0
007963.jpg,person,132.0,188.0,9.0,27.0
007963.jpg,person,123.0,188.0,9.0,25.0
007963.jpg,car,214.0,143.0,19.0,11.0
007963.jpg,car,18.0,208.0,35.0,32.0
007963.jpg,car,9.0,213.0,17.0,22.0
007963.jpg,train,106.0,159.0,210.0,80.0
007964.jpg,person,96.0,98.0,37.0,34.0
007964.jpg,car,103.0,122.0,159.0,85.0
007968.jpg,dog,106.0,86.0,94.0,171.0
007970.jpg,car,96.0,133.0,101.0,91.0
007970.jpg,car,178.0,123.0,91.0,51.0
007970.jpg,person,109.0,97.0,17.0,25.0
007971.jpg,car,112.0,112.0,224.0,223.0
007971.jpg,person,112.0,116.0,65.0,120.0
007974.jpg,cat,70.0,113.0,140.0,223.0
007976.jpg,aeroplane,97.0,84.0,11.0,13.0
007976.jpg,aeroplane,109.0,99.0,10.0,14.0
007976.jpg,aeroplane,124.0,117.0,10.0,13.0
007976.jpg,aeroplane,124.0,130.0,10.0,13.0
007976.jpg,aeroplane,127.0,143.0,10.0,12.0
007979.jpg,cow,154.0,144.0,61.0,90.0
007979.jpg,person,98.0,133.0,20.0,126.0
007979.jpg,person,207.0,96.0,15.0,101.0
007980.jpg,boat,109.0,90.0,50.0,121.0
007980.jpg,boat,158.0,140.0,27.0,17.0
007984.jpg,person,73.0,92.0,95.0,102.0
007984.jpg,person,179.0,110.0,10.0,34.0
007984.jpg,person,191.0,115.0,30.0,46.0
007984.jpg,motorbike,195.0,141.0,27.0,60.0
007984.jpg,person,54.0,159.0,81.0,131.0
007984.jpg,person,133.0,152.0,126.0,143.0
007984.jpg,person,163.0,154.0,65.0,124.0
007984.jpg,motorbike,165.0,189.0,106.0,69.0
007984.jpg,motorbike,14.0,135.0,27.0,36.0
007987.jpg,bottle,150.0,205.0,21.0,37.0
007987.jpg,bottle,59.0,172.0,12.0,33.0
007987.jpg,person,120.0,115.0,68.0,162.0
007991.jpg,bird,113.0,142.0,223.0,165.0
007996.jpg,person,95.0,108.0,22.0,83.0
007996.jpg,person,71.0,153.0,36.0,54.0
007996.jpg,person,64.0,194.0,46.0,60.0
007996.jpg,person,124.0,186.0,71.0,76.0
007996.jpg,person,201.0,111.0,46.0,141.0
007996.jpg,chair,19.0,175.0,36.0,76.0
007996.jpg,chair,7.0,123.0,13.0,33.0
007996.jpg,sofa,121.0,119.0,73.0,85.0
007996.jpg,chair,175.0,162.0,37.0,61.0
007996.jpg,tvmonitor,192.0,67.0,8.0,11.0
007997.jpg,person,88.0,137.0,129.0,173.0
007997.jpg,person,170.0,129.0,109.0,189.0
007998.jpg,person,127.0,113.0,195.0,223.0
007998.jpg,person,27.0,74.0,53.0,147.0
007999.jpg,sofa,123.0,175.0,163.0,99.0
007999.jpg,pottedplant,66.0,112.0,132.0,223.0
007999.jpg,pottedplant,155.0,85.0,43.0,168.0
007999.jpg,tvmonitor,182.0,102.0,20.0,20.0
008001.jpg,car,103.0,55.0,31.0,49.0
008001.jpg,car,168.0,49.0,111.0,67.0
008001.jpg,car,200.0,75.0,48.0,41.0
008001.jpg,car,114.0,120.0,182.0,118.0
008002.jpg,person,75.0,114.0,82.0,219.0
008002.jpg,person,157.0,134.0,55.0,181.0
008002.jpg,person,185.0,143.0,34.0,151.0
008002.jpg,person,125.0,95.0,27.0,87.0
008002.jpg,person,115.0,154.0,43.0,71.0
008002.jpg,person,16.0,133.0,31.0,183.0
008004.jpg,bus,155.0,112.0,78.0,53.0
008005.jpg,cow,211.0,142.0,26.0,163.0
008005.jpg,cow,68.0,131.0,135.0,186.0
008005.jpg,cow,31.0,16.0,15.0,29.0
008005.jpg,cow,48.0,11.0,9.0,21.0
008005.jpg,cow,94.0,67.0,187.0,81.0
008005.jpg,dog,171.0,128.0,40.0,42.0
008008.jpg,motorbike,118.0,107.0,66.0,107.0
008008.jpg,motorbike,78.0,12.0,39.0,23.0
008008.jpg,person,118.0,88.0,63.0,129.0
008009.jpg,dog,74.0,112.0,146.0,222.0
008012.jpg,pottedplant,100.0,113.0,196.0,216.0
008017.jpg,bird,89.0,132.0,164.0,154.0
008019.jpg,horse,89.0,155.0,163.0,138.0
008019.jpg,person,108.0,120.0,54.0,147.0
008019.jpg,car,201.0,170.0,46.0,108.0
008019.jpg,car,40.0,148.0,78.0,82.0
008023.jpg,bus,118.0,113.0,211.0,222.0
008023.jpg,person,216.0,175.0,16.0,73.0
008023.jpg,person,56.0,164.0,33.0,120.0
008023.jpg,person,32.0,161.0,28.0,125.0
008023.jpg,bicycle,19.0,166.0,12.0,58.0
008024.jpg,aeroplane,111.0,129.0,221.0,174.0
008024.jpg,person,116.0,111.0,35.0,96.0
008026.jpg,bus,142.0,102.0,164.0,145.0
008026.jpg,person,112.0,162.0,23.0,124.0
008026.jpg,person,84.0,166.0,22.0,114.0
008026.jpg,person,58.0,153.0,98.0,139.0
008026.jpg,person,5.0,153.0,9.0,117.0
008026.jpg,car,23.0,124.0,17.0,16.0
008029.jpg,pottedplant,88.0,70.0,56.0,122.0
008031.jpg,car,112.0,115.0,210.0,132.0
008032.jpg,bird,143.0,112.0,137.0,134.0
008033.jpg,train,96.0,91.0,192.0,180.0
008033.jpg,person,117.0,90.0,34.0,101.0
008036.jpg,dog,136.0,134.0,106.0,176.0
008037.jpg,car,136.0,96.0,141.0,124.0
008040.jpg,person,32.0,91.0,22.0,51.0
008040.jpg,person,71.0,96.0,26.0,72.0
008040.jpg,person,112.0,88.0,26.0,80.0
008040.jpg,person,149.0,72.0,34.0,42.0
008040.jpg,person,27.0,118.0,26.0,40.0
008040.jpg,person,51.0,117.0,19.0,28.0
008040.jpg,person,90.0,122.0,21.0,60.0
008040.jpg,person,154.0,108.0,28.0,45.0
008040.jpg,person,184.0,100.0,22.0,35.0
008040.jpg,horse,11.0,170.0,20.0,91.0
008040.jpg,horse,29.0,167.0,52.0,89.0
008040.jpg,horse,57.0,170.0,29.0,79.0
008040.jpg,horse,88.0,159.0,44.0,83.0
008040.jpg,horse,145.0,149.0,69.0,92.0
008040.jpg,horse,178.0,143.0,70.0,93.0
008042.jpg,sofa,129.0,150.0,190.0,135.0
008042.jpg,person,63.0,96.0,65.0,119.0
008042.jpg,bottle,49.0,183.0,11.0,45.0
008042.jpg,bottle,56.0,180.0,9.0,39.0
008042.jpg,bottle,59.0,171.0,9.0,38.0
008042.jpg,bottle,71.0,175.0,12.0,40.0
008042.jpg,bottle,73.0,163.0,9.0,40.0
008042.jpg,bottle,50.0,155.0,7.0,15.0
008042.jpg,bottle,41.0,150.0,7.0,16.0
008042.jpg,bottle,32.0,148.0,8.0,18.0
008042.jpg,bottle,21.0,136.0,9.0,41.0
008042.jpg,bottle,19.0,148.0,9.0,19.0
008042.jpg,bottle,8.0,155.0,7.0,41.0
008043.jpg,pottedplant,90.0,125.0,159.0,84.0
008043.jpg,person,114.0,116.0,207.0,217.0
008044.jpg,bus,193.0,127.0,58.0,23.0
008044.jpg,car,213.0,141.0,22.0,34.0
008044.jpg,car,142.0,150.0,68.0,29.0
008048.jpg,person,47.0,108.0,33.0,88.0
008048.jpg,person,81.0,107.0,24.0,113.0
008048.jpg,person,97.0,105.0,49.0,131.0
008048.jpg,person,134.0,100.0,44.0,137.0
008048.jpg,person,178.0,94.0,49.0,148.0
008049.jpg,tvmonitor,123.0,81.0,104.0,143.0
008051.jpg,bird,110.0,145.0,102.0,158.0
008053.jpg,bird,50.0,187.0,81.0,64.0
008053.jpg,bird,153.0,160.0,69.0,129.0
008053.jpg,bird,165.0,189.0,82.0,47.0
008053.jpg,person,142.0,100.0,127.0,193.0
008057.jpg,car,98.0,115.0,142.0,71.0
008060.jpg,car,113.0,143.0,222.0,135.0
008061.jpg,bottle,123.0,70.0,35.0,119.0
008061.jpg,bottle,58.0,111.0,23.0,102.0
008061.jpg,bottle,142.0,63.0,19.0,74.0
008061.jpg,bottle,30.0,36.0,22.0,69.0
008061.jpg,bottle,11.0,29.0,21.0,56.0
008062.jpg,bird,86.0,133.0,171.0,183.0
008063.jpg,chair,168.0,118.0,45.0,119.0
008063.jpg,chair,47.0,121.0,47.0,117.0
008063.jpg,chair,112.0,117.0,39.0,107.0
008064.jpg,bird,148.0,61.0,15.0,26.0
008064.jpg,bird,140.0,70.0,9.0,32.0
008064.jpg,bird,120.0,29.0,13.0,15.0
008064.jpg,pottedplant,214.0,204.0,19.0,26.0
008064.jpg,pottedplant,161.0,186.0,58.0,71.0
008064.jpg,pottedplant,92.0,179.0,82.0,90.0
008067.jpg,tvmonitor,108.0,147.0,97.0,100.0
008068.jpg,bird,109.0,114.0,172.0,185.0
008069.jpg,person,11.0,127.0,20.0,96.0
008069.jpg,person,41.0,84.0,31.0,47.0
008069.jpg,person,60.0,94.0,20.0,32.0
008069.jpg,person,97.0,116.0,22.0,99.0
008069.jpg,person,112.0,142.0,34.0,92.0
008069.jpg,person,61.0,174.0,31.0,91.0
008069.jpg,person,11.0,201.0,20.0,46.0
008069.jpg,person,33.0,200.0,27.0,49.0
008069.jpg,person,59.0,202.0,20.0,43.0
008069.jpg,person,85.0,198.0,28.0,53.0
008069.jpg,person,76.0,214.0,25.0,20.0
008069.jpg,horse,65.0,139.0,129.0,74.0
008069.jpg,person,218.0,128.0,13.0,77.0
008069.jpg,person,215.0,108.0,19.0,89.0
008069.jpg,person,185.0,96.0,33.0,93.0
008069.jpg,horse,163.0,75.0,43.0,116.0
008072.jpg,diningtable,102.0,177.0,123.0,90.0
008072.jpg,person,160.0,97.0,27.0,48.0
008072.jpg,person,208.0,100.0,32.0,50.0
008072.jpg,person,167.0,153.0,62.0,132.0
008072.jpg,person,84.0,103.0,34.0,66.0
008072.jpg,person,111.0,95.0,34.0,64.0
008072.jpg,person,55.0,107.0,43.0,78.0
008072.jpg,person,38.0,145.0,72.0,157.0
008072.jpg,chair,177.0,192.0,83.0,63.0
008072.jpg,chair,200.0,149.0,31.0,47.0
008075.jpg,dog,67.0,131.0,133.0,186.0
008076.jpg,diningtable,180.0,188.0,87.0,69.0
008076.jpg,chair,143.0,188.0,51.0,71.0
008076.jpg,chair,205.0,210.0,39.0,27.0
008076.jpg,chair,79.0,129.0,17.0,38.0
008076.jpg,tvmonitor,116.0,117.0,30.0,40.0
008076.jpg,sofa,121.0,129.0,65.0,38.0
008079.jpg,person,79.0,148.0,25.0,118.0
008079.jpg,person,105.0,145.0,35.0,121.0
008079.jpg,person,132.0,137.0,22.0,91.0
008079.jpg,person,158.0,154.0,13.0,59.0
008079.jpg,person,155.0,142.0,23.0,82.0
008079.jpg,dog,140.0,194.0,40.0,55.0
008079.jpg,car,46.0,112.0,50.0,41.0
008082.jpg,pottedplant,75.0,95.0,40.0,81.0
008082.jpg,person,149.0,124.0,84.0,200.0
008082.jpg,person,185.0,113.0,78.0,222.0
008082.jpg,pottedplant,47.0,184.0,15.0,79.0
008083.jpg,person,80.0,141.0,68.0,156.0
008083.jpg,person,144.0,137.0,118.0,175.0
008083.jpg,sofa,139.0,164.0,171.0,119.0
008084.jpg,bird,114.0,129.0,81.0,69.0
008085.jpg,bird,34.0,156.0,21.0,37.0
008086.jpg,train,138.0,108.0,173.0,211.0
008086.jpg,person,191.0,63.0,9.0,18.0
008087.jpg,car,119.0,139.0,172.0,99.0
008091.jpg,boat,109.0,72.0,216.0,142.0
008091.jpg,person,96.0,111.0,43.0,35.0
008091.jpg,boat,16.0,64.0,28.0,34.0
008093.jpg,car,19.0,197.0,37.0,54.0
008095.jpg,train,196.0,94.0,57.0,20.0
008095.jpg,train,88.0,86.0,172.0,69.0
008096.jpg,bicycle,85.0,121.0,53.0,47.0
008096.jpg,person,89.0,108.0,30.0,48.0
008098.jpg,car,39.0,110.0,12.0,10.0
008098.jpg,car,111.0,104.0,15.0,17.0
008098.jpg,car,141.0,106.0,43.0,25.0
008098.jpg,car,190.0,113.0,56.0,30.0
008098.jpg,bus,155.0,94.0,43.0,29.0
008098.jpg,bus,73.0,97.0,59.0,60.0
008100.jpg,cat,51.0,132.0,101.0,180.0
008101.jpg,aeroplane,125.0,90.0,48.0,27.0
008101.jpg,aeroplane,123.0,70.0,54.0,25.0
008103.jpg,sofa,113.0,151.0,223.0,139.0
008103.jpg,person,119.0,134.0,53.0,181.0
008105.jpg,car,111.0,119.0,202.0,152.0
008105.jpg,car,184.0,31.0,28.0,15.0
008105.jpg,car,151.0,30.0,42.0,17.0
008105.jpg,car,175.0,77.0,98.0,76.0
008105.jpg,car,116.0,34.0,40.0,20.0
008105.jpg,car,58.0,45.0,57.0,35.0
008105.jpg,car,15.0,56.0,29.0,48.0
008105.jpg,car,13.0,31.0,26.0,23.0
008105.jpg,car,37.0,30.0,26.0,20.0
008105.jpg,car,68.0,25.0,28.0,11.0
008105.jpg,car,128.0,25.0,20.0,14.0
008105.jpg,car,9.0,185.0,17.0,78.0
008105.jpg,person,214.0,35.0,21.0,54.0
008105.jpg,person,197.0,22.0,6.0,14.0
008105.jpg,person,190.0,19.0,7.0,11.0
008105.jpg,person,174.0,20.0,10.0,16.0
008105.jpg,person,165.0,20.0,9.0,17.0
008105.jpg,person,158.0,16.0,2.0,8.0
008105.jpg,person,154.0,17.0,7.0,13.0
008105.jpg,person,130.0,16.0,5.0,7.0
008105.jpg,person,113.0,15.0,4.0,8.0
008105.jpg,person,121.0,14.0,6.0,7.0
008105.jpg,person,90.0,24.0,18.0,31.0
008106.jpg,chair,130.0,122.0,59.0,74.0
008106.jpg,chair,193.0,136.0,52.0,73.0
008106.jpg,pottedplant,177.0,110.0,11.0,12.0
008106.jpg,chair,30.0,206.0,57.0,37.0
008107.jpg,aeroplane,113.0,97.0,217.0,118.0
008108.jpg,motorbike,20.0,160.0,16.0,39.0
008108.jpg,motorbike,51.0,159.0,15.0,44.0
008108.jpg,person,34.0,152.0,10.0,47.0
008108.jpg,person,42.0,152.0,13.0,54.0
008108.jpg,person,97.0,156.0,16.0,70.0
008108.jpg,person,174.0,149.0,12.0,50.0
008108.jpg,person,202.0,139.0,10.0,19.0
008108.jpg,motorbike,75.0,162.0,13.0,38.0
008108.jpg,motorbike,84.0,157.0,13.0,34.0
008108.jpg,motorbike,202.0,163.0,13.0,30.0
008108.jpg,person,81.0,139.0,7.0,19.0
008108.jpg,car,134.0,163.0,52.0,60.0
008112.jpg,boat,61.0,67.0,28.0,82.0
008112.jpg,boat,80.0,70.0,19.0,79.0
008115.jpg,dog,106.0,135.0,37.0,55.0
008115.jpg,dog,66.0,90.0,36.0,32.0
008115.jpg,dog,47.0,109.0,30.0,50.0
008115.jpg,dog,176.0,99.0,24.0,50.0
008115.jpg,dog,187.0,110.0,20.0,38.0
008115.jpg,dog,217.0,112.0,13.0,48.0
008116.jpg,sheep,125.0,157.0,75.0,111.0
008116.jpg,sheep,163.0,145.0,40.0,105.0
008116.jpg,sheep,64.0,67.0,32.0,33.0
008116.jpg,sheep,92.0,73.0,9.0,16.0
008116.jpg,sheep,100.0,75.0,9.0,18.0
008117.jpg,bird,169.0,46.0,22.0,54.0
008117.jpg,bird,138.0,176.0,80.0,97.0
008117.jpg,bird,41.0,188.0,37.0,72.0
008117.jpg,bird,132.0,124.0,79.0,68.0
008121.jpg,tvmonitor,72.0,82.0,74.0,142.0
008122.jpg,person,64.0,125.0,76.0,194.0
008122.jpg,person,152.0,90.0,59.0,98.0
008122.jpg,diningtable,27.0,170.0,50.0,59.0
008122.jpg,chair,11.0,183.0,20.0,79.0
008122.jpg,chair,35.0,179.0,27.0,89.0
008122.jpg,chair,133.0,126.0,20.0,48.0
008125.jpg,bus,113.0,101.0,223.0,201.0
008125.jpg,person,125.0,87.0,60.0,43.0
008125.jpg,person,60.0,88.0,62.0,39.0
008127.jpg,diningtable,155.0,187.0,138.0,74.0
008127.jpg,chair,101.0,174.0,16.0,99.0
008127.jpg,pottedplant,136.0,105.0,33.0,64.0
008127.jpg,person,178.0,126.0,46.0,79.0
008127.jpg,person,124.0,135.0,46.0,71.0
008127.jpg,person,53.0,138.0,54.0,172.0
008130.jpg,dog,112.0,119.0,25.0,34.0
008130.jpg,person,157.0,73.0,44.0,111.0
008132.jpg,aeroplane,77.0,108.0,22.0,22.0
008132.jpg,person,188.0,194.0,60.0,61.0
008132.jpg,person,136.0,193.0,47.0,63.0
008132.jpg,person,97.0,201.0,38.0,47.0
008132.jpg,aeroplane,59.0,196.0,13.0,8.0
008132.jpg,aeroplane,30.0,199.0,11.0,8.0
008137.jpg,bottle,194.0,49.0,36.0,60.0
008137.jpg,person,22.0,125.0,44.0,30.0
008138.jpg,bird,98.0,97.0,154.0,135.0
008139.jpg,bottle,18.0,205.0,25.0,38.0
008139.jpg,bottle,218.0,102.0,11.0,39.0
008139.jpg,person,57.0,119.0,113.0,200.0
008139.jpg,person,149.0,115.0,150.0,218.0
008140.jpg,pottedplant,196.0,95.0,43.0,94.0
008140.jpg,pottedplant,197.0,12.0,9.0,22.0
008140.jpg,pottedplant,54.0,13.0,15.0,25.0
008141.jpg,bottle,117.0,130.0,42.0,182.0
008141.jpg,chair,109.0,90.0,183.0,179.0
008142.jpg,person,99.0,102.0,29.0,105.0
008142.jpg,horse,106.0,137.0,79.0,113.0
008144.jpg,chair,130.0,154.0,133.0,95.0
008150.jpg,sheep,154.0,126.0,12.0,13.0
008150.jpg,sheep,137.0,126.0,9.0,10.0
008150.jpg,sheep,123.0,129.0,8.0,11.0
008150.jpg,sheep,86.0,129.0,9.0,11.0
008150.jpg,sheep,107.0,130.0,11.0,11.0
008150.jpg,sheep,66.0,127.0,9.0,9.0
008151.jpg,sofa,167.0,149.0,72.0,100.0
008151.jpg,sofa,61.0,173.0,120.0,96.0
008151.jpg,chair,76.0,110.0,43.0,34.0
008159.jpg,diningtable,113.0,154.0,221.0,139.0
008159.jpg,chair,133.0,71.0,61.0,33.0
008160.jpg,car,89.0,130.0,159.0,177.0
008160.jpg,car,148.0,42.0,113.0,82.0
008160.jpg,person,44.0,52.0,21.0,69.0
008160.jpg,person,30.0,52.0,18.0,63.0
008163.jpg,boat,34.0,56.0,66.0,23.0
008163.jpg,boat,72.0,45.0,35.0,18.0
008163.jpg,boat,126.0,70.0,65.0,37.0
008163.jpg,boat,163.0,58.0,50.0,30.0
008163.jpg,boat,94.0,153.0,153.0,57.0
008163.jpg,person,58.0,127.0,43.0,53.0
008163.jpg,person,27.0,130.0,18.0,42.0
008164.jpg,person,54.0,141.0,102.0,167.0
008164.jpg,person,117.0,123.0,97.0,165.0
008164.jpg,person,189.0,101.0,71.0,94.0
008164.jpg,bottle,190.0,131.0,14.0,68.0
008164.jpg,bottle,213.0,127.0,13.0,64.0
008166.jpg,boat,112.0,139.0,89.0,39.0
008166.jpg,boat,171.0,107.0,27.0,22.0
008168.jpg,bird,62.0,110.0,93.0,71.0
008169.jpg,cat,159.0,151.0,72.0,108.0
008169.jpg,car,23.0,119.0,36.0,31.0
008171.jpg,chair,31.0,161.0,24.0,57.0
008171.jpg,chair,49.0,154.0,20.0,50.0
008171.jpg,diningtable,20.0,163.0,40.0,47.0
008171.jpg,pottedplant,196.0,137.0,52.0,159.0
008171.jpg,pottedplant,149.0,116.0,30.0,69.0
008171.jpg,person,102.0,145.0,99.0,157.0
008173.jpg,train,137.0,130.0,174.0,59.0
008174.jpg,car,121.0,108.0,206.0,215.0
008175.jpg,person,139.0,113.0,102.0,221.0
008175.jpg,person,57.0,123.0,103.0,202.0
008175.jpg,sofa,112.0,111.0,223.0,217.0
008177.jpg,person,37.0,142.0,73.0,163.0
008177.jpg,tvmonitor,156.0,79.0,88.0,97.0
008180.jpg,bicycle,113.0,187.0,222.0,74.0
008180.jpg,person,125.0,113.0,198.0,221.0
008180.jpg,person,39.0,47.0,52.0,47.0
008180.jpg,person,90.0,45.0,57.0,49.0
008180.jpg,person,91.0,67.0,48.0,33.0
008186.jpg,dog,109.0,113.0,216.0,221.0
008188.jpg,car,114.0,124.0,188.0,169.0
008188.jpg,person,130.0,65.0,28.0,43.0
008188.jpg,person,169.0,73.0,14.0,36.0
008189.jpg,cow,176.0,127.0,70.0,69.0
008189.jpg,cow,30.0,129.0,60.0,82.0
008190.jpg,bicycle,156.0,147.0,101.0,154.0
008190.jpg,person,152.0,90.0,67.0,176.0
008190.jpg,person,92.0,93.0,62.0,184.0
008190.jpg,bicycle,90.0,154.0,56.0,106.0
008190.jpg,bicycle,49.0,149.0,43.0,89.0
008190.jpg,bicycle,12.0,144.0,23.0,63.0
008190.jpg,person,14.0,111.0,26.0,102.0
008190.jpg,person,53.0,107.0,47.0,128.0
008190.jpg,chair,27.0,147.0,15.0,38.0
008191.jpg,horse,108.0,118.0,34.0,36.0
008197.jpg,car,212.0,138.0,21.0,27.0
008197.jpg,car,181.0,129.0,6.0,10.0
008197.jpg,car,173.0,129.0,9.0,14.0
008197.jpg,car,168.0,131.0,10.0,10.0
008197.jpg,car,157.0,128.0,13.0,20.0
008199.jpg,chair,55.0,154.0,23.0,73.0
008199.jpg,person,193.0,137.0,60.0,173.0
008199.jpg,pottedplant,8.0,179.0,15.0,89.0
008199.jpg,pottedplant,78.0,154.0,18.0,38.0
008199.jpg,pottedplant,75.0,140.0,25.0,42.0
008200.jpg,bird,133.0,133.0,90.0,111.0
008202.jpg,cow,145.0,144.0,120.0,156.0
008202.jpg,cow,210.0,85.0,28.0,63.0
008202.jpg,cow,189.0,74.0,29.0,20.0
008202.jpg,cow,153.0,75.0,44.0,23.0
008202.jpg,cow,179.0,49.0,20.0,11.0
008202.jpg,cow,185.0,60.0,26.0,13.0
008202.jpg,cow,204.0,50.0,16.0,9.0
008203.jpg,sofa,170.0,118.0,43.0,59.0
008203.jpg,sofa,77.0,164.0,119.0,103.0
008204.jpg,bottle,99.0,184.0,19.0,72.0
008204.jpg,tvmonitor,182.0,133.0,83.0,129.0
008204.jpg,person,92.0,144.0,55.0,114.0
008208.jpg,cow,93.0,112.0,186.0,165.0
008208.jpg,cow,142.0,111.0,165.0,220.0
008209.jpg,horse,148.0,184.0,40.0,59.0
008209.jpg,person,152.0,161.0,20.0,45.0
008209.jpg,person,157.0,150.0,6.0,20.0
008211.jpg,person,108.0,153.0,122.0,142.0
008213.jpg,chair,140.0,146.0,17.0,41.0
008213.jpg,bottle,195.0,85.0,5.0,38.0
008213.jpg,tvmonitor,131.0,124.0,8.0,17.0
008213.jpg,tvmonitor,139.0,122.0,7.0,11.0
008216.jpg,pottedplant,178.0,153.0,21.0,59.0
008216.jpg,pottedplant,119.0,149.0,9.0,15.0
008216.jpg,pottedplant,125.0,150.0,8.0,14.0
008216.jpg,pottedplant,137.0,154.0,15.0,19.0
008216.jpg,chair,162.0,200.0,32.0,41.0
008216.jpg,chair,197.0,180.0,28.0,18.0
008216.jpg,chair,141.0,204.0,41.0,41.0
008216.jpg,chair,178.0,207.0,42.0,35.0
008216.jpg,diningtable,179.0,203.0,88.0,42.0
008216.jpg,person,72.0,181.0,39.0,86.0
008216.jpg,person,106.0,146.0,23.0,22.0
008216.jpg,person,107.0,179.0,31.0,71.0
008216.jpg,person,34.0,155.0,13.0,37.0
008216.jpg,person,45.0,156.0,11.0,33.0
008218.jpg,person,154.0,139.0,135.0,170.0
008218.jpg,person,65.0,212.0,18.0,24.0
008218.jpg,person,54.0,189.0,17.0,53.0
008220.jpg,train,103.0,112.0,205.0,223.0
008220.jpg,person,114.0,125.0,36.0,44.0
008222.jpg,dog,109.0,116.0,153.0,145.0
008223.jpg,sheep,141.0,115.0,166.0,216.0
008224.jpg,person,174.0,93.0,41.0,84.0
008224.jpg,person,128.0,95.0,38.0,65.0
008224.jpg,person,66.0,100.0,39.0,69.0
008224.jpg,person,95.0,100.0,37.0,81.0
008224.jpg,person,206.0,93.0,23.0,68.0
008224.jpg,person,37.0,104.0,24.0,35.0
008224.jpg,person,13.0,101.0,13.0,29.0
008225.jpg,person,117.0,107.0,17.0,55.0
008225.jpg,person,67.0,154.0,34.0,75.0
008225.jpg,car,55.0,102.0,60.0,54.0
008225.jpg,car,84.0,127.0,54.0,34.0
008226.jpg,bird,66.0,50.0,59.0,98.0
008229.jpg,cat,74.0,113.0,99.0,151.0
008229.jpg,diningtable,115.0,143.0,178.0,162.0
008232.jpg,person,164.0,195.0,16.0,54.0
008232.jpg,person,175.0,196.0,13.0,57.0
008232.jpg,person,60.0,195.0,20.0,56.0
008232.jpg,person,200.0,197.0,21.0,51.0
008232.jpg,person,106.0,103.0,14.0,24.0
008232.jpg,person,32.0,119.0,11.0,63.0
008232.jpg,car,131.0,121.0,112.0,51.0
008232.jpg,car,76.0,113.0,93.0,49.0
008235.jpg,train,86.0,138.0,129.0,106.0
008236.jpg,aeroplane,101.0,104.0,24.0,22.0
008236.jpg,aeroplane,109.0,124.0,22.0,23.0
008241.jpg,motorbike,100.0,186.0,198.0,76.0
008241.jpg,person,76.0,162.0,55.0,122.0
008241.jpg,person,88.0,153.0,79.0,142.0
008241.jpg,person,142.0,167.0,29.0,72.0
008241.jpg,person,134.0,160.0,56.0,127.0
008241.jpg,person,157.0,156.0,63.0,136.0
008244.jpg,train,138.0,103.0,171.0,204.0
008248.jpg,horse,133.0,150.0,47.0,148.0
008248.jpg,person,180.0,129.0,67.0,190.0
008248.jpg,person,143.0,54.0,24.0,56.0
008250.jpg,motorbike,132.0,138.0,43.0,88.0
008250.jpg,motorbike,85.0,148.0,64.0,72.0
008251.jpg,boat,100.0,165.0,99.0,30.0
008252.jpg,aeroplane,123.0,114.0,190.0,73.0
008253.jpg,person,116.0,136.0,151.0,115.0
008253.jpg,bicycle,190.0,61.0,67.0,117.0
008254.jpg,cat,94.0,123.0,187.0,177.0
008258.jpg,cat,100.0,120.0,185.0,208.0
008260.jpg,dog,123.0,97.0,163.0,110.0
008260.jpg,sofa,112.0,112.0,222.0,222.0
008261.jpg,person,91.0,95.0,35.0,29.0
008261.jpg,boat,99.0,60.0,123.0,117.0
008262.jpg,bus,112.0,119.0,198.0,146.0
008263.jpg,train,85.0,128.0,157.0,146.0
008263.jpg,train,175.0,145.0,22.0,23.0
008263.jpg,person,72.0,131.0,15.0,49.0
008263.jpg,person,85.0,185.0,25.0,78.0
008263.jpg,person,101.0,180.0,14.0,81.0
008263.jpg,person,116.0,181.0,25.0,85.0
008263.jpg,person,141.0,183.0,28.0,78.0
008268.jpg,car,214.0,107.0,15.0,16.0
008268.jpg,car,110.0,137.0,201.0,160.0
008268.jpg,car,36.0,125.0,70.0,77.0
008269.jpg,cat,117.0,122.0,215.0,204.0
008272.jpg,person,180.0,113.0,89.0,222.0
008272.jpg,person,59.0,113.0,116.0,222.0
008272.jpg,dog,127.0,172.0,73.0,59.0
008272.jpg,chair,96.0,78.0,19.0,50.0
008275.jpg,aeroplane,113.0,111.0,186.0,193.0
008279.jpg,horse,131.0,147.0,76.0,109.0
008279.jpg,person,116.0,92.0,72.0,96.0
008279.jpg,car,154.0,127.0,113.0,74.0
008279.jpg,car,203.0,164.0,15.0,70.0
008279.jpg,car,55.0,105.0,42.0,20.0
008279.jpg,car,27.0,102.0,23.0,14.0
008279.jpg,car,66.0,98.0,27.0,14.0
008280.jpg,aeroplane,112.0,124.0,223.0,128.0
008281.jpg,person,74.0,124.0,147.0,199.0
008281.jpg,person,158.0,120.0,132.0,207.0
008282.jpg,tvmonitor,100.0,103.0,18.0,20.0
008282.jpg,sofa,45.0,137.0,82.0,66.0
008282.jpg,sofa,169.0,174.0,111.0,99.0
008284.jpg,dog,136.0,108.0,40.0,68.0
008284.jpg,person,59.0,112.0,117.0,223.0
008284.jpg,chair,51.0,148.0,101.0,150.0
008285.jpg,tvmonitor,103.0,70.0,87.0,102.0
008285.jpg,person,108.0,127.0,138.0,194.0
008292.jpg,sheep,78.0,112.0,21.0,18.0
008292.jpg,sheep,128.0,118.0,14.0,27.0
008292.jpg,sheep,159.0,98.0,13.0,11.0
008292.jpg,sheep,201.0,96.0,12.0,8.0
008292.jpg,sheep,53.0,88.0,5.0,4.0
008292.jpg,sheep,204.0,88.0,4.0,3.0
008293.jpg,bus,91.0,100.0,38.0,25.0
008293.jpg,bus,167.0,96.0,114.0,148.0
008293.jpg,person,201.0,84.0,45.0,39.0
008293.jpg,person,53.0,134.0,48.0,94.0
008294.jpg,car,55.0,76.0,76.0,90.0
008294.jpg,motorbike,105.0,121.0,80.0,78.0
008294.jpg,person,111.0,107.0,41.0,108.0
008294.jpg,car,120.0,61.0,46.0,25.0
008294.jpg,car,172.0,62.0,59.0,39.0
008295.jpg,train,111.0,103.0,221.0,200.0
008296.jpg,car,124.0,144.0,201.0,149.0
008296.jpg,car,190.0,46.0,21.0,20.0
008296.jpg,car,167.0,49.0,19.0,16.0
008297.jpg,bird,112.0,113.0,223.0,223.0
008299.jpg,cow,154.0,136.0,141.0,173.0
008300.jpg,aeroplane,113.0,111.0,223.0,221.0
008301.jpg,person,158.0,155.0,133.0,138.0
008302.jpg,tvmonitor,162.0,177.0,125.0,91.0
008302.jpg,person,56.0,112.0,111.0,223.0
008306.jpg,boat,138.0,138.0,132.0,123.0
008306.jpg,boat,69.0,84.0,17.0,19.0
008307.jpg,person,99.0,76.0,48.0,87.0
008307.jpg,horse,114.0,121.0,156.0,139.0
008310.jpg,aeroplane,112.0,110.0,223.0,217.0
008311.jpg,horse,90.0,121.0,164.0,179.0
008312.jpg,motorbike,90.0,131.0,137.0,133.0
008312.jpg,person,154.0,108.0,100.0,144.0
008313.jpg,bicycle,183.0,154.0,34.0,60.0
008313.jpg,bicycle,139.0,169.0,52.0,76.0
008313.jpg,bicycle,37.0,182.0,73.0,82.0
008313.jpg,person,42.0,164.0,35.0,120.0
008313.jpg,person,159.0,153.0,28.0,105.0
008315.jpg,bus,139.0,141.0,130.0,91.0
008315.jpg,car,214.0,151.0,21.0,23.0
008315.jpg,car,219.0,160.0,10.0,35.0
008315.jpg,person,173.0,168.0,18.0,44.0
008315.jpg,motorbike,172.0,182.0,22.0,42.0
008316.jpg,train,145.0,112.0,158.0,223.0
008317.jpg,bird,104.0,125.0,142.0,198.0
008318.jpg,pottedplant,143.0,164.0,16.0,26.0
008318.jpg,pottedplant,167.0,157.0,34.0,134.0
008319.jpg,bottle,74.0,45.0,13.0,59.0
008319.jpg,bottle,92.0,39.0,18.0,75.0
008319.jpg,bottle,110.0,39.0,17.0,75.0
008319.jpg,bottle,129.0,39.0,18.0,76.0
008319.jpg,bottle,149.0,38.0,18.0,74.0
008319.jpg,bottle,167.0,38.0,18.0,75.0
008319.jpg,bottle,186.0,39.0,18.0,75.0
008319.jpg,bottle,204.0,38.0,15.0,75.0
008319.jpg,bottle,218.0,38.0,12.0,74.0
008319.jpg,bottle,17.0,165.0,30.0,115.0
008319.jpg,bottle,43.0,164.0,30.0,112.0
008319.jpg,bottle,50.0,127.0,17.0,63.0
008319.jpg,bottle,69.0,159.0,27.0,114.0
008319.jpg,bottle,78.0,114.0,16.0,38.0
008319.jpg,bottle,95.0,162.0,26.0,115.0
008319.jpg,bottle,102.0,106.0,9.0,22.0
008319.jpg,bottle,112.0,122.0,12.0,43.0
008319.jpg,bottle,129.0,106.0,9.0,29.0
008319.jpg,bottle,134.0,121.0,16.0,42.0
008319.jpg,bottle,160.0,122.0,15.0,44.0
008319.jpg,bottle,160.0,112.0,19.0,45.0
008319.jpg,bottle,186.0,115.0,16.0,54.0
008319.jpg,bottle,214.0,111.0,20.0,47.0
008319.jpg,bottle,119.0,162.0,26.0,112.0
008319.jpg,bottle,144.0,162.0,25.0,112.0
008319.jpg,bottle,171.0,162.0,27.0,110.0
008319.jpg,bottle,198.0,158.0,27.0,121.0
008319.jpg,bottle,217.0,163.0,14.0,110.0
008320.jpg,horse,110.0,117.0,219.0,215.0
008322.jpg,dog,78.0,96.0,66.0,158.0
008322.jpg,dog,165.0,106.0,119.0,158.0
008323.jpg,sofa,51.0,190.0,102.0,67.0
008326.jpg,aeroplane,112.0,112.0,206.0,87.0
008327.jpg,person,167.0,123.0,105.0,202.0
008327.jpg,person,64.0,134.0,127.0,180.0
008329.jpg,car,95.0,126.0,141.0,62.0
008332.jpg,person,81.0,129.0,160.0,191.0
008332.jpg,dog,132.0,172.0,56.0,103.0
008335.jpg,train,87.0,115.0,94.0,182.0
008336.jpg,car,103.0,150.0,5.0,7.0
008336.jpg,car,116.0,153.0,5.0,5.0
008336.jpg,car,126.0,155.0,11.0,15.0
008336.jpg,car,129.0,162.0,15.0,17.0
008336.jpg,car,152.0,173.0,37.0,49.0
008338.jpg,bus,115.0,97.0,206.0,180.0
008341.jpg,sofa,60.0,152.0,119.0,144.0
008341.jpg,chair,195.0,151.0,58.0,145.0
008341.jpg,person,63.0,142.0,56.0,165.0
008341.jpg,person,161.0,144.0,58.0,159.0
008341.jpg,pottedplant,145.0,75.0,35.0,62.0
008342.jpg,cow,100.0,121.0,78.0,133.0
008342.jpg,sheep,192.0,119.0,64.0,55.0
008342.jpg,sheep,182.0,176.0,84.0,96.0
008342.jpg,sheep,138.0,155.0,31.0,77.0
008342.jpg,sheep,57.0,170.0,103.0,108.0
008345.jpg,cow,102.0,107.0,26.0,46.0
008345.jpg,cow,166.0,116.0,38.0,53.0
008345.jpg,cow,183.0,97.0,34.0,43.0
008346.jpg,dog,92.0,131.0,140.0,174.0
008349.jpg,sheep,101.0,116.0,82.0,155.0
008351.jpg,train,115.0,146.0,108.0,72.0
008355.jpg,cat,151.0,124.0,146.0,147.0
008359.jpg,car,211.0,46.0,22.0,22.0
008359.jpg,car,200.0,51.0,30.0,37.0
008359.jpg,car,186.0,68.0,56.0,84.0
008359.jpg,car,86.0,113.0,154.0,183.0
008360.jpg,bus,90.0,90.0,179.0,155.0
008360.jpg,car,184.0,108.0,13.0,27.0
008360.jpg,person,221.0,102.0,4.0,13.0
008360.jpg,person,212.0,100.0,2.0,11.0
008360.jpg,person,203.0,102.0,3.0,13.0
008360.jpg,person,206.0,99.0,3.0,10.0
008360.jpg,person,195.0,102.0,4.0,10.0
008360.jpg,person,151.0,46.0,6.0,9.0
008360.jpg,person,143.0,47.0,6.0,8.0
008360.jpg,person,134.0,42.0,8.0,10.0
008360.jpg,person,125.0,38.0,8.0,8.0
008360.jpg,person,114.0,35.0,9.0,9.0
008360.jpg,person,103.0,31.0,8.0,11.0
008360.jpg,person,89.0,27.0,15.0,16.0
008360.jpg,person,139.0,99.0,8.0,11.0
008360.jpg,person,146.0,96.0,6.0,13.0
008364.jpg,train,147.0,104.0,141.0,174.0
008364.jpg,train,34.0,104.0,67.0,200.0
008365.jpg,tvmonitor,30.0,116.0,46.0,60.0
008365.jpg,sofa,168.0,151.0,94.0,80.0
008365.jpg,sofa,108.0,133.0,64.0,45.0
008368.jpg,sofa,112.0,145.0,223.0,157.0
008368.jpg,person,136.0,131.0,116.0,186.0
008370.jpg,bird,99.0,123.0,136.0,189.0
008372.jpg,aeroplane,125.0,93.0,71.0,60.0
008374.jpg,tvmonitor,129.0,154.0,28.0,42.0
008374.jpg,tvmonitor,163.0,151.0,36.0,43.0
008374.jpg,person,102.0,166.0,39.0,116.0
008374.jpg,person,148.0,172.0,34.0,102.0
008376.jpg,car,113.0,114.0,187.0,201.0
008376.jpg,person,177.0,46.0,19.0,20.0
008376.jpg,person,197.0,56.0,17.0,44.0
008376.jpg,person,208.0,71.0,14.0,69.0
008376.jpg,car,168.0,76.0,66.0,63.0
008381.jpg,person,127.0,122.0,194.0,203.0
008384.jpg,bird,112.0,122.0,41.0,128.0
008385.jpg,diningtable,100.0,197.0,198.0,55.0
008385.jpg,person,124.0,146.0,122.0,116.0
008385.jpg,chair,189.0,183.0,52.0,82.0
008386.jpg,tvmonitor,92.0,65.0,46.0,63.0
008386.jpg,tvmonitor,140.0,63.0,43.0,60.0
008386.jpg,chair,129.0,197.0,74.0,54.0
008387.jpg,bus,111.0,56.0,17.0,29.0
008387.jpg,bus,169.0,112.0,109.0,221.0
008387.jpg,person,193.0,157.0,31.0,134.0
008387.jpg,person,165.0,162.0,56.0,123.0
008387.jpg,person,124.0,152.0,40.0,127.0
008387.jpg,person,108.0,183.0,80.0,82.0
008387.jpg,person,43.0,176.0,60.0,96.0
008387.jpg,person,131.0,90.0,12.0,20.0
008387.jpg,person,131.0,106.0,17.0,30.0
008387.jpg,person,55.0,81.0,11.0,24.0
008388.jpg,car,112.0,112.0,224.0,223.0
008390.jpg,person,106.0,152.0,148.0,99.0
008390.jpg,person,96.0,138.0,154.0,172.0
008390.jpg,chair,109.0,134.0,182.0,169.0
008391.jpg,car,112.0,128.0,220.0,189.0
008391.jpg,car,120.0,28.0,200.0,52.0
008391.jpg,person,101.0,107.0,19.0,43.0
008397.jpg,car,23.0,214.0,8.0,11.0
008397.jpg,car,45.0,218.0,47.0,13.0
008397.jpg,car,110.0,218.0,43.0,13.0
008397.jpg,car,144.0,217.0,17.0,14.0
008397.jpg,car,168.0,217.0,44.0,14.0
008397.jpg,person,12.0,203.0,8.0,22.0
008397.jpg,person,22.0,204.0,5.0,20.0
008397.jpg,bus,79.0,199.0,106.0,51.0
008397.jpg,bus,201.0,204.0,36.0,39.0
008397.jpg,bus,17.0,189.0,28.0,16.0
008398.jpg,person,43.0,69.0,56.0,63.0
008398.jpg,person,67.0,90.0,26.0,49.0
008398.jpg,person,98.0,144.0,22.0,159.0
008398.jpg,person,118.0,141.0,37.0,165.0
008398.jpg,person,144.0,102.0,37.0,76.0
008398.jpg,person,151.0,61.0,22.0,32.0
008398.jpg,person,171.0,139.0,81.0,169.0
008398.jpg,person,203.0,135.0,41.0,177.0
008398.jpg,person,70.0,148.0,51.0,152.0
008398.jpg,person,29.0,136.0,57.0,176.0
008403.jpg,cat,163.0,90.0,121.0,165.0
008409.jpg,tvmonitor,159.0,88.0,25.0,27.0
008409.jpg,sofa,54.0,157.0,57.0,89.0
008410.jpg,person,158.0,156.0,52.0,126.0
008410.jpg,person,34.0,160.0,68.0,128.0
008410.jpg,person,90.0,104.0,28.0,63.0
008410.jpg,person,130.0,104.0,26.0,65.0
008410.jpg,person,79.0,163.0,34.0,122.0
008410.jpg,person,114.0,157.0,39.0,135.0
008413.jpg,person,134.0,133.0,137.0,182.0
008413.jpg,person,50.0,100.0,100.0,179.0
008413.jpg,chair,135.0,124.0,178.0,201.0
008413.jpg,chair,60.0,133.0,120.0,182.0
008415.jpg,dog,145.0,144.0,50.0,110.0
008415.jpg,dog,54.0,103.0,76.0,73.0
008416.jpg,dog,163.0,125.0,81.0,198.0
008416.jpg,dog,87.0,134.0,71.0,106.0
008422.jpg,tvmonitor,70.0,40.0,61.0,54.0
008422.jpg,tvmonitor,91.0,142.0,52.0,79.0
008422.jpg,tvmonitor,153.0,151.0,60.0,91.0
008423.jpg,bird,90.0,137.0,178.0,174.0
008424.jpg,pottedplant,179.0,202.0,91.0,43.0
008424.jpg,pottedplant,138.0,180.0,87.0,54.0
008424.jpg,pottedplant,112.0,114.0,123.0,121.0
008424.jpg,pottedplant,36.0,115.0,34.0,31.0
008424.jpg,pottedplant,43.0,95.0,48.0,13.0
008424.jpg,pottedplant,31.0,73.0,52.0,30.0
008425.jpg,dog,183.0,179.0,78.0,50.0
008426.jpg,bird,121.0,115.0,99.0,140.0
008427.jpg,horse,97.0,112.0,178.0,223.0
008429.jpg,car,116.0,104.0,99.0,40.0
008430.jpg,person,122.0,116.0,172.0,216.0
008433.jpg,bicycle,149.0,167.0,47.0,94.0
008433.jpg,bicycle,97.0,122.0,40.0,89.0
008433.jpg,bicycle,69.0,88.0,42.0,81.0
008433.jpg,person,156.0,125.0,66.0,123.0
008433.jpg,person,104.0,85.0,56.0,118.0
008433.jpg,person,79.0,64.0,46.0,111.0
008434.jpg,train,111.0,87.0,222.0,117.0
008437.jpg,horse,104.0,108.0,113.0,108.0
008437.jpg,person,52.0,100.0,34.0,40.0
008438.jpg,bird,133.0,143.0,73.0,101.0
008442.jpg,cat,138.0,87.0,70.0,90.0
008443.jpg,bird,134.0,120.0,84.0,124.0
008444.jpg,car,116.0,85.0,215.0,128.0
008444.jpg,motorbike,114.0,102.0,218.0,160.0
008444.jpg,person,210.0,37.0,21.0,54.0
008444.jpg,person,51.0,29.0,23.0,39.0
008444.jpg,person,22.0,35.0,16.0,39.0
008444.jpg,person,11.0,33.0,13.0,47.0
008444.jpg,person,164.0,41.0,19.0,46.0
008444.jpg,person,103.0,19.0,11.0,12.0
008444.jpg,person,90.0,22.0,9.0,8.0
008444.jpg,person,74.0,22.0,13.0,16.0
008444.jpg,person,138.0,23.0,12.0,11.0
008444.jpg,person,154.0,24.0,6.0,13.0
008444.jpg,person,160.0,25.0,9.0,15.0
008444.jpg,person,191.0,36.0,12.0,27.0
008444.jpg,person,222.0,37.0,5.0,36.0
008445.jpg,train,110.0,113.0,219.0,221.0
008445.jpg,person,74.0,98.0,13.0,40.0
008449.jpg,car,206.0,132.0,21.0,16.0
008449.jpg,car,220.0,131.0,9.0,12.0
008449.jpg,boat,105.0,83.0,209.0,151.0
008449.jpg,person,202.0,132.0,8.0,23.0
008449.jpg,person,195.0,133.0,6.0,22.0
008450.jpg,aeroplane,140.0,103.0,121.0,69.0
008452.jpg,sofa,119.0,142.0,97.0,75.0
008452.jpg,person,96.0,143.0,86.0,90.0
008453.jpg,cat,139.0,72.0,26.0,26.0
008453.jpg,person,69.0,126.0,74.0,150.0
008453.jpg,chair,162.0,102.0,123.0,202.0
008454.jpg,boat,113.0,168.0,223.0,112.0
008456.jpg,boat,173.0,83.0,82.0,157.0
008461.jpg,car,138.0,103.0,42.0,24.0
008461.jpg,car,115.0,129.0,91.0,42.0
008461.jpg,person,123.0,119.0,7.0,7.0
008462.jpg,chair,177.0,186.0,56.0,76.0
008462.jpg,chair,89.0,155.0,37.0,66.0
008462.jpg,chair,69.0,145.0,32.0,57.0
008462.jpg,chair,49.0,134.0,26.0,52.0
008462.jpg,chair,37.0,125.0,23.0,42.0
008462.jpg,chair,18.0,119.0,26.0,39.0
008462.jpg,chair,9.0,115.0,17.0,35.0
008462.jpg,tvmonitor,19.0,86.0,6.0,16.0
008462.jpg,tvmonitor,24.0,88.0,6.0,17.0
008462.jpg,tvmonitor,33.0,88.0,12.0,17.0
008462.jpg,tvmonitor,43.0,90.0,9.0,20.0
008462.jpg,tvmonitor,51.0,92.0,13.0,22.0
008462.jpg,tvmonitor,66.0,95.0,19.0,24.0
008462.jpg,tvmonitor,88.0,98.0,20.0,28.0
008462.jpg,tvmonitor,109.0,103.0,26.0,31.0
008462.jpg,tvmonitor,149.0,113.0,32.0,41.0
008462.jpg,tvmonitor,198.0,122.0,45.0,49.0
008465.jpg,pottedplant,116.0,118.0,215.0,211.0
008466.jpg,car,146.0,118.0,103.0,73.0
008467.jpg,dog,95.0,131.0,109.0,125.0
008467.jpg,person,165.0,112.0,117.0,212.0
008467.jpg,person,47.0,86.0,92.0,75.0
008467.jpg,bottle,149.0,35.0,6.0,16.0
008467.jpg,bottle,105.0,35.0,4.0,16.0
008467.jpg,bottle,93.0,34.0,8.0,15.0
008467.jpg,bottle,75.0,34.0,3.0,13.0
008467.jpg,bottle,68.0,34.0,4.0,14.0
008467.jpg,bottle,55.0,34.0,5.0,13.0
008468.jpg,sofa,78.0,149.0,85.0,70.0
008468.jpg,chair,186.0,178.0,68.0,67.0
008468.jpg,chair,188.0,139.0,35.0,38.0
008468.jpg,chair,163.0,116.0,13.0,28.0
008468.jpg,chair,153.0,111.0,13.0,26.0
008468.jpg,pottedplant,117.0,110.0,23.0,59.0
008470.jpg,diningtable,146.0,164.0,156.0,119.0
008470.jpg,person,201.0,118.0,46.0,100.0
008470.jpg,person,158.0,91.0,61.0,90.0
008470.jpg,person,67.0,153.0,77.0,142.0
008470.jpg,person,24.0,124.0,46.0,160.0
008470.jpg,chair,14.0,199.0,27.0,50.0
008472.jpg,aeroplane,112.0,114.0,214.0,207.0
008475.jpg,person,203.0,89.0,26.0,67.0
008475.jpg,cow,123.0,86.0,26.0,22.0
008475.jpg,cow,87.0,84.0,34.0,24.0
008475.jpg,cow,78.0,97.0,39.0,17.0
008475.jpg,cow,18.0,107.0,22.0,17.0
008475.jpg,cow,117.0,163.0,109.0,93.0
008475.jpg,cow,59.0,191.0,102.0,65.0
008475.jpg,cow,199.0,173.0,50.0,103.0
008475.jpg,cow,32.0,147.0,62.0,79.0
008475.jpg,cow,118.0,205.0,105.0,38.0
008475.jpg,cow,168.0,116.0,70.0,47.0
008475.jpg,cow,133.0,114.0,29.0,21.0
008477.jpg,dog,67.0,149.0,109.0,150.0
008477.jpg,dog,170.0,132.0,108.0,185.0
008478.jpg,bicycle,12.0,124.0,23.0,45.0
008478.jpg,bicycle,28.0,119.0,34.0,48.0
008478.jpg,bicycle,76.0,112.0,33.0,32.0
008478.jpg,car,116.0,133.0,147.0,100.0
008478.jpg,car,196.0,107.0,57.0,57.0
008482.jpg,car,128.0,117.0,106.0,53.0
008482.jpg,person,28.0,96.0,15.0,51.0
008482.jpg,person,178.0,99.0,11.0,39.0
008482.jpg,person,192.0,98.0,10.0,40.0
008482.jpg,person,201.0,97.0,13.0,45.0
008482.jpg,person,220.0,98.0,8.0,40.0
008482.jpg,person,217.0,96.0,7.0,44.0
008482.jpg,car,52.0,91.0,35.0,20.0
008482.jpg,person,52.0,88.0,10.0,29.0
008482.jpg,person,69.0,88.0,10.0,32.0
008482.jpg,person,75.0,88.0,7.0,28.0
008482.jpg,car,11.0,84.0,20.0,23.0
008482.jpg,car,156.0,86.0,23.0,13.0
008483.jpg,car,123.0,109.0,65.0,33.0
008484.jpg,car,91.0,94.0,182.0,188.0
008485.jpg,cat,64.0,112.0,108.0,222.0
008485.jpg,person,113.0,113.0,221.0,222.0
008492.jpg,train,145.0,108.0,154.0,120.0
008494.jpg,bus,113.0,111.0,39.0,52.0
008495.jpg,aeroplane,144.0,114.0,94.0,100.0
008498.jpg,boat,120.0,133.0,198.0,153.0
008499.jpg,sofa,140.0,124.0,169.0,201.0
008502.jpg,car,113.0,123.0,223.0,201.0
008503.jpg,bus,50.0,113.0,96.0,221.0
008503.jpg,bus,101.0,112.0,21.0,97.0
008503.jpg,car,209.0,196.0,30.0,56.0
008503.jpg,car,182.0,155.0,49.0,45.0
008503.jpg,car,139.0,181.0,49.0,69.0
008503.jpg,car,131.0,144.0,34.0,35.0
008503.jpg,car,129.0,123.0,20.0,14.0
008503.jpg,car,127.0,113.0,17.0,14.0
008503.jpg,car,133.0,108.0,13.0,13.0
008503.jpg,car,166.0,134.0,27.0,30.0
008503.jpg,car,154.0,121.0,21.0,23.0
008503.jpg,car,151.0,107.0,12.0,7.0
008503.jpg,person,174.0,107.0,5.0,19.0
008503.jpg,person,152.0,99.0,4.0,6.0
008506.jpg,train,23.0,138.0,37.0,77.0
008506.jpg,train,122.0,119.0,165.0,170.0
008509.jpg,dog,22.0,160.0,19.0,47.0
008509.jpg,dog,111.0,142.0,21.0,48.0
008509.jpg,dog,170.0,155.0,36.0,51.0
008509.jpg,horse,58.0,104.0,33.0,122.0
008509.jpg,person,58.0,61.0,42.0,113.0
008512.jpg,dog,118.0,88.0,49.0,57.0
008513.jpg,person,108.0,113.0,214.0,221.0
008514.jpg,bicycle,66.0,98.0,28.0,85.0
008514.jpg,bicycle,89.0,129.0,32.0,92.0
008514.jpg,bicycle,134.0,138.0,34.0,83.0
008514.jpg,bicycle,164.0,87.0,25.0,74.0
008514.jpg,bicycle,111.0,102.0,27.0,69.0
008514.jpg,bicycle,185.0,60.0,17.0,56.0
008514.jpg,person,169.0,61.0,39.0,101.0
008514.jpg,person,193.0,40.0,27.0,79.0
008514.jpg,person,137.0,106.0,44.0,112.0
008514.jpg,person,94.0,99.0,41.0,130.0
008514.jpg,person,119.0,66.0,26.0,102.0
008514.jpg,person,138.0,35.0,23.0,60.0
008514.jpg,person,97.0,17.0,34.0,33.0
008514.jpg,person,78.0,56.0,42.0,81.0
008514.jpg,person,125.0,8.0,34.0,15.0
008517.jpg,car,78.0,113.0,154.0,223.0
008518.jpg,dog,102.0,96.0,131.0,124.0
008519.jpg,bird,135.0,96.0,159.0,144.0
008521.jpg,cat,102.0,113.0,137.0,223.0
008522.jpg,aeroplane,119.0,112.0,61.0,30.0
008523.jpg,aeroplane,150.0,126.0,90.0,83.0
008523.jpg,aeroplane,73.0,109.0,144.0,216.0
008524.jpg,car,23.0,14.0,39.0,25.0
008524.jpg,horse,110.0,113.0,218.0,217.0
008526.jpg,horse,122.0,151.0,84.0,78.0
008526.jpg,horse,171.0,141.0,36.0,62.0
008526.jpg,person,43.0,107.0,17.0,18.0
008526.jpg,person,55.0,100.0,11.0,17.0
008526.jpg,person,76.0,102.0,33.0,47.0
008529.jpg,diningtable,79.0,190.0,158.0,68.0
008529.jpg,diningtable,115.0,142.0,100.0,109.0
008529.jpg,person,46.0,125.0,87.0,80.0
008529.jpg,person,61.0,104.0,48.0,55.0
008529.jpg,person,91.0,97.0,46.0,54.0
008529.jpg,person,127.0,86.0,42.0,38.0
008529.jpg,person,172.0,91.0,50.0,42.0
008529.jpg,person,208.0,94.0,33.0,24.0
008529.jpg,person,191.0,139.0,65.0,103.0
008529.jpg,person,184.0,182.0,79.0,84.0
008529.jpg,person,16.0,63.0,22.0,29.0
008530.jpg,dog,73.0,123.0,146.0,202.0
008533.jpg,cat,109.0,119.0,214.0,209.0
008533.jpg,sofa,113.0,113.0,223.0,222.0
008534.jpg,cat,141.0,118.0,154.0,212.0
008535.jpg,motorbike,139.0,78.0,171.0,143.0
008535.jpg,dog,94.0,134.0,149.0,178.0
008536.jpg,pottedplant,159.0,160.0,14.0,17.0
008536.jpg,pottedplant,125.0,163.0,14.0,11.0
008536.jpg,pottedplant,29.0,154.0,20.0,19.0
008536.jpg,pottedplant,105.0,153.0,24.0,32.0
008536.jpg,pottedplant,90.0,159.0,22.0,23.0
008541.jpg,person,23.0,82.0,11.0,21.0
008541.jpg,person,99.0,132.0,19.0,60.0
008541.jpg,person,33.0,139.0,65.0,171.0
008541.jpg,person,156.0,76.0,30.0,78.0
008541.jpg,person,177.0,131.0,93.0,185.0
008542.jpg,cat,109.0,112.0,130.0,89.0
008542.jpg,chair,118.0,43.0,138.0,84.0
008549.jpg,car,168.0,66.0,87.0,83.0
008549.jpg,car,121.0,114.0,153.0,188.0
008549.jpg,pottedplant,22.0,55.0,29.0,85.0
008550.jpg,car,97.0,129.0,144.0,130.0
008550.jpg,car,186.0,47.0,39.0,47.0
008550.jpg,person,205.0,66.0,16.0,95.0
008550.jpg,person,134.0,44.0,34.0,62.0
008550.jpg,person,76.0,44.0,28.0,49.0
008550.jpg,person,109.0,39.0,17.0,56.0
008550.jpg,person,93.0,27.0,15.0,36.0
008550.jpg,person,60.0,45.0,15.0,55.0
008553.jpg,train,67.0,123.0,108.0,86.0
008556.jpg,chair,176.0,146.0,97.0,157.0
008557.jpg,tvmonitor,82.0,110.0,28.0,39.0
008557.jpg,pottedplant,16.0,100.0,12.0,31.0
008557.jpg,pottedplant,11.0,110.0,7.0,15.0
008557.jpg,pottedplant,4.0,112.0,8.0,23.0
008557.jpg,pottedplant,22.0,128.0,11.0,23.0
008557.jpg,pottedplant,13.0,132.0,9.0,23.0
008557.jpg,pottedplant,6.0,134.0,8.0,24.0
008557.jpg,pottedplant,15.0,160.0,8.0,13.0
008557.jpg,pottedplant,21.0,151.0,12.0,23.0
008557.jpg,sofa,142.0,175.0,116.0,97.0
008558.jpg,dog,89.0,70.0,86.0,97.0
008558.jpg,dog,170.0,130.0,86.0,131.0
008558.jpg,dog,86.0,154.0,82.0,109.0
008559.jpg,person,147.0,127.0,155.0,194.0
008559.jpg,person,28.0,137.0,54.0,148.0
008562.jpg,bus,103.0,104.0,138.0,149.0
008562.jpg,car,16.0,119.0,21.0,17.0
008562.jpg,car,29.0,116.0,13.0,13.0
008562.jpg,motorbike,218.0,105.0,3.0,16.0
008562.jpg,person,98.0,98.0,20.0,41.0
008562.jpg,person,68.0,94.0,21.0,24.0
008562.jpg,person,196.0,103.0,5.0,17.0
008562.jpg,motorbike,212.0,105.0,11.0,19.0
008564.jpg,horse,152.0,113.0,101.0,51.0
008564.jpg,horse,36.0,108.0,70.0,39.0
008568.jpg,boat,163.0,111.0,122.0,116.0
008568.jpg,boat,70.0,121.0,125.0,97.0
008572.jpg,car,110.0,114.0,190.0,155.0
008572.jpg,car,212.0,99.0,24.0,33.0
008573.jpg,sofa,90.0,162.0,114.0,121.0
008573.jpg,person,107.0,132.0,57.0,73.0
008576.jpg,person,123.0,125.0,60.0,199.0
008576.jpg,person,178.0,149.0,50.0,150.0
008576.jpg,person,83.0,152.0,53.0,145.0
008576.jpg,person,28.0,173.0,48.0,102.0
008581.jpg,car,147.0,82.0,153.0,112.0
008581.jpg,car,79.0,148.0,157.0,147.0
008582.jpg,person,110.0,112.0,207.0,219.0
008582.jpg,chair,121.0,148.0,155.0,147.0
008584.jpg,boat,91.0,145.0,94.0,43.0
008585.jpg,person,112.0,112.0,223.0,223.0
008586.jpg,car,147.0,92.0,138.0,141.0
008587.jpg,sofa,89.0,152.0,174.0,87.0
008587.jpg,person,149.0,137.0,151.0,174.0
008587.jpg,person,110.0,139.0,67.0,127.0
008587.jpg,person,30.0,131.0,56.0,102.0
008587.jpg,pottedplant,74.0,75.0,33.0,48.0
008588.jpg,bird,135.0,155.0,10.0,27.0
008588.jpg,bird,154.0,125.0,23.0,12.0
008588.jpg,bird,129.0,103.0,11.0,16.0
008588.jpg,bird,218.0,180.0,13.0,13.0
008588.jpg,bird,149.0,110.0,10.0,10.0
008592.jpg,sheep,29.0,166.0,56.0,114.0
008592.jpg,sheep,81.0,169.0,125.0,107.0
008592.jpg,bottle,37.0,52.0,47.0,41.0
008592.jpg,bottle,157.0,106.0,38.0,47.0
008592.jpg,person,191.0,114.0,47.0,217.0
008592.jpg,person,88.0,110.0,79.0,218.0
008592.jpg,person,82.0,60.0,73.0,116.0
008592.jpg,person,172.0,112.0,101.0,219.0
008595.jpg,motorbike,70.0,125.0,56.0,112.0
008595.jpg,motorbike,149.0,113.0,150.0,223.0
008596.jpg,horse,120.0,129.0,61.0,139.0
008596.jpg,person,121.0,84.0,92.0,102.0
008601.jpg,car,130.0,113.0,189.0,208.0
008601.jpg,car,178.0,80.0,92.0,82.0
008601.jpg,car,134.0,16.0,49.0,24.0
008601.jpg,car,39.0,29.0,39.0,35.0
008602.jpg,sofa,73.0,70.0,146.0,112.0
008602.jpg,person,28.0,126.0,54.0,143.0
008602.jpg,person,100.0,155.0,65.0,137.0
008602.jpg,person,174.0,135.0,100.0,177.0
008604.jpg,boat,106.0,146.0,211.0,155.0
008604.jpg,person,55.0,86.0,33.0,148.0
008604.jpg,person,84.0,111.0,37.0,108.0
008604.jpg,person,89.0,155.0,51.0,82.0
008604.jpg,person,135.0,141.0,46.0,108.0
008604.jpg,person,161.0,90.0,34.0,60.0
008604.jpg,person,163.0,79.0,25.0,56.0
008604.jpg,person,185.0,76.0,30.0,54.0
008606.jpg,dog,103.0,130.0,105.0,170.0
008607.jpg,cow,70.0,125.0,135.0,127.0
008607.jpg,cow,142.0,134.0,110.0,139.0
008608.jpg,diningtable,112.0,112.0,222.0,221.0
008610.jpg,horse,117.0,125.0,68.0,150.0
008610.jpg,horse,185.0,119.0,35.0,165.0
008612.jpg,person,88.0,134.0,20.0,82.0
008612.jpg,horse,88.0,142.0,89.0,65.0
008615.jpg,cow,38.0,113.0,30.0,23.0
008617.jpg,person,82.0,128.0,123.0,193.0
008617.jpg,person,167.0,138.0,102.0,170.0
008617.jpg,person,208.0,60.0,32.0,81.0
008617.jpg,person,183.0,70.0,30.0,47.0
008618.jpg,sheep,151.0,121.0,50.0,85.0
008618.jpg,sheep,119.0,124.0,61.0,95.0
008618.jpg,sheep,97.0,131.0,67.0,92.0
008618.jpg,sheep,88.0,158.0,91.0,128.0
008618.jpg,sheep,62.0,162.0,86.0,124.0
008618.jpg,person,37.0,112.0,73.0,223.0
008618.jpg,person,147.0,56.0,40.0,89.0
008618.jpg,person,190.0,80.0,29.0,131.0
008618.jpg,person,219.0,107.0,10.0,207.0
008618.jpg,person,81.0,57.0,30.0,104.0
008618.jpg,person,53.0,59.0,27.0,96.0
008618.jpg,sheep,195.0,193.0,57.0,62.0
008620.jpg,dog,94.0,119.0,174.0,211.0
008621.jpg,train,165.0,115.0,101.0,185.0
008624.jpg,chair,56.0,148.0,16.0,67.0
008624.jpg,chair,78.0,165.0,36.0,88.0
008624.jpg,chair,133.0,150.0,34.0,70.0
008624.jpg,chair,128.0,177.0,44.0,95.0
008624.jpg,chair,192.0,137.0,35.0,16.0
008624.jpg,chair,205.0,188.0,38.0,72.0
008628.jpg,chair,146.0,46.0,90.0,64.0
008628.jpg,chair,74.0,54.0,42.0,41.0
008628.jpg,sofa,112.0,143.0,223.0,163.0
008628.jpg,person,75.0,91.0,149.0,181.0
008633.jpg,bicycle,93.0,38.0,75.0,69.0
008633.jpg,bicycle,89.0,28.0,64.0,52.0
008633.jpg,car,178.0,111.0,91.0,200.0
008633.jpg,car,44.0,113.0,87.0,217.0
008635.jpg,bird,142.0,97.0,146.0,109.0
008636.jpg,cow,84.0,152.0,155.0,145.0
008636.jpg,cow,60.0,54.0,9.0,9.0
008636.jpg,cow,187.0,180.0,73.0,87.0
008638.jpg,train,63.0,114.0,83.0,165.0
008638.jpg,train,161.0,111.0,111.0,155.0
008638.jpg,person,14.0,174.0,16.0,63.0
008639.jpg,dog,124.0,120.0,39.0,81.0
008639.jpg,dog,203.0,202.0,42.0,44.0
008639.jpg,dog,74.0,157.0,27.0,58.0
008644.jpg,person,32.0,122.0,55.0,177.0
008644.jpg,person,84.0,122.0,53.0,188.0
008644.jpg,person,204.0,113.0,33.0,216.0
008644.jpg,person,170.0,134.0,39.0,169.0
008644.jpg,person,126.0,124.0,46.0,186.0
008645.jpg,boat,114.0,156.0,40.0,105.0
008647.jpg,person,104.0,113.0,208.0,223.0
008653.jpg,horse,151.0,108.0,118.0,191.0
008654.jpg,bird,67.0,124.0,98.0,93.0
008655.jpg,pottedplant,154.0,39.0,27.0,36.0
008655.jpg,dog,184.0,185.0,59.0,77.0
008655.jpg,dog,169.0,109.0,20.0,35.0
008655.jpg,tvmonitor,144.0,69.0,33.0,22.0
008655.jpg,diningtable,106.0,108.0,91.0,58.0
008655.jpg,chair,140.0,107.0,43.0,57.0
008655.jpg,chair,104.0,115.0,42.0,63.0
008655.jpg,chair,72.0,105.0,43.0,56.0
008655.jpg,chair,103.0,76.0,27.0,8.0
008663.jpg,car,111.0,130.0,222.0,133.0
008663.jpg,person,116.0,49.0,16.0,27.0
008663.jpg,person,37.0,79.0,15.0,24.0
008663.jpg,person,56.0,75.0,13.0,12.0
008663.jpg,person,164.0,62.0,9.0,17.0
008663.jpg,person,178.0,66.0,13.0,25.0
008665.jpg,car,114.0,114.0,177.0,209.0
008665.jpg,sofa,179.0,25.0,41.0,26.0
008665.jpg,person,5.0,23.0,9.0,45.0
008665.jpg,person,15.0,23.0,12.0,44.0
008665.jpg,sofa,186.0,33.0,30.0,36.0
008667.jpg,aeroplane,100.0,117.0,187.0,204.0
008670.jpg,bird,105.0,85.0,134.0,66.0
008670.jpg,bird,106.0,151.0,130.0,53.0
008676.jpg,motorbike,200.0,159.0,28.0,53.0
008676.jpg,motorbike,132.0,197.0,45.0,52.0
008676.jpg,motorbike,93.0,175.0,22.0,61.0
008676.jpg,motorbike,36.0,172.0,24.0,46.0
008676.jpg,car,84.0,130.0,56.0,57.0
008676.jpg,car,7.0,127.0,7.0,33.0
008676.jpg,person,200.0,130.0,31.0,74.0
008676.jpg,person,133.0,157.0,41.0,123.0
008676.jpg,person,93.0,139.0,35.0,90.0
008676.jpg,person,34.0,142.0,29.0,83.0
008676.jpg,person,38.0,137.0,31.0,83.0
008676.jpg,person,17.0,119.0,9.0,29.0
008676.jpg,person,11.0,117.0,9.0,29.0
008680.jpg,bus,121.0,115.0,42.0,31.0
008680.jpg,car,187.0,149.0,74.0,131.0
008680.jpg,car,41.0,151.0,78.0,69.0
008680.jpg,car,103.0,141.0,50.0,35.0
008680.jpg,car,141.0,134.0,35.0,27.0
008683.jpg,aeroplane,114.0,113.0,220.0,222.0
008687.jpg,dog,93.0,79.0,185.0,155.0
008688.jpg,pottedplant,112.0,112.0,223.0,223.0
008690.jpg,person,108.0,95.0,85.0,170.0
008691.jpg,train,102.0,118.0,203.0,49.0
008692.jpg,aeroplane,112.0,105.0,223.0,138.0
008692.jpg,person,101.0,162.0,59.0,119.0
008692.jpg,person,31.0,133.0,10.0,46.0
008692.jpg,person,13.0,129.0,11.0,38.0
008692.jpg,person,87.0,144.0,14.0,65.0
008695.jpg,motorbike,109.0,119.0,214.0,210.0
008695.jpg,motorbike,125.0,20.0,124.0,38.0
008698.jpg,person,91.0,118.0,179.0,211.0
008699.jpg,horse,121.0,149.0,110.0,137.0
008699.jpg,person,124.0,92.0,32.0,118.0
008701.jpg,person,91.0,134.0,55.0,107.0
008701.jpg,person,97.0,110.0,192.0,198.0
008701.jpg,sofa,113.0,138.0,223.0,171.0
008702.jpg,bus,116.0,132.0,205.0,149.0
008702.jpg,bicycle,83.0,197.0,87.0,53.0
008702.jpg,person,74.0,171.0,42.0,107.0
008702.jpg,person,46.0,177.0,24.0,93.0
008702.jpg,person,5.0,159.0,9.0,90.0
008706.jpg,cow,114.0,141.0,27.0,65.0
008706.jpg,cow,130.0,139.0,17.0,48.0
008706.jpg,cow,140.0,135.0,19.0,49.0
008706.jpg,cow,149.0,135.0,14.0,50.0
008706.jpg,cow,90.0,138.0,20.0,56.0
008706.jpg,cow,52.0,117.0,12.0,22.0
008706.jpg,cow,67.0,118.0,17.0,17.0
008706.jpg,cow,38.0,133.0,16.0,47.0
008706.jpg,cow,60.0,144.0,19.0,52.0
008706.jpg,cow,74.0,155.0,21.0,57.0
008706.jpg,car,23.0,108.0,19.0,28.0
008706.jpg,car,8.0,104.0,15.0,24.0
008706.jpg,person,52.0,102.0,7.0,7.0
008709.jpg,tvmonitor,40.0,123.0,47.0,51.0
008710.jpg,train,103.0,100.0,83.0,133.0
008713.jpg,sofa,107.0,138.0,214.0,173.0
008716.jpg,car,125.0,101.0,74.0,77.0
008717.jpg,diningtable,105.0,123.0,44.0,60.0
008717.jpg,chair,109.0,91.0,17.0,8.0
008717.jpg,chair,86.0,93.0,4.0,21.0
008717.jpg,chair,92.0,117.0,20.0,60.0
008717.jpg,chair,86.0,123.0,22.0,68.0
008717.jpg,chair,102.0,134.0,22.0,75.0
008717.jpg,chair,73.0,106.0,22.0,36.0
008718.jpg,person,184.0,146.0,34.0,137.0
008718.jpg,person,163.0,107.0,9.0,24.0
008718.jpg,person,152.0,111.0,9.0,27.0
008718.jpg,train,78.0,113.0,155.0,222.0
008720.jpg,cat,115.0,139.0,106.0,68.0
008722.jpg,cow,156.0,168.0,41.0,58.0
008723.jpg,aeroplane,106.0,107.0,207.0,125.0
008725.jpg,boat,63.0,107.0,112.0,75.0
008725.jpg,boat,154.0,122.0,13.0,6.0
008727.jpg,car,113.0,168.0,222.0,112.0
008728.jpg,dog,162.0,156.0,100.0,136.0
008728.jpg,person,76.0,140.0,151.0,168.0
008728.jpg,chair,150.0,63.0,48.0,85.0
008730.jpg,boat,134.0,147.0,124.0,46.0
008730.jpg,boat,110.0,112.0,29.0,14.0
008730.jpg,boat,181.0,125.0,56.0,26.0
008730.jpg,boat,76.0,101.0,29.0,47.0
008730.jpg,boat,13.0,109.0,24.0,20.0
008731.jpg,horse,91.0,125.0,47.0,125.0
008731.jpg,person,152.0,128.0,39.0,125.0
008732.jpg,bird,98.0,133.0,74.0,89.0
008733.jpg,chair,169.0,149.0,31.0,97.0
008733.jpg,chair,129.0,106.0,25.0,22.0
008733.jpg,chair,132.0,168.0,56.0,108.0
008733.jpg,chair,97.0,159.0,44.0,100.0
008733.jpg,diningtable,138.0,167.0,123.0,115.0
008733.jpg,pottedplant,50.0,112.0,99.0,223.0
008738.jpg,dog,80.0,158.0,159.0,131.0
008738.jpg,dog,188.0,176.0,71.0,94.0
008738.jpg,person,175.0,74.0,67.0,146.0
008738.jpg,person,33.0,60.0,65.0,118.0
008739.jpg,person,54.0,171.0,13.0,36.0
008739.jpg,person,70.0,171.0,12.0,27.0
008739.jpg,person,82.0,171.0,12.0,30.0
008739.jpg,car,105.0,164.0,9.0,7.0
008739.jpg,car,139.0,164.0,10.0,8.0
008739.jpg,car,124.0,171.0,27.0,16.0
008739.jpg,car,165.0,161.0,23.0,9.0
008739.jpg,car,180.0,192.0,88.0,55.0
008741.jpg,bicycle,113.0,113.0,221.0,222.0
008742.jpg,motorbike,148.0,198.0,48.0,25.0
008742.jpg,bicycle,112.0,199.0,21.0,19.0
008742.jpg,person,67.0,192.0,16.0,31.0
008742.jpg,person,48.0,191.0,13.0,32.0
008742.jpg,person,99.0,185.0,12.0,13.0
008744.jpg,person,132.0,101.0,94.0,88.0
008744.jpg,horse,135.0,126.0,94.0,91.0
008747.jpg,bus,105.0,69.0,159.0,95.0
008747.jpg,car,208.0,75.0,33.0,21.0
008748.jpg,person,105.0,175.0,56.0,56.0
008748.jpg,person,145.0,179.0,25.0,49.0
008748.jpg,person,167.0,179.0,20.0,53.0
008748.jpg,person,184.0,179.0,16.0,51.0
008748.jpg,person,67.0,178.0,28.0,52.0
008748.jpg,person,40.0,179.0,25.0,60.0
008748.jpg,person,104.0,147.0,70.0,7.0
008748.jpg,person,208.0,142.0,23.0,38.0
008748.jpg,person,12.0,144.0,14.0,29.0
008749.jpg,pottedplant,113.0,113.0,223.0,222.0
008750.jpg,car,113.0,115.0,204.0,133.0
008750.jpg,car,11.0,96.0,21.0,55.0
008752.jpg,motorbike,95.0,115.0,189.0,212.0
008752.jpg,person,114.0,43.0,29.0,27.0
008752.jpg,person,212.0,82.0,23.0,163.0
008752.jpg,person,187.0,45.0,7.0,31.0
008752.jpg,person,182.0,46.0,10.0,27.0
008752.jpg,person,201.0,87.0,9.0,70.0
008753.jpg,bird,189.0,164.0,53.0,48.0
008755.jpg,bird,139.0,112.0,88.0,221.0
008756.jpg,cat,112.0,88.0,35.0,32.0
008757.jpg,bicycle,105.0,111.0,167.0,124.0
008759.jpg,bicycle,145.0,112.0,158.0,223.0
008760.jpg,chair,59.0,176.0,117.0,97.0
008760.jpg,sofa,98.0,131.0,103.0,81.0
008764.jpg,bird,123.0,81.0,134.0,129.0
008766.jpg,train,86.0,128.0,169.0,146.0
008766.jpg,person,134.0,118.0,29.0,23.0
008768.jpg,person,78.0,107.0,46.0,114.0
008768.jpg,person,187.0,108.0,59.0,105.0
008768.jpg,car,76.0,98.0,150.0,86.0
008769.jpg,person,162.0,119.0,125.0,210.0
008769.jpg,person,66.0,128.0,124.0,192.0
008770.jpg,aeroplane,117.0,100.0,68.0,57.0
008771.jpg,bus,111.0,103.0,166.0,66.0
008771.jpg,person,206.0,118.0,5.0,26.0
008771.jpg,person,18.0,122.0,4.0,33.0
008771.jpg,person,12.0,115.0,4.0,29.0
008772.jpg,cat,112.0,136.0,216.0,173.0
008773.jpg,bird,137.0,130.0,172.0,106.0
008775.jpg,person,107.0,142.0,55.0,79.0
008775.jpg,person,152.0,108.0,78.0,134.0
008775.jpg,person,16.0,35.0,25.0,68.0
008775.jpg,person,35.0,32.0,17.0,63.0
008775.jpg,person,54.0,33.0,27.0,64.0
008775.jpg,person,82.0,35.0,20.0,69.0
008775.jpg,person,99.0,33.0,21.0,65.0
008775.jpg,person,112.0,36.0,26.0,71.0
008775.jpg,person,170.0,36.0,20.0,71.0
008775.jpg,person,190.0,37.0,23.0,73.0
008775.jpg,person,210.0,36.0,22.0,71.0
008775.jpg,person,136.0,24.0,25.0,47.0
008776.jpg,bird,102.0,118.0,61.0,186.0
008783.jpg,bottle,181.0,146.0,8.0,39.0
008783.jpg,diningtable,141.0,182.0,147.0,81.0
008783.jpg,chair,184.0,134.0,29.0,47.0
008783.jpg,chair,158.0,130.0,25.0,39.0
008783.jpg,chair,97.0,186.0,43.0,76.0
008783.jpg,chair,69.0,180.0,62.0,88.0
008783.jpg,chair,64.0,131.0,29.0,45.0
008784.jpg,car,219.0,135.0,9.0,20.0
008784.jpg,car,205.0,131.0,25.0,25.0
008784.jpg,car,192.0,134.0,14.0,19.0
008784.jpg,car,177.0,133.0,12.0,20.0
008784.jpg,car,143.0,130.0,17.0,21.0
008784.jpg,car,97.0,133.0,16.0,26.0
008784.jpg,car,77.0,132.0,20.0,25.0
008784.jpg,car,57.0,135.0,16.0,29.0
008784.jpg,car,31.0,134.0,22.0,27.0
008784.jpg,car,9.0,134.0,17.0,21.0
008784.jpg,boat,155.0,147.0,8.0,29.0
008784.jpg,boat,125.0,148.0,10.0,33.0
008784.jpg,boat,114.0,151.0,9.0,32.0
008784.jpg,boat,108.0,152.0,9.0,41.0
008784.jpg,boat,94.0,148.0,9.0,33.0
008784.jpg,boat,71.0,149.0,11.0,32.0
008784.jpg,boat,27.0,151.0,11.0,32.0
008784.jpg,car,158.0,129.0,26.0,33.0
008790.jpg,train,48.0,137.0,95.0,42.0
008793.jpg,bus,127.0,72.0,134.0,143.0
008793.jpg,car,197.0,92.0,13.0,21.0
008793.jpg,car,215.0,93.0,17.0,47.0
008794.jpg,person,11.0,108.0,20.0,88.0
008794.jpg,person,31.0,119.0,25.0,60.0
008794.jpg,person,66.0,94.0,20.0,17.0
008794.jpg,person,88.0,90.0,11.0,17.0
008794.jpg,person,106.0,66.0,11.0,16.0
008794.jpg,person,127.0,60.0,9.0,8.0
008794.jpg,person,142.0,56.0,7.0,11.0
008794.jpg,person,165.0,89.0,13.0,21.0
008794.jpg,person,193.0,83.0,8.0,12.0
008794.jpg,person,211.0,84.0,9.0,13.0
008794.jpg,person,194.0,64.0,12.0,34.0
008794.jpg,car,130.0,122.0,188.0,129.0
008794.jpg,person,130.0,51.0,17.0,26.0
008794.jpg,person,115.0,54.0,13.0,27.0
008794.jpg,person,99.0,64.0,17.0,51.0
008796.jpg,bird,107.0,106.0,45.0,28.0
008799.jpg,aeroplane,117.0,104.0,214.0,148.0
008799.jpg,aeroplane,48.0,133.0,51.0,31.0
008801.jpg,person,101.0,104.0,77.0,193.0
008801.jpg,motorbike,207.0,47.0,33.0,93.0
008801.jpg,car,202.0,24.0,44.0,47.0
008801.jpg,car,131.0,22.0,88.0,43.0
008801.jpg,car,91.0,31.0,97.0,46.0
008805.jpg,horse,113.0,138.0,159.0,143.0
008805.jpg,person,121.0,94.0,66.0,78.0
008806.jpg,pottedplant,101.0,35.0,5.0,10.0
008806.jpg,pottedplant,105.0,101.0,3.0,10.0
008806.jpg,pottedplant,108.0,101.0,3.0,9.0
008806.jpg,pottedplant,112.0,102.0,3.0,9.0
008806.jpg,pottedplant,158.0,116.0,10.0,38.0
008806.jpg,pottedplant,193.0,125.0,11.0,43.0
008809.jpg,cat,108.0,91.0,181.0,127.0
008810.jpg,motorbike,109.0,79.0,113.0,125.0
008810.jpg,person,175.0,71.0,22.0,47.0
008810.jpg,person,15.0,87.0,26.0,63.0
008811.jpg,bicycle,113.0,129.0,223.0,191.0
008813.jpg,bird,122.0,104.0,75.0,84.0
008813.jpg,person,179.0,119.0,72.0,202.0
008813.jpg,person,23.0,112.0,45.0,223.0
008813.jpg,person,207.0,123.0,33.0,59.0
008813.jpg,person,169.0,162.0,106.0,125.0
008813.jpg,person,98.0,148.0,39.0,138.0
008813.jpg,person,69.0,87.0,22.0,47.0
008813.jpg,person,53.0,76.0,16.0,40.0
008814.jpg,chair,180.0,148.0,30.0,63.0
008814.jpg,chair,104.0,184.0,39.0,80.0
008814.jpg,chair,63.0,173.0,35.0,88.0
008814.jpg,diningtable,110.0,175.0,105.0,81.0
008815.jpg,cat,52.0,118.0,102.0,200.0
008817.jpg,person,154.0,116.0,62.0,216.0
008817.jpg,motorbike,105.0,123.0,206.0,202.0
008819.jpg,dog,127.0,118.0,97.0,166.0
008822.jpg,dog,88.0,116.0,176.0,216.0
008823.jpg,sofa,125.0,136.0,198.0,118.0
008826.jpg,car,190.0,157.0,69.0,88.0
008831.jpg,bicycle,65.0,165.0,118.0,83.0
008831.jpg,bicycle,169.0,168.0,108.0,77.0
008833.jpg,person,74.0,112.0,125.0,223.0
008833.jpg,person,202.0,140.0,44.0,167.0
008835.jpg,pottedplant,47.0,36.0,56.0,67.0
008835.jpg,pottedplant,104.0,42.0,52.0,80.0
008835.jpg,pottedplant,153.0,40.0,35.0,59.0
008835.jpg,pottedplant,196.0,62.0,36.0,59.0
008835.jpg,pottedplant,169.0,105.0,42.0,55.0
008835.jpg,pottedplant,137.0,133.0,47.0,65.0
008835.jpg,pottedplant,89.0,98.0,40.0,57.0
008836.jpg,person,132.0,136.0,131.0,176.0
008836.jpg,person,172.0,100.0,40.0,117.0
008836.jpg,person,29.0,146.0,56.0,155.0
008836.jpg,person,212.0,195.0,24.0,58.0
008836.jpg,person,205.0,132.0,37.0,130.0
008836.jpg,person,222.0,21.0,3.0,36.0
008836.jpg,person,211.0,20.0,10.0,38.0
008836.jpg,person,198.0,20.0,12.0,39.0
008836.jpg,person,181.0,19.0,9.0,38.0
008836.jpg,person,121.0,26.0,12.0,39.0
008836.jpg,person,93.0,30.0,6.0,38.0
008836.jpg,person,60.0,50.0,5.0,29.0
008836.jpg,person,53.0,52.0,5.0,27.0
008836.jpg,person,48.0,52.0,4.0,23.0
008836.jpg,person,13.0,95.0,24.0,66.0
008837.jpg,tvmonitor,17.0,135.0,33.0,174.0
008837.jpg,tvmonitor,113.0,121.0,166.0,202.0
008838.jpg,bus,102.0,113.0,95.0,163.0
008838.jpg,car,166.0,133.0,10.0,13.0
008838.jpg,person,49.0,134.0,5.0,12.0
008840.jpg,dog,126.0,87.0,128.0,172.0
008840.jpg,dog,47.0,155.0,92.0,137.0
008841.jpg,dog,96.0,185.0,32.0,79.0
008841.jpg,bottle,141.0,39.0,4.0,11.0
008841.jpg,bottle,149.0,43.0,7.0,20.0
008841.jpg,bottle,145.0,42.0,4.0,19.0
008841.jpg,bottle,137.0,43.0,6.0,21.0
008841.jpg,bottle,179.0,112.0,5.0,22.0
008843.jpg,car,135.0,147.0,163.0,152.0
008847.jpg,aeroplane,91.0,98.0,79.0,140.0
008848.jpg,car,154.0,169.0,67.0,62.0
008848.jpg,bus,65.0,161.0,26.0,50.0
008848.jpg,car,24.0,171.0,9.0,9.0
008848.jpg,car,11.0,173.0,11.0,11.0
008849.jpg,dog,108.0,154.0,89.0,141.0
008849.jpg,sofa,112.0,135.0,223.0,177.0
008854.jpg,cat,128.0,112.0,192.0,223.0
008856.jpg,cat,123.0,113.0,202.0,222.0
008858.jpg,bird,131.0,122.0,76.0,163.0
008859.jpg,car,78.0,83.0,41.0,32.0
008859.jpg,car,61.0,68.0,28.0,26.0
008862.jpg,horse,114.0,147.0,73.0,120.0
008862.jpg,person,121.0,96.0,84.0,107.0
008865.jpg,person,173.0,156.0,102.0,95.0
008865.jpg,sofa,147.0,175.0,155.0,99.0
008867.jpg,horse,121.0,151.0,142.0,63.0
008867.jpg,person,114.0,121.0,60.0,112.0
008871.jpg,sheep,115.0,118.0,207.0,212.0
008872.jpg,person,116.0,164.0,71.0,119.0
008873.jpg,aeroplane,73.0,108.0,66.0,115.0
008874.jpg,tvmonitor,53.0,115.0,26.0,32.0
008874.jpg,sofa,109.0,146.0,125.0,85.0
008874.jpg,chair,167.0,181.0,114.0,85.0
008876.jpg,person,117.0,119.0,34.0,102.0
008876.jpg,horse,120.0,175.0,196.0,98.0
008878.jpg,train,125.0,100.0,94.0,35.0
008879.jpg,person,112.0,132.0,111.0,184.0
008879.jpg,person,103.0,160.0,71.0,127.0
008879.jpg,sofa,88.0,149.0,174.0,148.0
008880.jpg,cat,125.0,113.0,112.0,161.0
008883.jpg,bus,106.0,151.0,73.0,39.0
008883.jpg,bus,166.0,152.0,34.0,35.0
008883.jpg,bus,215.0,150.0,19.0,39.0
008884.jpg,person,80.0,165.0,26.0,117.0
008884.jpg,person,102.0,170.0,22.0,100.0
008884.jpg,boat,83.0,78.0,164.0,153.0
008885.jpg,cat,100.0,121.0,198.0,203.0
008886.jpg,horse,112.0,111.0,203.0,221.0
008886.jpg,person,190.0,96.0,69.0,188.0
008888.jpg,tvmonitor,97.0,75.0,30.0,40.0
008888.jpg,chair,145.0,154.0,79.0,138.0
008888.jpg,chair,14.0,157.0,28.0,98.0
008890.jpg,dog,140.0,90.0,148.0,43.0
008891.jpg,car,137.0,114.0,140.0,90.0
008891.jpg,person,132.0,93.0,15.0,20.0
008892.jpg,car,45.0,207.0,52.0,34.0
008892.jpg,car,118.0,199.0,18.0,19.0
008892.jpg,car,138.0,199.0,24.0,21.0
008892.jpg,car,161.0,201.0,43.0,30.0
008892.jpg,car,15.0,202.0,29.0,43.0
008892.jpg,car,179.0,207.0,90.0,33.0
008892.jpg,car,195.0,182.0,57.0,65.0
008892.jpg,person,90.0,198.0,6.0,19.0
008900.jpg,boat,112.0,50.0,224.0,49.0
008900.jpg,boat,112.0,78.0,224.0,93.0
008900.jpg,person,21.0,148.0,40.0,65.0
008900.jpg,person,85.0,135.0,26.0,93.0
008900.jpg,person,110.0,119.0,37.0,58.0
008900.jpg,person,171.0,109.0,26.0,87.0
008900.jpg,person,200.0,93.0,32.0,56.0
008900.jpg,person,193.0,21.0,27.0,34.0
008900.jpg,person,156.0,25.0,35.0,35.0
008900.jpg,person,117.0,32.0,27.0,35.0
008900.jpg,person,33.0,44.0,26.0,31.0
008900.jpg,person,86.0,36.0,23.0,30.0
008900.jpg,dog,73.0,191.0,32.0,50.0
008905.jpg,aeroplane,112.0,113.0,223.0,129.0
008909.jpg,car,114.0,110.0,208.0,148.0
008911.jpg,bus,125.0,79.0,67.0,122.0
008911.jpg,bus,161.0,12.0,81.0,23.0
008911.jpg,car,173.0,33.0,60.0,42.0
008911.jpg,car,94.0,59.0,30.0,37.0
008911.jpg,car,72.0,36.0,78.0,38.0
008911.jpg,car,28.0,51.0,54.0,43.0
008911.jpg,car,65.0,124.0,90.0,74.0
008911.jpg,person,92.0,89.0,10.0,47.0
008911.jpg,person,66.0,77.0,10.0,26.0
008911.jpg,person,36.0,155.0,19.0,63.0
008911.jpg,person,14.0,144.0,14.0,63.0
008911.jpg,person,71.0,10.0,9.0,19.0
008913.jpg,tvmonitor,103.0,93.0,26.0,29.0
008913.jpg,tvmonitor,126.0,99.0,24.0,30.0
008914.jpg,horse,117.0,135.0,85.0,145.0
008917.jpg,cat,159.0,115.0,129.0,218.0
008919.jpg,horse,100.0,127.0,96.0,113.0
008920.jpg,sheep,140.0,135.0,79.0,90.0
008920.jpg,person,65.0,105.0,76.0,130.0
008921.jpg,person,105.0,113.0,95.0,223.0
008923.jpg,car,85.0,111.0,157.0,155.0
008926.jpg,bird,135.0,111.0,62.0,117.0
008927.jpg,cow,105.0,166.0,28.0,47.0
008929.jpg,car,99.0,100.0,197.0,123.0
008929.jpg,car,19.0,95.0,37.0,153.0
008930.jpg,cat,113.0,125.0,223.0,198.0
008931.jpg,bottle,112.0,189.0,28.0,70.0
008931.jpg,bottle,28.0,169.0,17.0,85.0
008931.jpg,chair,175.0,196.0,13.0,56.0
008931.jpg,person,86.0,147.0,73.0,154.0
008931.jpg,person,143.0,149.0,63.0,151.0
008931.jpg,person,54.0,137.0,45.0,107.0
008931.jpg,person,21.0,130.0,41.0,98.0
008931.jpg,person,172.0,113.0,69.0,223.0
008932.jpg,person,48.0,150.0,43.0,149.0
008932.jpg,person,83.0,139.0,41.0,169.0
008932.jpg,person,119.0,126.0,40.0,108.0
008932.jpg,person,155.0,115.0,40.0,133.0
008932.jpg,diningtable,149.0,201.0,120.0,46.0
008933.jpg,cat,98.0,141.0,100.0,77.0
008933.jpg,pottedplant,155.0,169.0,30.0,27.0
008933.jpg,pottedplant,159.0,186.0,38.0,29.0
008936.jpg,chair,68.0,166.0,53.0,76.0
008936.jpg,chair,18.0,200.0,32.0,48.0
008936.jpg,chair,34.0,151.0,41.0,64.0
008936.jpg,chair,104.0,123.0,23.0,38.0
008936.jpg,chair,127.0,142.0,33.0,48.0
008936.jpg,chair,131.0,107.0,15.0,14.0
008936.jpg,chair,146.0,119.0,22.0,24.0
008936.jpg,chair,150.0,102.0,16.0,11.0
008936.jpg,chair,159.0,101.0,9.0,12.0
008936.jpg,chair,166.0,105.0,8.0,7.0
008936.jpg,chair,177.0,119.0,21.0,29.0
008936.jpg,chair,209.0,107.0,17.0,20.0
008936.jpg,chair,193.0,106.0,9.0,17.0
008939.jpg,car,204.0,163.0,41.0,47.0
008940.jpg,aeroplane,112.0,112.0,217.0,217.0
008942.jpg,sheep,44.0,142.0,70.0,69.0
008942.jpg,sheep,106.0,141.0,43.0,56.0
008942.jpg,sheep,161.0,142.0,53.0,46.0
008942.jpg,sheep,166.0,118.0,17.0,14.0
008942.jpg,sheep,183.0,116.0,16.0,14.0
008942.jpg,sheep,146.0,124.0,25.0,19.0
008942.jpg,sheep,76.0,116.0,21.0,14.0
008942.jpg,sheep,56.0,139.0,57.0,62.0
008942.jpg,sheep,13.0,145.0,24.0,49.0
008943.jpg,bird,169.0,206.0,27.0,32.0
008943.jpg,bird,198.0,206.0,13.0,21.0
008943.jpg,bird,221.0,212.0,6.0,21.0
008943.jpg,bird,114.0,212.0,14.0,21.0
008943.jpg,bird,138.0,213.0,28.0,18.0
008943.jpg,person,90.0,133.0,57.0,123.0
008943.jpg,person,79.0,56.0,36.0,105.0
008943.jpg,person,26.0,36.0,16.0,62.0
008943.jpg,person,37.0,36.0,19.0,68.0
008943.jpg,person,11.0,31.0,21.0,58.0
008943.jpg,bird,20.0,218.0,20.0,13.0
008943.jpg,person,222.0,9.0,4.0,14.0
008943.jpg,person,216.0,8.0,4.0,15.0
008943.jpg,person,213.0,9.0,5.0,17.0
008943.jpg,person,208.0,10.0,8.0,18.0
008944.jpg,person,112.0,112.0,223.0,224.0
008948.jpg,chair,41.0,144.0,80.0,98.0
008948.jpg,chair,138.0,112.0,52.0,70.0
008948.jpg,tvmonitor,218.0,97.0,12.0,47.0
008951.jpg,dog,113.0,116.0,222.0,216.0
008953.jpg,person,65.0,81.0,128.0,121.0
008953.jpg,bottle,130.0,140.0,40.0,42.0
008955.jpg,tvmonitor,110.0,117.0,147.0,90.0
008958.jpg,car,123.0,118.0,202.0,194.0
008960.jpg,person,207.0,155.0,21.0,60.0
008960.jpg,person,188.0,163.0,11.0,44.0
008960.jpg,person,157.0,161.0,11.0,50.0
008960.jpg,person,146.0,164.0,10.0,51.0
008960.jpg,car,61.0,115.0,15.0,14.0
008961.jpg,chair,165.0,161.0,99.0,125.0
008961.jpg,person,161.0,136.0,101.0,175.0
008961.jpg,person,60.0,133.0,120.0,181.0
008961.jpg,chair,25.0,197.0,50.0,53.0
008961.jpg,person,23.0,46.0,19.0,27.0
008961.jpg,chair,213.0,92.0,23.0,20.0
008962.jpg,bottle,50.0,76.0,22.0,105.0
008965.jpg,person,138.0,112.0,171.0,223.0
008966.jpg,bus,141.0,99.0,167.0,165.0
008966.jpg,car,15.0,117.0,13.0,18.0
008967.jpg,bottle,136.0,116.0,67.0,213.0
008967.jpg,bottle,188.0,113.0,54.0,207.0
008967.jpg,bottle,95.0,130.0,44.0,188.0
008967.jpg,bottle,83.0,136.0,43.0,176.0
008968.jpg,car,118.0,114.0,160.0,168.0
008969.jpg,car,114.0,145.0,190.0,158.0
008969.jpg,car,206.0,91.0,37.0,37.0
008969.jpg,car,17.0,168.0,32.0,111.0
008970.jpg,pottedplant,140.0,108.0,53.0,108.0
008970.jpg,tvmonitor,57.0,94.0,56.0,85.0
008971.jpg,aeroplane,122.0,111.0,170.0,149.0
008973.jpg,cow,160.0,108.0,78.0,159.0
008975.jpg,sofa,114.0,159.0,85.0,111.0
008975.jpg,chair,36.0,126.0,50.0,60.0
008975.jpg,person,196.0,148.0,55.0,152.0
008976.jpg,cat,134.0,110.0,37.0,79.0
008976.jpg,sofa,112.0,145.0,223.0,158.0
008978.jpg,car,157.0,151.0,125.0,127.0
008979.jpg,motorbike,107.0,114.0,182.0,181.0
008979.jpg,person,62.0,103.0,89.0,170.0
008980.jpg,dog,104.0,109.0,156.0,166.0
008982.jpg,tvmonitor,153.0,91.0,76.0,97.0
008982.jpg,bottle,205.0,156.0,26.0,90.0
008983.jpg,chair,194.0,172.0,48.0,104.0
008983.jpg,person,199.0,136.0,46.0,172.0
008983.jpg,person,154.0,61.0,35.0,61.0
008983.jpg,person,118.0,56.0,35.0,87.0
008983.jpg,person,65.0,93.0,59.0,117.0
008983.jpg,person,32.0,141.0,60.0,167.0
008983.jpg,diningtable,117.0,158.0,143.0,131.0
008983.jpg,sofa,21.0,60.0,42.0,106.0
008985.jpg,bird,95.0,113.0,186.0,218.0
008987.jpg,sofa,168.0,120.0,66.0,66.0
008987.jpg,sofa,85.0,157.0,87.0,105.0
008987.jpg,pottedplant,46.0,157.0,12.0,39.0
008988.jpg,train,84.0,127.0,167.0,140.0
008989.jpg,bottle,75.0,116.0,21.0,32.0
008989.jpg,bottle,97.0,129.0,17.0,41.0
008989.jpg,bottle,112.0,107.0,25.0,32.0
008989.jpg,bottle,124.0,106.0,18.0,26.0
008989.jpg,bottle,141.0,125.0,18.0,26.0
008989.jpg,bottle,151.0,129.0,18.0,22.0
008989.jpg,bottle,164.0,128.0,21.0,22.0
008989.jpg,bottle,174.0,122.0,15.0,19.0
008989.jpg,bottle,181.0,121.0,15.0,20.0
008995.jpg,bicycle,109.0,184.0,129.0,26.0
008997.jpg,diningtable,59.0,183.0,116.0,81.0
008997.jpg,chair,87.0,165.0,35.0,34.0
008997.jpg,chair,50.0,155.0,22.0,27.0
008997.jpg,chair,207.0,167.0,33.0,43.0
008997.jpg,chair,211.0,143.0,23.0,10.0
008997.jpg,chair,212.0,141.0,24.0,11.0
008997.jpg,chair,211.0,139.0,21.0,12.0
008997.jpg,pottedplant,165.0,132.0,9.0,22.0
008997.jpg,pottedplant,77.0,128.0,30.0,79.0
008997.jpg,pottedplant,57.0,114.0,15.0,20.0
008997.jpg,tvmonitor,26.0,114.0,8.0,14.0
008999.jpg,boat,31.0,74.0,15.0,55.0
008999.jpg,boat,79.0,70.0,14.0,63.0
008999.jpg,boat,103.0,86.0,7.0,22.0
008999.jpg,boat,119.0,65.0,16.0,79.0
008999.jpg,boat,143.0,79.0,9.0,39.0
008999.jpg,boat,192.0,74.0,13.0,51.0
008999.jpg,boat,147.0,85.0,5.0,24.0
009000.jpg,dog,113.0,117.0,29.0,34.0
009000.jpg,person,189.0,119.0,48.0,45.0
009000.jpg,person,44.0,12.0,9.0,23.0
009000.jpg,person,18.0,17.0,9.0,26.0
009000.jpg,car,41.0,14.0,61.0,27.0
009002.jpg,train,108.0,98.0,184.0,147.0
009004.jpg,motorbike,111.0,126.0,185.0,172.0
009004.jpg,motorbike,111.0,30.0,63.0,58.0
009004.jpg,motorbike,143.0,31.0,79.0,59.0
009004.jpg,motorbike,181.0,50.0,81.0,95.0
009005.jpg,person,58.0,96.0,39.0,106.0
009005.jpg,person,140.0,124.0,62.0,173.0
009005.jpg,person,101.0,89.0,39.0,108.0
009005.jpg,person,86.0,83.0,21.0,100.0
009005.jpg,person,161.0,65.0,33.0,112.0
009005.jpg,person,216.0,74.0,16.0,140.0
009005.jpg,person,63.0,33.0,17.0,57.0
009005.jpg,bicycle,58.0,135.0,34.0,78.0
009005.jpg,bicycle,137.0,172.0,61.0,104.0
009005.jpg,bicycle,104.0,131.0,32.0,80.0
009006.jpg,car,79.0,119.0,13.0,13.0
009006.jpg,car,95.0,119.0,16.0,14.0
009006.jpg,car,126.0,120.0,16.0,13.0
009006.jpg,car,141.0,130.0,26.0,23.0
009007.jpg,motorbike,107.0,112.0,199.0,223.0
009015.jpg,bus,149.0,124.0,89.0,77.0
009015.jpg,car,12.0,183.0,24.0,82.0
009015.jpg,car,60.0,140.0,17.0,16.0
009015.jpg,car,100.0,145.0,9.0,17.0
009015.jpg,car,41.0,141.0,18.0,15.0
009015.jpg,car,31.0,139.0,5.0,12.0
009016.jpg,bottle,155.0,102.0,90.0,201.0
009018.jpg,bird,80.0,121.0,155.0,131.0
009019.jpg,dog,110.0,127.0,184.0,75.0
009019.jpg,sofa,113.0,131.0,223.0,186.0
009020.jpg,person,138.0,119.0,43.0,156.0
009020.jpg,horse,127.0,127.0,107.0,116.0
009022.jpg,dog,90.0,153.0,56.0,136.0
009022.jpg,person,178.0,112.0,93.0,222.0
009024.jpg,person,160.0,101.0,55.0,76.0
009024.jpg,horse,152.0,119.0,84.0,84.0
009027.jpg,bottle,94.0,77.0,26.0,64.0
009029.jpg,car,111.0,43.0,155.0,45.0
009032.jpg,pottedplant,146.0,139.0,14.0,29.0
009032.jpg,tvmonitor,52.0,99.0,81.0,115.0
009032.jpg,tvmonitor,124.0,99.0,65.0,108.0
009034.jpg,motorbike,167.0,90.0,25.0,63.0
009034.jpg,motorbike,184.0,88.0,18.0,43.0
009034.jpg,motorbike,143.0,113.0,38.0,103.0
009034.jpg,motorbike,200.0,111.0,34.0,66.0
009034.jpg,motorbike,59.0,144.0,43.0,109.0
009034.jpg,motorbike,97.0,176.0,49.0,95.0
009034.jpg,motorbike,24.0,73.0,22.0,36.0
009034.jpg,person,125.0,57.0,24.0,35.0
009034.jpg,person,107.0,56.0,19.0,36.0
009034.jpg,person,78.0,62.0,22.0,30.0
009034.jpg,person,72.0,57.0,14.0,24.0
009034.jpg,person,204.0,92.0,22.0,108.0
009034.jpg,person,215.0,114.0,17.0,152.0
009034.jpg,person,35.0,121.0,41.0,131.0
009034.jpg,person,99.0,133.0,79.0,173.0
009035.jpg,cat,112.0,108.0,223.0,215.0
009036.jpg,bicycle,170.0,185.0,84.0,79.0
009036.jpg,bicycle,14.0,114.0,27.0,39.0
009036.jpg,bicycle,25.0,69.0,47.0,97.0
009036.jpg,person,174.0,144.0,77.0,141.0
009036.jpg,person,31.0,36.0,37.0,70.0
009036.jpg,person,16.0,74.0,30.0,116.0
009037.jpg,bus,185.0,126.0,78.0,54.0
009039.jpg,aeroplane,124.0,178.0,56.0,30.0
009039.jpg,aeroplane,87.0,40.0,14.0,9.0
009042.jpg,dog,117.0,96.0,130.0,68.0
009045.jpg,person,104.0,86.0,25.0,45.0
009045.jpg,person,126.0,78.0,26.0,31.0
009045.jpg,person,141.0,73.0,18.0,23.0
009045.jpg,person,157.0,76.0,14.0,22.0
009045.jpg,person,181.0,79.0,22.0,34.0
009045.jpg,person,207.0,99.0,29.0,70.0
009045.jpg,person,108.0,132.0,40.0,65.0
009045.jpg,car,112.0,136.0,224.0,175.0
009048.jpg,cat,105.0,159.0,69.0,43.0
009048.jpg,chair,147.0,68.0,79.0,56.0
009049.jpg,motorbike,162.0,108.0,70.0,120.0
009049.jpg,motorbike,92.0,130.0,138.0,159.0
009049.jpg,person,128.0,43.0,53.0,71.0
009049.jpg,person,78.0,91.0,66.0,162.0
009051.jpg,tvmonitor,6.0,119.0,12.0,26.0
009051.jpg,sofa,82.0,151.0,116.0,65.0
009051.jpg,chair,86.0,170.0,46.0,60.0
009051.jpg,chair,138.0,156.0,32.0,41.0
009051.jpg,chair,154.0,186.0,56.0,67.0
009051.jpg,chair,69.0,190.0,54.0,69.0
009053.jpg,car,103.0,116.0,168.0,134.0
009058.jpg,car,109.0,86.0,216.0,171.0
009059.jpg,bus,92.0,81.0,97.0,61.0
009060.jpg,car,123.0,135.0,201.0,179.0
009060.jpg,car,28.0,111.0,55.0,80.0
009063.jpg,aeroplane,51.0,113.0,60.0,27.0
009063.jpg,aeroplane,146.0,101.0,59.0,35.0
009064.jpg,car,108.0,124.0,188.0,162.0
009064.jpg,car,214.0,93.0,21.0,59.0
009064.jpg,car,35.0,73.0,69.0,96.0
009064.jpg,person,89.0,51.0,22.0,27.0
009064.jpg,person,111.0,53.0,18.0,25.0
009064.jpg,person,30.0,65.0,34.0,88.0
009064.jpg,person,172.0,67.0,33.0,63.0
009064.jpg,person,196.0,74.0,12.0,49.0
009064.jpg,person,206.0,77.0,11.0,51.0
009066.jpg,dog,127.0,142.0,165.0,163.0
009068.jpg,sofa,189.0,173.0,70.0,102.0
009068.jpg,chair,95.0,165.0,73.0,72.0
009068.jpg,chair,18.0,159.0,32.0,40.0
009068.jpg,person,162.0,148.0,69.0,105.0
009068.jpg,person,64.0,164.0,126.0,83.0
009068.jpg,pottedplant,154.0,126.0,22.0,35.0
009072.jpg,chair,46.0,64.0,91.0,126.0
009073.jpg,bus,80.0,119.0,47.0,76.0
009073.jpg,bus,31.0,103.0,49.0,38.0
009073.jpg,car,54.0,143.0,27.0,44.0
009073.jpg,car,22.0,161.0,43.0,81.0
009073.jpg,person,197.0,131.0,55.0,186.0
009073.jpg,person,167.0,156.0,18.0,73.0
009073.jpg,person,147.0,148.0,27.0,88.0
009073.jpg,person,112.0,145.0,12.0,43.0
009073.jpg,person,102.0,142.0,13.0,50.0
009073.jpg,person,129.0,138.0,14.0,46.0
009073.jpg,person,159.0,121.0,11.0,25.0
009078.jpg,car,113.0,178.0,124.0,55.0
009078.jpg,person,105.0,162.0,14.0,17.0
009078.jpg,car,102.0,144.0,24.0,13.0
009078.jpg,pottedplant,210.0,159.0,12.0,21.0
009079.jpg,person,96.0,122.0,186.0,201.0
009079.jpg,person,51.0,164.0,99.0,119.0
009079.jpg,person,214.0,168.0,21.0,88.0
009079.jpg,person,68.0,42.0,60.0,78.0
009080.jpg,bird,171.0,99.0,27.0,17.0
009080.jpg,bird,57.0,79.0,43.0,66.0
009085.jpg,aeroplane,112.0,122.0,212.0,76.0
009085.jpg,aeroplane,205.0,208.0,32.0,22.0
009085.jpg,aeroplane,157.0,213.0,30.0,15.0
009085.jpg,aeroplane,60.0,211.0,24.0,16.0
009085.jpg,aeroplane,26.0,208.0,48.0,21.0
009085.jpg,aeroplane,14.0,214.0,26.0,12.0
009086.jpg,train,119.0,126.0,210.0,197.0
009087.jpg,pottedplant,24.0,119.0,34.0,32.0
009087.jpg,pottedplant,26.0,152.0,29.0,30.0
009087.jpg,pottedplant,25.0,194.0,45.0,60.0
009087.jpg,person,125.0,147.0,52.0,154.0
009087.jpg,person,110.0,96.0,22.0,45.0
009087.jpg,person,79.0,154.0,51.0,140.0
009087.jpg,cat,134.0,164.0,39.0,91.0
009087.jpg,chair,208.0,202.0,32.0,44.0
009089.jpg,person,102.0,130.0,204.0,188.0
009091.jpg,person,136.0,144.0,81.0,159.0
009091.jpg,person,155.0,119.0,72.0,211.0
009091.jpg,person,96.0,119.0,56.0,211.0
009091.jpg,person,13.0,116.0,26.0,216.0
009091.jpg,person,24.0,69.0,31.0,137.0
009091.jpg,person,61.0,59.0,36.0,116.0
009091.jpg,person,121.0,37.0,28.0,73.0
009091.jpg,person,99.0,10.0,19.0,19.0
009091.jpg,person,153.0,30.0,19.0,58.0
009091.jpg,person,173.0,28.0,26.0,55.0
009091.jpg,person,194.0,20.0,31.0,38.0
009094.jpg,tvmonitor,141.0,92.0,71.0,87.0
009098.jpg,cat,53.0,176.0,105.0,97.0
009098.jpg,cat,114.0,113.0,221.0,223.0
009099.jpg,bird,97.0,138.0,63.0,123.0
009100.jpg,bottle,146.0,154.0,65.0,70.0
009105.jpg,bus,120.0,106.0,209.0,164.0
009106.jpg,car,80.0,133.0,159.0,140.0
009108.jpg,bottle,153.0,105.0,68.0,209.0
009108.jpg,bottle,86.0,102.0,65.0,203.0
009112.jpg,dog,118.0,80.0,195.0,108.0
009113.jpg,cow,95.0,136.0,112.0,139.0
009113.jpg,cow,146.0,65.0,14.0,14.0
009113.jpg,cow,91.0,61.0,10.0,12.0
009113.jpg,cow,86.0,70.0,20.0,10.0
009113.jpg,cow,56.0,61.0,8.0,10.0
009113.jpg,cow,27.0,61.0,9.0,10.0
009113.jpg,cow,101.0,59.0,9.0,7.0
009114.jpg,horse,108.0,115.0,123.0,174.0
009114.jpg,person,107.0,64.0,30.0,105.0
009116.jpg,car,104.0,157.0,200.0,109.0
009117.jpg,dog,154.0,119.0,140.0,207.0
009121.jpg,car,104.0,123.0,65.0,65.0
009121.jpg,car,23.0,107.0,44.0,66.0
009121.jpg,car,42.0,90.0,43.0,51.0
009121.jpg,car,31.0,55.0,36.0,35.0
009121.jpg,car,194.0,61.0,37.0,45.0
009121.jpg,car,88.0,30.0,32.0,34.0
009121.jpg,car,206.0,93.0,36.0,53.0
009121.jpg,car,208.0,133.0,33.0,67.0
009123.jpg,diningtable,84.0,163.0,147.0,121.0
009123.jpg,chair,160.0,182.0,78.0,83.0
009123.jpg,chair,201.0,176.0,37.0,94.0
009123.jpg,chair,50.0,199.0,57.0,31.0
009123.jpg,pottedplant,115.0,86.0,37.0,57.0
009123.jpg,person,179.0,123.0,85.0,121.0
009123.jpg,person,168.0,102.0,45.0,83.0
009123.jpg,person,134.0,83.0,30.0,46.0
009123.jpg,person,73.0,89.0,35.0,58.0
009123.jpg,person,37.0,81.0,25.0,75.0
009123.jpg,person,21.0,116.0,41.0,127.0
009126.jpg,bus,114.0,92.0,211.0,136.0
009128.jpg,person,113.0,115.0,222.0,218.0
009129.jpg,sofa,125.0,132.0,179.0,174.0
009131.jpg,boat,153.0,88.0,22.0,86.0
009133.jpg,cow,80.0,119.0,160.0,209.0
009136.jpg,chair,43.0,160.0,60.0,127.0
009136.jpg,chair,214.0,159.0,20.0,129.0
009136.jpg,person,106.0,133.0,109.0,183.0
009138.jpg,horse,126.0,113.0,196.0,223.0
009141.jpg,person,106.0,127.0,36.0,79.0
009141.jpg,person,131.0,93.0,37.0,88.0
009141.jpg,person,134.0,142.0,35.0,93.0
009141.jpg,person,156.0,149.0,51.0,99.0
009141.jpg,person,61.0,116.0,22.0,86.0
009141.jpg,person,51.0,126.0,51.0,87.0
009144.jpg,bird,117.0,123.0,190.0,187.0
009147.jpg,cat,112.0,127.0,184.0,140.0
009148.jpg,horse,90.0,126.0,70.0,164.0
009148.jpg,horse,97.0,23.0,18.0,24.0
009150.jpg,bird,65.0,179.0,37.0,30.0
009151.jpg,tvmonitor,128.0,96.0,49.0,45.0
009151.jpg,chair,29.0,144.0,40.0,71.0
009151.jpg,tvmonitor,192.0,142.0,20.0,29.0
009151.jpg,chair,103.0,126.0,29.0,65.0
009153.jpg,person,113.0,136.0,222.0,176.0
009155.jpg,tvmonitor,108.0,66.0,87.0,89.0
009157.jpg,chair,40.0,98.0,60.0,59.0
009157.jpg,chair,149.0,81.0,56.0,49.0
009157.jpg,chair,205.0,100.0,39.0,38.0
009157.jpg,diningtable,113.0,162.0,222.0,123.0
009159.jpg,chair,76.0,191.0,61.0,66.0
009160.jpg,motorbike,128.0,154.0,97.0,118.0
009160.jpg,person,149.0,68.0,37.0,73.0
009161.jpg,bus,99.0,147.0,181.0,82.0
009161.jpg,person,106.0,181.0,22.0,69.0
009161.jpg,person,135.0,179.0,19.0,73.0
009161.jpg,person,174.0,168.0,15.0,50.0
009161.jpg,person,200.0,159.0,10.0,15.0
009162.jpg,chair,153.0,115.0,108.0,155.0
009163.jpg,bus,134.0,81.0,108.0,70.0
009163.jpg,car,44.0,106.0,69.0,59.0
009163.jpg,bus,217.0,78.0,13.0,87.0
009163.jpg,car,7.0,98.0,12.0,40.0
009166.jpg,bird,110.0,117.0,44.0,205.0
009168.jpg,dog,121.0,134.0,106.0,181.0
009173.jpg,tvmonitor,162.0,29.0,124.0,57.0
009174.jpg,bus,113.0,112.0,221.0,159.0
009174.jpg,car,169.0,187.0,100.0,73.0
009174.jpg,car,55.0,173.0,74.0,45.0
009174.jpg,car,7.0,182.0,13.0,30.0
009174.jpg,car,103.0,208.0,205.0,32.0
009174.jpg,bottle,206.0,66.0,7.0,17.0
009174.jpg,bottle,133.0,68.0,6.0,16.0
009174.jpg,bottle,65.0,71.0,6.0,14.0
009174.jpg,person,162.0,63.0,9.0,13.0
009175.jpg,cat,104.0,65.0,89.0,61.0
009175.jpg,pottedplant,153.0,154.0,84.0,97.0
009177.jpg,boat,195.0,142.0,38.0,23.0
009177.jpg,boat,134.0,126.0,53.0,107.0
009177.jpg,boat,112.0,134.0,26.0,59.0
009177.jpg,boat,129.0,137.0,32.0,65.0
009178.jpg,car,112.0,137.0,223.0,162.0
009179.jpg,bus,205.0,172.0,32.0,40.0
009179.jpg,bus,141.0,162.0,33.0,15.0
009179.jpg,car,128.0,198.0,38.0,29.0
009179.jpg,car,9.0,180.0,18.0,17.0
009180.jpg,motorbike,177.0,122.0,46.0,106.0
009180.jpg,motorbike,48.0,142.0,94.0,162.0
009180.jpg,person,178.0,109.0,39.0,110.0
009180.jpg,person,128.0,105.0,51.0,182.0
009180.jpg,person,54.0,106.0,87.0,187.0
009181.jpg,pottedplant,116.0,108.0,180.0,187.0
009184.jpg,person,187.0,61.0,73.0,120.0
009184.jpg,person,32.0,68.0,62.0,133.0
009184.jpg,person,100.0,113.0,199.0,222.0
009185.jpg,dog,128.0,105.0,131.0,141.0
009186.jpg,car,49.0,138.0,42.0,21.0
009186.jpg,car,14.0,138.0,27.0,18.0
009187.jpg,train,123.0,113.0,202.0,187.0
009189.jpg,cow,216.0,158.0,16.0,30.0
009189.jpg,cow,191.0,150.0,20.0,33.0
009189.jpg,cow,150.0,144.0,28.0,22.0
009189.jpg,cow,116.0,135.0,25.0,20.0
009189.jpg,cow,78.0,129.0,47.0,38.0
009189.jpg,cow,43.0,123.0,22.0,35.0
009191.jpg,motorbike,116.0,112.0,205.0,194.0
009192.jpg,tvmonitor,110.0,109.0,152.0,183.0
009193.jpg,sofa,112.0,178.0,218.0,92.0
009193.jpg,person,60.0,153.0,98.0,106.0
009193.jpg,person,79.0,186.0,85.0,75.0
009193.jpg,person,179.0,122.0,90.0,183.0
009194.jpg,pottedplant,114.0,99.0,220.0,196.0
009195.jpg,dog,106.0,105.0,93.0,165.0
009196.jpg,tvmonitor,112.0,86.0,224.0,170.0
009197.jpg,dog,128.0,134.0,163.0,157.0
009197.jpg,person,52.0,104.0,62.0,207.0
009197.jpg,person,126.0,105.0,73.0,210.0
009200.jpg,tvmonitor,151.0,116.0,22.0,32.0
009200.jpg,tvmonitor,74.0,108.0,47.0,54.0
009200.jpg,chair,129.0,183.0,43.0,81.0
009200.jpg,sofa,28.0,181.0,56.0,85.0
009202.jpg,horse,125.0,131.0,112.0,155.0
009202.jpg,person,121.0,74.0,71.0,125.0
009205.jpg,car,24.0,41.0,47.0,70.0
009205.jpg,car,110.0,100.0,220.0,137.0
009205.jpg,car,70.0,153.0,139.0,135.0
009208.jpg,person,138.0,125.0,67.0,197.0
009208.jpg,horse,56.0,117.0,111.0,176.0
009209.jpg,motorbike,93.0,95.0,60.0,65.0
009209.jpg,person,83.0,86.0,35.0,69.0
009212.jpg,dog,109.0,156.0,217.0,135.0
009213.jpg,car,164.0,147.0,53.0,50.0
009214.jpg,bicycle,111.0,102.0,60.0,67.0
009214.jpg,car,138.0,179.0,144.0,91.0
009214.jpg,person,56.0,151.0,16.0,66.0
009214.jpg,person,39.0,154.0,14.0,61.0
009214.jpg,person,25.0,156.0,15.0,61.0
009214.jpg,person,216.0,142.0,15.0,59.0
009214.jpg,person,5.0,157.0,9.0,60.0
009214.jpg,person,67.0,141.0,9.0,22.0
009214.jpg,person,76.0,134.0,6.0,17.0
009214.jpg,person,87.0,128.0,9.0,12.0
009214.jpg,person,120.0,82.0,38.0,67.0
009215.jpg,pottedplant,108.0,156.0,145.0,133.0
009215.jpg,pottedplant,180.0,128.0,88.0,149.0
009218.jpg,train,113.0,125.0,222.0,197.0
009221.jpg,cat,107.0,115.0,163.0,143.0
009224.jpg,person,145.0,127.0,158.0,86.0
009224.jpg,person,150.0,103.0,53.0,133.0
009224.jpg,person,128.0,88.0,36.0,123.0
009224.jpg,person,38.0,92.0,37.0,77.0
009224.jpg,person,10.0,82.0,18.0,67.0
009227.jpg,dog,208.0,108.0,30.0,36.0
009227.jpg,sheep,16.0,101.0,32.0,89.0
009227.jpg,sheep,53.0,103.0,41.0,95.0
009227.jpg,sheep,71.0,94.0,27.0,83.0
009230.jpg,person,101.0,88.0,90.0,122.0
009230.jpg,motorbike,81.0,142.0,161.0,164.0
009236.jpg,horse,111.0,136.0,100.0,137.0
009236.jpg,person,106.0,95.0,29.0,109.0
009238.jpg,person,59.0,131.0,100.0,186.0
009238.jpg,person,126.0,114.0,196.0,219.0
009239.jpg,person,191.0,137.0,66.0,175.0
009239.jpg,person,76.0,114.0,38.0,82.0
009239.jpg,person,27.0,118.0,53.0,211.0
009242.jpg,sofa,126.0,107.0,183.0,98.0
009242.jpg,person,155.0,88.0,71.0,79.0
009242.jpg,person,78.0,96.0,59.0,81.0
009242.jpg,bottle,81.0,121.0,9.0,35.0
009242.jpg,bottle,31.0,121.0,17.0,50.0
009244.jpg,cat,112.0,113.0,223.0,223.0
009245.jpg,cow,68.0,127.0,121.0,140.0
009245.jpg,cow,164.0,119.0,90.0,59.0
009246.jpg,bird,110.0,54.0,125.0,76.0
009247.jpg,diningtable,112.0,132.0,223.0,185.0
009247.jpg,chair,129.0,36.0,38.0,62.0
009247.jpg,chair,86.0,66.0,44.0,69.0
009247.jpg,chair,28.0,101.0,56.0,93.0
009247.jpg,chair,11.0,75.0,21.0,147.0
009249.jpg,tvmonitor,114.0,111.0,32.0,38.0
009249.jpg,chair,138.0,198.0,85.0,53.0
009249.jpg,chair,50.0,197.0,92.0,54.0
009250.jpg,bicycle,106.0,112.0,208.0,223.0
009251.jpg,horse,110.0,111.0,58.0,190.0
009251.jpg,person,80.0,89.0,29.0,79.0
009252.jpg,sofa,121.0,173.0,206.0,103.0
009252.jpg,pottedplant,168.0,56.0,44.0,76.0
009252.jpg,chair,110.0,110.0,9.0,39.0
009252.jpg,chair,84.0,114.0,30.0,40.0
009254.jpg,train,77.0,114.0,154.0,121.0
009254.jpg,car,180.0,153.0,18.0,21.0
009254.jpg,car,164.0,153.0,31.0,21.0
009254.jpg,car,216.0,152.0,16.0,17.0
009255.jpg,horse,113.0,113.0,206.0,215.0
009259.jpg,person,113.0,98.0,38.0,63.0
009259.jpg,motorbike,113.0,119.0,77.0,75.0
009268.jpg,dog,148.0,112.0,145.0,114.0
009269.jpg,car,113.0,112.0,136.0,72.0
009270.jpg,bird,92.0,112.0,179.0,221.0
009271.jpg,sheep,132.0,117.0,83.0,109.0
009271.jpg,sheep,199.0,91.0,27.0,34.0
009272.jpg,aeroplane,112.0,97.0,212.0,101.0
009273.jpg,person,64.0,127.0,99.0,194.0
009273.jpg,person,124.0,144.0,181.0,159.0
009273.jpg,person,25.0,173.0,25.0,55.0
009273.jpg,chair,171.0,183.0,16.0,31.0
009273.jpg,chair,190.0,188.0,25.0,26.0
009273.jpg,diningtable,199.0,190.0,51.0,53.0
009278.jpg,bicycle,45.0,181.0,18.0,27.0
009279.jpg,chair,189.0,156.0,71.0,136.0
009279.jpg,pottedplant,82.0,68.0,22.0,54.0
009279.jpg,tvmonitor,104.0,72.0,40.0,57.0
009279.jpg,tvmonitor,150.0,69.0,43.0,57.0
009281.jpg,bicycle,102.0,113.0,177.0,222.0
009282.jpg,car,109.0,119.0,205.0,140.0
009283.jpg,bus,136.0,160.0,44.0,58.0
009283.jpg,car,102.0,163.0,22.0,30.0
009283.jpg,car,24.0,184.0,47.0,75.0
009283.jpg,person,214.0,189.0,13.0,57.0
009283.jpg,person,168.0,172.0,9.0,35.0
009283.jpg,person,158.0,173.0,9.0,35.0
009283.jpg,person,222.0,161.0,3.0,8.0
009285.jpg,cat,98.0,121.0,193.0,169.0
009286.jpg,car,188.0,92.0,71.0,64.0
009286.jpg,car,112.0,143.0,224.0,157.0
009286.jpg,person,75.0,105.0,32.0,34.0
009286.jpg,person,217.0,68.0,14.0,20.0
009286.jpg,person,105.0,57.0,112.0,111.0
009286.jpg,person,73.0,46.0,38.0,90.0
009286.jpg,person,209.0,31.0,27.0,59.0
009286.jpg,person,185.0,30.0,15.0,57.0
009287.jpg,motorbike,169.0,113.0,110.0,138.0
009287.jpg,person,139.0,99.0,55.0,140.0
009287.jpg,person,157.0,87.0,60.0,149.0
009287.jpg,motorbike,15.0,179.0,15.0,29.0
009287.jpg,person,14.0,174.0,17.0,39.0
009288.jpg,person,100.0,94.0,76.0,86.0
009288.jpg,person,105.0,111.0,58.0,131.0
009289.jpg,train,114.0,117.0,155.0,214.0
009289.jpg,train,206.0,187.0,36.0,74.0
009290.jpg,person,77.0,109.0,108.0,141.0
009290.jpg,bottle,161.0,110.0,12.0,52.0
009290.jpg,sofa,130.0,90.0,146.0,99.0
009290.jpg,chair,13.0,147.0,25.0,101.0
009291.jpg,motorbike,130.0,167.0,187.0,114.0
009291.jpg,person,119.0,140.0,176.0,146.0
009291.jpg,person,84.0,117.0,63.0,151.0
009291.jpg,person,120.0,72.0,22.0,29.0
009291.jpg,person,131.0,82.0,23.0,17.0
009295.jpg,person,165.0,112.0,65.0,178.0
009295.jpg,bicycle,78.0,143.0,118.0,162.0
009295.jpg,tvmonitor,171.0,62.0,106.0,122.0
009296.jpg,person,74.0,158.0,36.0,131.0
009299.jpg,diningtable,132.0,187.0,185.0,73.0
009299.jpg,person,202.0,126.0,44.0,169.0
009299.jpg,person,150.0,116.0,61.0,145.0
009299.jpg,person,26.0,119.0,51.0,176.0
009299.jpg,bottle,94.0,19.0,14.0,36.0
009299.jpg,bottle,130.0,19.0,10.0,37.0
009299.jpg,bottle,9.0,23.0,6.0,26.0
009303.jpg,diningtable,89.0,201.0,88.0,41.0
009303.jpg,diningtable,215.0,178.0,19.0,93.0
009303.jpg,person,199.0,88.0,25.0,136.0
009303.jpg,person,103.0,103.0,33.0,179.0
009303.jpg,person,32.0,118.0,56.0,213.0
009303.jpg,person,80.0,88.0,17.0,95.0
009303.jpg,person,127.0,113.0,24.0,149.0
009306.jpg,cat,99.0,177.0,119.0,51.0
009306.jpg,person,126.0,116.0,193.0,166.0
009306.jpg,sofa,112.0,145.0,222.0,156.0
009307.jpg,aeroplane,114.0,106.0,220.0,198.0
009308.jpg,cow,112.0,97.0,224.0,193.0
009308.jpg,person,75.0,101.0,129.0,201.0
009309.jpg,bird,117.0,134.0,215.0,180.0
009312.jpg,motorbike,121.0,156.0,118.0,136.0
009312.jpg,person,64.0,120.0,48.0,147.0
009315.jpg,bus,140.0,100.0,56.0,60.0
009315.jpg,bus,82.0,99.0,65.0,34.0
009316.jpg,person,177.0,138.0,95.0,172.0
009316.jpg,person,127.0,153.0,63.0,139.0
009316.jpg,person,92.0,145.0,41.0,151.0
009316.jpg,person,38.0,130.0,73.0,188.0
009318.jpg,person,127.0,84.0,41.0,157.0
009318.jpg,horse,105.0,131.0,182.0,185.0
009318.jpg,car,173.0,75.0,13.0,14.0
009318.jpg,car,163.0,75.0,11.0,15.0
009318.jpg,car,185.0,74.0,13.0,11.0
009318.jpg,car,27.0,88.0,41.0,52.0
009323.jpg,bird,193.0,174.0,47.0,63.0
009323.jpg,bird,123.0,67.0,48.0,39.0
009323.jpg,bird,19.0,128.0,36.0,56.0
009324.jpg,bird,152.0,118.0,96.0,211.0
009324.jpg,bird,68.0,129.0,135.0,190.0
009325.jpg,tvmonitor,85.0,45.0,65.0,88.0
009326.jpg,car,93.0,108.0,95.0,69.0
009327.jpg,person,126.0,108.0,95.0,145.0
009327.jpg,dog,60.0,136.0,31.0,27.0
009330.jpg,person,86.0,156.0,88.0,136.0
009330.jpg,person,153.0,119.0,143.0,211.0
009331.jpg,horse,13.0,58.0,26.0,115.0
009331.jpg,person,41.0,83.0,30.0,140.0
009331.jpg,dog,71.0,138.0,52.0,75.0
009331.jpg,dog,139.0,138.0,45.0,42.0
009331.jpg,dog,166.0,142.0,36.0,51.0
009333.jpg,tvmonitor,92.0,97.0,95.0,91.0
009333.jpg,dog,125.0,140.0,65.0,39.0
009333.jpg,sofa,131.0,153.0,186.0,24.0
009333.jpg,chair,177.0,197.0,94.0,53.0
009334.jpg,bicycle,118.0,121.0,153.0,104.0
009336.jpg,car,102.0,121.0,150.0,149.0
009336.jpg,car,209.0,108.0,9.0,41.0
009336.jpg,person,54.0,94.0,6.0,19.0
009336.jpg,person,42.0,101.0,20.0,33.0
009337.jpg,horse,163.0,152.0,118.0,114.0
009339.jpg,chair,198.0,83.0,52.0,164.0
009339.jpg,bicycle,127.0,102.0,159.0,177.0
009342.jpg,person,55.0,87.0,43.0,169.0
009342.jpg,cat,138.0,125.0,63.0,83.0
009342.jpg,cat,110.0,110.0,25.0,76.0
009342.jpg,sofa,155.0,177.0,137.0,93.0
009342.jpg,sofa,92.0,181.0,44.0,87.0
009342.jpg,pottedplant,27.0,176.0,54.0,96.0
009343.jpg,person,131.0,113.0,113.0,213.0
009343.jpg,sofa,162.0,167.0,124.0,113.0
009343.jpg,chair,58.0,154.0,100.0,97.0
009347.jpg,boat,153.0,103.0,84.0,186.0
009347.jpg,boat,65.0,142.0,47.0,105.0
009348.jpg,aeroplane,114.0,89.0,98.0,71.0
009349.jpg,sheep,45.0,180.0,88.0,88.0
009349.jpg,person,134.0,120.0,105.0,173.0
009349.jpg,person,196.0,133.0,57.0,182.0
009349.jpg,person,61.0,88.0,20.0,70.0
009349.jpg,person,20.0,74.0,24.0,46.0
009349.jpg,person,39.0,96.0,31.0,76.0
009350.jpg,car,112.0,171.0,213.0,83.0
009351.jpg,aeroplane,140.0,113.0,169.0,223.0
009354.jpg,train,123.0,124.0,73.0,52.0
009358.jpg,bus,144.0,159.0,36.0,36.0
009358.jpg,car,208.0,198.0,33.0,26.0
009358.jpg,car,164.0,190.0,32.0,24.0
009358.jpg,person,150.0,197.0,6.0,17.0
009359.jpg,chair,101.0,134.0,38.0,55.0
009359.jpg,sofa,74.0,180.0,106.0,88.0
009362.jpg,person,152.0,128.0,55.0,192.0
009362.jpg,person,88.0,130.0,55.0,158.0
009362.jpg,person,47.0,123.0,65.0,201.0
009362.jpg,person,190.0,192.0,46.0,64.0
009365.jpg,aeroplane,118.0,116.0,30.0,40.0
009368.jpg,car,133.0,162.0,118.0,58.0
009368.jpg,car,94.0,134.0,100.0,42.0
009368.jpg,car,168.0,116.0,60.0,35.0
009368.jpg,car,113.0,98.0,41.0,23.0
009368.jpg,car,83.0,98.0,38.0,25.0
009368.jpg,car,55.0,99.0,40.0,23.0
009368.jpg,car,19.0,98.0,30.0,17.0
009368.jpg,car,164.0,93.0,41.0,17.0
009368.jpg,car,202.0,95.0,38.0,30.0
009368.jpg,person,58.0,82.0,8.0,12.0
009368.jpg,person,65.0,83.0,7.0,10.0
009368.jpg,person,53.0,86.0,6.0,16.0
009368.jpg,person,173.0,90.0,9.0,24.0
009368.jpg,person,189.0,93.0,11.0,30.0
009368.jpg,person,199.0,95.0,10.0,38.0
009368.jpg,person,213.0,97.0,13.0,30.0
009371.jpg,aeroplane,112.0,63.0,222.0,124.0
009373.jpg,tvmonitor,162.0,102.0,125.0,171.0
009373.jpg,tvmonitor,50.0,94.0,99.0,134.0
009374.jpg,chair,119.0,144.0,175.0,161.0
009374.jpg,person,88.0,133.0,124.0,181.0
009375.jpg,cow,84.0,85.0,44.0,43.0
009375.jpg,bottle,82.0,75.0,10.0,19.0
009375.jpg,person,112.0,106.0,71.0,129.0
009377.jpg,person,18.0,98.0,19.0,68.0
009377.jpg,train,106.0,118.0,161.0,210.0
009378.jpg,cat,108.0,93.0,206.0,168.0
009382.jpg,motorbike,112.0,165.0,223.0,118.0
009382.jpg,person,114.0,125.0,182.0,184.0
009382.jpg,person,54.0,83.0,93.0,165.0
009386.jpg,bus,201.0,87.0,46.0,85.0
009386.jpg,bus,92.0,112.0,182.0,222.0
009388.jpg,tvmonitor,157.0,121.0,32.0,36.0
009388.jpg,tvmonitor,130.0,111.0,27.0,39.0
009388.jpg,chair,146.0,191.0,82.0,66.0
009388.jpg,tvmonitor,59.0,128.0,28.0,45.0
009388.jpg,bottle,28.0,151.0,9.0,30.0
009389.jpg,train,139.0,144.0,171.0,148.0
009392.jpg,bus,204.0,178.0,40.0,93.0
009392.jpg,car,122.0,161.0,20.0,12.0
009392.jpg,car,104.0,156.0,15.0,9.0
009392.jpg,car,85.0,156.0,15.0,9.0
009392.jpg,car,135.0,154.0,11.0,7.0
009392.jpg,car,16.0,156.0,14.0,9.0
009392.jpg,car,17.0,208.0,33.0,32.0
009393.jpg,motorbike,104.0,145.0,79.0,122.0
009393.jpg,bicycle,61.0,194.0,43.0,60.0
009393.jpg,bicycle,172.0,160.0,86.0,128.0
009393.jpg,person,168.0,113.0,73.0,223.0
009393.jpg,person,31.0,138.0,29.0,81.0
009394.jpg,aeroplane,113.0,86.0,223.0,170.0
009394.jpg,person,65.0,142.0,12.0,68.0
009398.jpg,cat,95.0,113.0,189.0,221.0
009401.jpg,train,95.0,106.0,190.0,182.0
009405.jpg,dog,143.0,110.0,162.0,219.0
009406.jpg,car,114.0,113.0,211.0,195.0
009407.jpg,person,103.0,94.0,55.0,97.0
009407.jpg,horse,90.0,141.0,154.0,167.0
009408.jpg,aeroplane,64.0,118.0,76.0,120.0
009409.jpg,bus,198.0,119.0,52.0,32.0
009409.jpg,bus,117.0,116.0,83.0,34.0
009409.jpg,bus,52.0,113.0,25.0,16.0
009409.jpg,bus,21.0,118.0,40.0,78.0
009409.jpg,car,65.0,133.0,50.0,26.0
009410.jpg,person,105.0,113.0,200.0,222.0
009410.jpg,person,88.0,149.0,139.0,149.0
009411.jpg,car,118.0,134.0,180.0,133.0
009411.jpg,person,197.0,102.0,14.0,24.0
009412.jpg,bus,30.0,53.0,31.0,32.0
009412.jpg,person,74.0,137.0,81.0,173.0
009412.jpg,person,183.0,124.0,82.0,200.0
009413.jpg,chair,39.0,75.0,56.0,87.0
009413.jpg,chair,127.0,78.0,45.0,56.0
009413.jpg,chair,16.0,174.0,28.0,100.0
009413.jpg,person,46.0,164.0,69.0,121.0
009413.jpg,person,168.0,83.0,111.0,158.0
009413.jpg,diningtable,123.0,187.0,202.0,75.0
009414.jpg,sofa,119.0,122.0,184.0,173.0
009414.jpg,person,159.0,158.0,51.0,76.0
009414.jpg,person,96.0,133.0,97.0,151.0
009414.jpg,person,83.0,47.0,45.0,73.0
009417.jpg,sheep,46.0,36.0,37.0,38.0
009417.jpg,sheep,115.0,134.0,37.0,50.0
009417.jpg,sheep,127.0,94.0,41.0,75.0
009417.jpg,sheep,67.0,44.0,13.0,24.0
009417.jpg,sheep,172.0,15.0,15.0,13.0
009418.jpg,dog,93.0,192.0,52.0,65.0
009418.jpg,dog,97.0,111.0,31.0,84.0
009418.jpg,person,111.0,89.0,95.0,174.0
009418.jpg,person,158.0,133.0,131.0,182.0
009419.jpg,pottedplant,42.0,88.0,37.0,85.0
009419.jpg,pottedplant,73.0,163.0,16.0,47.0
009420.jpg,diningtable,91.0,182.0,181.0,84.0
009420.jpg,bottle,102.0,25.0,6.0,24.0
009420.jpg,bottle,128.0,33.0,9.0,21.0
009420.jpg,person,82.0,121.0,29.0,65.0
009420.jpg,chair,108.0,149.0,26.0,31.0
009420.jpg,chair,147.0,158.0,36.0,39.0
009420.jpg,chair,53.0,191.0,43.0,65.0
009420.jpg,chair,15.0,184.0,27.0,79.0
009421.jpg,person,83.0,108.0,44.0,131.0
009421.jpg,person,125.0,74.0,44.0,72.0
009421.jpg,person,83.0,149.0,61.0,131.0
009421.jpg,person,153.0,136.0,54.0,125.0
009421.jpg,person,111.0,132.0,43.0,106.0
009421.jpg,sofa,198.0,96.0,52.0,62.0
009422.jpg,bird,108.0,110.0,215.0,217.0
009424.jpg,car,106.0,129.0,167.0,135.0
009424.jpg,person,144.0,128.0,42.0,143.0
009429.jpg,cow,117.0,141.0,50.0,28.0
009432.jpg,aeroplane,112.0,118.0,220.0,115.0
009433.jpg,train,104.0,137.0,138.0,88.0
009433.jpg,person,217.0,137.0,9.0,35.0
009433.jpg,person,205.0,127.0,9.0,35.0
009433.jpg,person,177.0,135.0,7.0,28.0
009433.jpg,person,167.0,138.0,8.0,32.0
009433.jpg,person,30.0,137.0,6.0,20.0
009433.jpg,person,91.0,126.0,7.0,27.0
009434.jpg,car,112.0,129.0,209.0,147.0
009434.jpg,person,176.0,40.0,35.0,61.0
009434.jpg,person,110.0,30.0,34.0,50.0
009434.jpg,person,82.0,15.0,22.0,30.0
009434.jpg,person,194.0,21.0,34.0,40.0
009437.jpg,diningtable,129.0,165.0,189.0,118.0
009437.jpg,person,190.0,76.0,57.0,86.0
009437.jpg,person,49.0,146.0,45.0,115.0
009437.jpg,chair,49.0,154.0,97.0,139.0
009438.jpg,horse,133.0,126.0,143.0,195.0
009439.jpg,bird,80.0,132.0,26.0,49.0
009440.jpg,person,170.0,136.0,108.0,175.0
009440.jpg,person,46.0,120.0,91.0,208.0
009443.jpg,pottedplant,207.0,108.0,26.0,34.0
009443.jpg,pottedplant,24.0,106.0,26.0,43.0
009443.jpg,pottedplant,110.0,80.0,8.0,9.0
009445.jpg,tvmonitor,65.0,60.0,51.0,51.0
009446.jpg,tvmonitor,60.0,103.0,106.0,150.0
009448.jpg,person,71.0,131.0,20.0,62.0
009448.jpg,car,136.0,105.0,17.0,13.0
009448.jpg,car,53.0,113.0,29.0,38.0
009448.jpg,car,20.0,125.0,39.0,56.0
009448.jpg,car,214.0,121.0,21.0,48.0
009448.jpg,person,25.0,135.0,15.0,62.0
009448.jpg,person,7.0,139.0,13.0,84.0
009454.jpg,chair,118.0,182.0,73.0,84.0
009454.jpg,tvmonitor,152.0,114.0,34.0,48.0
009455.jpg,cat,140.0,113.0,168.0,223.0
009456.jpg,bicycle,153.0,174.0,103.0,100.0
009456.jpg,bicycle,25.0,125.0,49.0,79.0
009456.jpg,person,29.0,110.0,35.0,127.0
009456.jpg,person,211.0,158.0,19.0,60.0
009456.jpg,person,191.0,140.0,13.0,60.0
009456.jpg,person,199.0,137.0,14.0,38.0
009457.jpg,motorbike,106.0,122.0,157.0,189.0
009458.jpg,bottle,27.0,26.0,52.0,35.0
009458.jpg,bottle,75.0,28.0,42.0,43.0
009458.jpg,bottle,116.0,31.0,42.0,40.0
009458.jpg,bottle,154.0,33.0,36.0,30.0
009458.jpg,bottle,175.0,18.0,30.0,23.0
009458.jpg,bottle,200.0,35.0,40.0,23.0
009458.jpg,bottle,206.0,16.0,36.0,27.0
009459.jpg,bird,114.0,122.0,92.0,133.0
009460.jpg,person,85.0,126.0,168.0,194.0
009460.jpg,person,191.0,194.0,66.0,61.0
009461.jpg,aeroplane,108.0,109.0,22.0,22.0
009461.jpg,aeroplane,114.0,128.0,22.0,21.0
009463.jpg,cow,31.0,170.0,62.0,105.0
009463.jpg,cow,132.0,184.0,10.0,15.0
009463.jpg,cow,75.0,167.0,3.0,5.0
009464.jpg,cat,100.0,134.0,200.0,159.0
009465.jpg,horse,115.0,120.0,214.0,193.0
009466.jpg,chair,124.0,163.0,108.0,108.0
009468.jpg,horse,117.0,125.0,112.0,172.0
009468.jpg,person,109.0,82.0,61.0,101.0
009469.jpg,car,116.0,130.0,200.0,125.0
009469.jpg,car,29.0,89.0,58.0,46.0
009469.jpg,person,217.0,85.0,14.0,86.0
009469.jpg,person,196.0,68.0,22.0,51.0
009469.jpg,person,99.0,59.0,14.0,22.0
009469.jpg,person,75.0,62.0,9.0,15.0
009469.jpg,person,53.0,62.0,7.0,7.0
009469.jpg,person,48.0,64.0,6.0,8.0
009469.jpg,car,197.0,185.0,55.0,78.0
009470.jpg,sofa,112.0,117.0,223.0,215.0
009470.jpg,cat,55.0,115.0,93.0,38.0
009470.jpg,cat,156.0,143.0,107.0,75.0
009472.jpg,aeroplane,147.0,100.0,151.0,96.0
009476.jpg,aeroplane,118.0,110.0,194.0,92.0
009477.jpg,person,114.0,64.0,80.0,72.0
009477.jpg,car,179.0,18.0,90.0,31.0
009477.jpg,car,107.0,27.0,69.0,25.0
009477.jpg,car,71.0,31.0,100.0,27.0
009479.jpg,sofa,107.0,174.0,212.0,99.0
009479.jpg,cat,131.0,132.0,88.0,30.0
009479.jpg,person,32.0,177.0,60.0,94.0
009480.jpg,aeroplane,85.0,88.0,155.0,76.0
009480.jpg,aeroplane,65.0,17.0,128.0,33.0
009480.jpg,aeroplane,113.0,148.0,223.0,151.0
009481.jpg,chair,128.0,204.0,68.0,41.0
009481.jpg,chair,201.0,184.0,46.0,80.0
009481.jpg,chair,32.0,183.0,56.0,82.0
009481.jpg,chair,158.0,162.0,32.0,74.0
009481.jpg,bottle,120.0,122.0,5.0,24.0
009481.jpg,bottle,108.0,131.0,6.0,26.0
009481.jpg,person,50.0,159.0,70.0,128.0
009481.jpg,person,179.0,150.0,84.0,125.0
009481.jpg,person,149.0,146.0,44.0,131.0
009481.jpg,person,116.0,139.0,36.0,107.0
009481.jpg,person,71.0,139.0,39.0,130.0
009481.jpg,tvmonitor,25.0,69.0,15.0,17.0
009484.jpg,diningtable,137.0,207.0,146.0,33.0
009484.jpg,chair,67.0,206.0,28.0,35.0
009484.jpg,tvmonitor,96.0,162.0,46.0,59.0
009488.jpg,bird,115.0,110.0,105.0,141.0
009490.jpg,person,63.0,128.0,125.0,177.0
009491.jpg,sofa,101.0,125.0,111.0,84.0
009491.jpg,sofa,111.0,190.0,222.0,67.0
009491.jpg,pottedplant,98.0,43.0,42.0,84.0
009491.jpg,pottedplant,15.0,69.0,27.0,136.0
009491.jpg,sofa,193.0,138.0,62.0,65.0
009494.jpg,motorbike,98.0,166.0,31.0,85.0
009494.jpg,person,99.0,148.0,33.0,88.0
009496.jpg,person,110.0,129.0,209.0,171.0
009497.jpg,person,89.0,143.0,90.0,160.0
009497.jpg,person,111.0,100.0,63.0,105.0
009497.jpg,bottle,184.0,202.0,6.0,27.0
009497.jpg,bottle,165.0,199.0,8.0,25.0
009499.jpg,person,102.0,112.0,200.0,224.0
009500.jpg,person,190.0,184.0,45.0,66.0
009500.jpg,person,52.0,183.0,49.0,83.0
009500.jpg,person,137.0,176.0,70.0,95.0
009500.jpg,person,105.0,185.0,46.0,78.0
009502.jpg,dog,119.0,71.0,59.0,62.0
009504.jpg,motorbike,100.0,132.0,102.0,168.0
009504.jpg,person,124.0,110.0,120.0,175.0
009507.jpg,car,97.0,109.0,25.0,22.0
009507.jpg,car,152.0,108.0,14.0,16.0
009507.jpg,car,175.0,107.0,8.0,7.0
009507.jpg,car,207.0,109.0,8.0,7.0
009508.jpg,train,121.0,157.0,32.0,30.0
009512.jpg,horse,182.0,174.0,82.0,101.0
009512.jpg,horse,143.0,128.0,56.0,56.0
009512.jpg,horse,86.0,83.0,35.0,55.0
009512.jpg,person,58.0,144.0,113.0,160.0
009512.jpg,person,22.0,78.0,17.0,42.0
009512.jpg,cow,111.0,63.0,8.0,8.0
009512.jpg,cow,121.0,64.0,13.0,9.0
009512.jpg,cow,136.0,60.0,11.0,7.0
009515.jpg,car,20.0,193.0,37.0,28.0
009515.jpg,car,63.0,177.0,43.0,30.0
009515.jpg,car,89.0,153.0,30.0,22.0
009515.jpg,car,81.0,155.0,18.0,18.0
009515.jpg,car,66.0,157.0,27.0,15.0
009515.jpg,car,56.0,158.0,21.0,10.0
009515.jpg,car,41.0,161.0,12.0,12.0
009516.jpg,cat,117.0,126.0,214.0,196.0
009517.jpg,person,162.0,130.0,96.0,188.0
009517.jpg,person,67.0,118.0,57.0,121.0
009517.jpg,car,105.0,54.0,28.0,9.0
009518.jpg,dog,120.0,121.0,129.0,190.0
009518.jpg,person,124.0,82.0,48.0,162.0
009519.jpg,pottedplant,64.0,122.0,118.0,131.0
009519.jpg,pottedplant,188.0,43.0,71.0,84.0
009519.jpg,pottedplant,109.0,18.0,91.0,36.0
009519.jpg,pottedplant,122.0,98.0,30.0,69.0
009520.jpg,chair,215.0,144.0,19.0,95.0
009520.jpg,chair,149.0,177.0,47.0,57.0
009520.jpg,chair,71.0,152.0,19.0,87.0
009520.jpg,chair,26.0,143.0,49.0,34.0
009520.jpg,person,172.0,135.0,101.0,177.0
009520.jpg,person,99.0,134.0,82.0,179.0
009520.jpg,person,34.0,120.0,66.0,144.0
009523.jpg,aeroplane,80.0,120.0,47.0,61.0
009524.jpg,person,155.0,89.0,27.0,70.0
009526.jpg,diningtable,164.0,182.0,119.0,83.0
009526.jpg,chair,161.0,208.0,65.0,31.0
009526.jpg,chair,122.0,192.0,32.0,65.0
009526.jpg,chair,139.0,159.0,22.0,15.0
009526.jpg,chair,156.0,152.0,16.0,14.0
009526.jpg,person,170.0,105.0,13.0,26.0
009527.jpg,boat,81.0,80.0,95.0,145.0
009527.jpg,boat,128.0,108.0,32.0,38.0
009527.jpg,boat,132.0,172.0,185.0,104.0
009528.jpg,cat,129.0,116.0,181.0,152.0
009531.jpg,person,104.0,141.0,11.0,20.0
009532.jpg,car,168.0,168.0,42.0,52.0
009532.jpg,person,197.0,159.0,12.0,51.0
009532.jpg,person,210.0,156.0,13.0,59.0
009532.jpg,person,221.0,156.0,6.0,56.0
009532.jpg,person,60.0,152.0,15.0,59.0
009532.jpg,person,87.0,91.0,13.0,25.0
009533.jpg,boat,106.0,95.0,73.0,44.0
009533.jpg,boat,58.0,118.0,20.0,10.0
009537.jpg,person,62.0,144.0,9.0,32.0
009537.jpg,train,114.0,92.0,220.0,168.0
009540.jpg,motorbike,61.0,139.0,94.0,134.0
009540.jpg,motorbike,135.0,144.0,57.0,108.0
009541.jpg,person,102.0,155.0,84.0,69.0
009541.jpg,person,175.0,145.0,44.0,60.0
009541.jpg,chair,88.0,163.0,72.0,59.0
009541.jpg,chair,177.0,157.0,56.0,52.0
009542.jpg,chair,112.0,113.0,224.0,223.0
009542.jpg,person,58.0,118.0,109.0,213.0
009542.jpg,person,140.0,151.0,156.0,145.0
009543.jpg,chair,200.0,121.0,47.0,137.0
009543.jpg,chair,218.0,89.0,13.0,62.0
009543.jpg,chair,144.0,108.0,40.0,86.0
009543.jpg,dog,100.0,106.0,38.0,62.0
009543.jpg,dog,129.0,182.0,51.0,85.0
009543.jpg,dog,62.0,174.0,86.0,42.0
009545.jpg,cow,151.0,122.0,146.0,204.0
009546.jpg,sofa,111.0,158.0,220.0,124.0
009546.jpg,person,156.0,145.0,122.0,114.0
009546.jpg,person,35.0,88.0,32.0,20.0
009549.jpg,cat,85.0,131.0,168.0,187.0
009550.jpg,chair,33.0,164.0,38.0,41.0
009550.jpg,chair,13.0,167.0,26.0,41.0
009550.jpg,chair,141.0,149.0,23.0,30.0
009550.jpg,chair,160.0,159.0,34.0,36.0
009550.jpg,chair,206.0,192.0,36.0,60.0
009550.jpg,chair,189.0,181.0,43.0,48.0
009550.jpg,chair,194.0,148.0,32.0,13.0
009550.jpg,chair,217.0,144.0,14.0,16.0
009550.jpg,chair,168.0,138.0,25.0,9.0
009550.jpg,diningtable,200.0,155.0,45.0,13.0
009551.jpg,person,143.0,145.0,95.0,139.0
009557.jpg,bicycle,108.0,143.0,52.0,40.0
009557.jpg,person,100.0,130.0,44.0,67.0
009558.jpg,car,106.0,83.0,123.0,126.0
009558.jpg,person,193.0,16.0,17.0,31.0
009558.jpg,person,181.0,20.0,8.0,27.0
009558.jpg,person,174.0,18.0,13.0,34.0
009558.jpg,person,163.0,13.0,10.0,26.0
009558.jpg,person,156.0,16.0,17.0,30.0
009558.jpg,person,132.0,13.0,18.0,26.0
009558.jpg,person,114.0,12.0,21.0,20.0
009558.jpg,person,74.0,17.0,22.0,29.0
009558.jpg,person,51.0,28.0,12.0,23.0
009560.jpg,cat,56.0,58.0,108.0,112.0
009562.jpg,dog,116.0,114.0,213.0,194.0
009565.jpg,sofa,56.0,146.0,112.0,157.0
009565.jpg,person,146.0,172.0,100.0,104.0
009566.jpg,bird,101.0,114.0,71.0,49.0
009567.jpg,sofa,86.0,130.0,170.0,189.0
009567.jpg,person,90.0,138.0,90.0,172.0
009568.jpg,bicycle,111.0,141.0,74.0,87.0
009568.jpg,person,107.0,103.0,47.0,129.0
009571.jpg,aeroplane,75.0,183.0,72.0,40.0
009573.jpg,motorbike,163.0,143.0,81.0,106.0
009573.jpg,person,131.0,112.0,124.0,162.0
009576.jpg,tvmonitor,121.0,103.0,72.0,53.0
009577.jpg,person,60.0,91.0,43.0,91.0
009577.jpg,person,29.0,132.0,57.0,170.0
009577.jpg,person,187.0,109.0,69.0,115.0
009577.jpg,chair,118.0,77.0,30.0,32.0
009577.jpg,diningtable,130.0,160.0,184.0,128.0
009579.jpg,person,118.0,112.0,212.0,223.0
009580.jpg,train,88.0,129.0,100.0,52.0
009584.jpg,cat,99.0,32.0,38.0,60.0
009584.jpg,cat,181.0,159.0,73.0,110.0
009584.jpg,cat,149.0,179.0,69.0,90.0
009585.jpg,person,57.0,115.0,114.0,218.0
009585.jpg,person,165.0,133.0,85.0,182.0
009585.jpg,person,204.0,116.0,41.0,215.0
009585.jpg,bottle,200.0,178.0,20.0,59.0
009585.jpg,bottle,108.0,128.0,11.0,24.0
009585.jpg,bottle,96.0,134.0,14.0,29.0
009585.jpg,bottle,83.0,131.0,10.0,20.0
009585.jpg,bottle,103.0,159.0,18.0,58.0
009585.jpg,bottle,118.0,161.0,18.0,59.0
009586.jpg,cow,112.0,167.0,21.0,16.0
009587.jpg,dog,113.0,101.0,223.0,201.0
009588.jpg,train,90.0,124.0,179.0,56.0
009591.jpg,motorbike,47.0,107.0,31.0,62.0
009591.jpg,motorbike,159.0,140.0,58.0,98.0
009591.jpg,person,47.0,82.0,30.0,65.0
009591.jpg,person,155.0,111.0,36.0,93.0
009596.jpg,motorbike,25.0,128.0,50.0,63.0
009596.jpg,motorbike,102.0,113.0,57.0,71.0
009596.jpg,motorbike,158.0,105.0,26.0,56.0
009596.jpg,motorbike,173.0,96.0,18.0,41.0
009596.jpg,motorbike,146.0,91.0,13.0,43.0
009596.jpg,person,12.0,91.0,23.0,84.0
009596.jpg,person,104.0,88.0,27.0,82.0
009596.jpg,person,115.0,61.0,22.0,35.0
009596.jpg,person,147.0,59.0,16.0,26.0
009596.jpg,person,159.0,85.0,28.0,76.0
009596.jpg,person,178.0,80.0,20.0,62.0
009596.jpg,person,141.0,45.0,8.0,26.0
009596.jpg,person,92.0,45.0,5.0,24.0
009596.jpg,car,15.0,40.0,18.0,24.0
009596.jpg,motorbike,190.0,45.0,7.0,14.0
009596.jpg,motorbike,197.0,47.0,8.0,16.0
009596.jpg,motorbike,204.0,46.0,6.0,13.0
009596.jpg,motorbike,210.0,47.0,8.0,15.0
009596.jpg,car,57.0,38.0,9.0,12.0
009597.jpg,train,113.0,115.0,187.0,108.0
009598.jpg,bird,91.0,154.0,39.0,120.0
009598.jpg,bird,137.0,131.0,96.0,100.0
009600.jpg,bicycle,104.0,151.0,118.0,95.0
009600.jpg,person,107.0,111.0,86.0,130.0
009603.jpg,boat,112.0,158.0,219.0,133.0
009603.jpg,person,176.0,137.0,56.0,171.0
009605.jpg,dog,123.0,116.0,165.0,210.0
009609.jpg,bird,137.0,89.0,84.0,57.0
009609.jpg,person,79.0,105.0,155.0,82.0
009611.jpg,tvmonitor,119.0,106.0,122.0,118.0
009611.jpg,person,93.0,120.0,26.0,32.0
009613.jpg,chair,154.0,125.0,38.0,29.0
009613.jpg,diningtable,51.0,134.0,70.0,13.0
009613.jpg,sofa,90.0,129.0,52.0,26.0
009613.jpg,chair,66.0,125.0,20.0,11.0
009613.jpg,chair,65.0,149.0,38.0,52.0
009613.jpg,chair,22.0,156.0,43.0,53.0
009613.jpg,person,30.0,113.0,13.0,10.0
009613.jpg,person,38.0,142.0,63.0,58.0
009613.jpg,chair,126.0,135.0,50.0,30.0
009613.jpg,bottle,36.0,125.0,8.0,15.0
009613.jpg,bottle,42.0,125.0,7.0,14.0
009613.jpg,bottle,46.0,126.0,5.0,15.0
009613.jpg,bottle,49.0,124.0,5.0,17.0
009614.jpg,car,44.0,109.0,81.0,42.0
009614.jpg,car,183.0,109.0,82.0,40.0
009614.jpg,car,208.0,116.0,32.0,38.0
009614.jpg,car,79.0,109.0,24.0,32.0
009614.jpg,person,150.0,110.0,84.0,85.0
009614.jpg,person,66.0,155.0,86.0,72.0
009615.jpg,aeroplane,114.0,109.0,212.0,98.0
009617.jpg,chair,194.0,183.0,35.0,82.0
009617.jpg,chair,149.0,167.0,33.0,72.0
009617.jpg,chair,85.0,165.0,36.0,75.0
009617.jpg,chair,80.0,158.0,26.0,71.0
009617.jpg,chair,46.0,214.0,29.0,21.0
009617.jpg,chair,28.0,177.0,41.0,66.0
009617.jpg,chair,113.0,132.0,13.0,50.0
009617.jpg,chair,125.0,129.0,12.0,46.0
009617.jpg,diningtable,62.0,157.0,53.0,97.0
009617.jpg,diningtable,180.0,133.0,39.0,39.0
009617.jpg,person,93.0,117.0,24.0,47.0
009617.jpg,person,104.0,105.0,17.0,39.0
009617.jpg,person,85.0,98.0,17.0,26.0
009617.jpg,person,65.0,103.0,22.0,33.0
009617.jpg,person,50.0,102.0,20.0,39.0
009617.jpg,person,38.0,99.0,20.0,13.0
009617.jpg,person,40.0,125.0,15.0,33.0
009617.jpg,person,26.0,106.0,9.0,20.0
009617.jpg,person,30.0,147.0,56.0,124.0
009617.jpg,person,137.0,103.0,13.0,30.0
009617.jpg,person,144.0,108.0,24.0,35.0
009617.jpg,person,158.0,148.0,35.0,94.0
009617.jpg,person,217.0,145.0,13.0,87.0
009617.jpg,person,187.0,155.0,56.0,124.0
009618.jpg,bicycle,109.0,162.0,55.0,48.0
009618.jpg,bicycle,200.0,177.0,49.0,29.0
009618.jpg,person,99.0,143.0,27.0,83.0
009619.jpg,dog,116.0,116.0,43.0,68.0
009620.jpg,aeroplane,113.0,96.0,222.0,122.0
009620.jpg,car,40.0,183.0,27.0,27.0
009621.jpg,bird,112.0,107.0,223.0,213.0
009623.jpg,car,135.0,96.0,137.0,121.0
009627.jpg,bus,118.0,108.0,210.0,198.0
009629.jpg,aeroplane,132.0,119.0,62.0,16.0
009634.jpg,pottedplant,140.0,149.0,41.0,147.0
009634.jpg,pottedplant,190.0,163.0,26.0,85.0
009636.jpg,bicycle,139.0,162.0,171.0,124.0
009637.jpg,train,175.0,80.0,98.0,40.0
009638.jpg,chair,24.0,187.0,47.0,73.0
009638.jpg,chair,204.0,153.0,40.0,78.0
009638.jpg,chair,171.0,118.0,21.0,17.0
009638.jpg,chair,220.0,121.0,9.0,29.0
009638.jpg,chair,192.0,130.0,18.0,45.0
009638.jpg,chair,11.0,142.0,21.0,44.0
009638.jpg,person,134.0,113.0,181.0,222.0
009638.jpg,person,163.0,101.0,13.0,17.0
009638.jpg,person,176.0,102.0,9.0,13.0
009638.jpg,person,151.0,101.0,9.0,15.0
009638.jpg,pottedplant,15.0,105.0,16.0,26.0
009638.jpg,pottedplant,35.0,103.0,17.0,38.0
009638.jpg,diningtable,170.0,145.0,38.0,45.0
009641.jpg,person,72.0,110.0,47.0,45.0
009641.jpg,bicycle,82.0,125.0,44.0,26.0
009641.jpg,car,66.0,161.0,47.0,15.0
009641.jpg,car,141.0,161.0,53.0,19.0
009641.jpg,bus,82.0,158.0,63.0,16.0
009644.jpg,car,116.0,129.0,199.0,152.0
009647.jpg,bottle,169.0,147.0,10.0,45.0
009647.jpg,bottle,184.0,143.0,11.0,45.0
009647.jpg,bottle,151.0,125.0,9.0,26.0
009647.jpg,bottle,107.0,85.0,9.0,24.0
009647.jpg,person,73.0,153.0,108.0,142.0
009647.jpg,person,111.0,116.0,106.0,85.0
009647.jpg,person,138.0,96.0,86.0,78.0
009647.jpg,pottedplant,136.0,59.0,45.0,106.0
009647.jpg,chair,55.0,180.0,90.0,87.0
009649.jpg,person,170.0,157.0,49.0,88.0
009649.jpg,person,158.0,140.0,46.0,127.0
009649.jpg,person,144.0,86.0,39.0,82.0
009649.jpg,person,111.0,118.0,45.0,72.0
009649.jpg,person,113.0,129.0,50.0,143.0
009649.jpg,person,91.0,129.0,78.0,156.0
009649.jpg,person,89.0,138.0,130.0,173.0
009649.jpg,tvmonitor,173.0,59.0,23.0,31.0
009649.jpg,chair,197.0,106.0,49.0,126.0
009650.jpg,cow,113.0,102.0,199.0,171.0
009654.jpg,person,100.0,131.0,198.0,187.0
009654.jpg,bottle,166.0,190.0,37.0,43.0
009655.jpg,sofa,119.0,137.0,210.0,173.0
009655.jpg,person,119.0,87.0,209.0,90.0
009656.jpg,bicycle,113.0,150.0,64.0,113.0
009656.jpg,person,120.0,117.0,54.0,131.0
009656.jpg,tvmonitor,201.0,94.0,46.0,71.0
009658.jpg,cat,95.0,87.0,147.0,97.0
009659.jpg,chair,166.0,113.0,115.0,222.0
009659.jpg,person,101.0,114.0,130.0,214.0
009664.jpg,bottle,129.0,112.0,125.0,224.0
009666.jpg,bottle,146.0,146.0,74.0,155.0
009666.jpg,person,92.0,112.0,182.0,224.0
009667.jpg,bicycle,118.0,159.0,108.0,97.0
009668.jpg,dog,72.0,118.0,143.0,213.0
009668.jpg,person,177.0,139.0,71.0,170.0
009670.jpg,cat,78.0,159.0,65.0,131.0
009670.jpg,cat,174.0,102.0,48.0,80.0
009671.jpg,car,56.0,136.0,71.0,39.0
009671.jpg,car,156.0,146.0,86.0,47.0
009671.jpg,car,118.0,136.0,63.0,32.0
009671.jpg,person,53.0,114.0,9.0,13.0
009671.jpg,person,70.0,113.0,9.0,12.0
009671.jpg,person,44.0,119.0,8.0,19.0
009676.jpg,car,215.0,117.0,18.0,60.0
009676.jpg,person,137.0,58.0,41.0,38.0
009676.jpg,person,68.0,53.0,28.0,30.0
009678.jpg,bus,117.0,142.0,190.0,135.0
009679.jpg,bottle,84.0,51.0,50.0,87.0
009679.jpg,bottle,127.0,57.0,28.0,86.0
009679.jpg,bottle,150.0,69.0,18.0,51.0
009679.jpg,bottle,182.0,54.0,34.0,79.0
009679.jpg,bottle,201.0,64.0,6.0,72.0
009681.jpg,aeroplane,100.0,106.0,195.0,100.0
009684.jpg,sofa,155.0,156.0,138.0,136.0
009684.jpg,person,98.0,131.0,145.0,186.0
009685.jpg,bus,121.0,151.0,195.0,125.0
009686.jpg,pottedplant,29.0,142.0,36.0,72.0
009686.jpg,pottedplant,62.0,128.0,34.0,79.0
009686.jpg,pottedplant,93.0,134.0,31.0,49.0
009686.jpg,pottedplant,126.0,114.0,34.0,77.0
009686.jpg,pottedplant,153.0,119.0,30.0,59.0
009686.jpg,pottedplant,177.0,119.0,22.0,51.0
009686.jpg,pottedplant,195.0,114.0,18.0,26.0
009686.jpg,pottedplant,209.0,108.0,25.0,33.0
009687.jpg,person,171.0,130.0,107.0,188.0
009687.jpg,person,62.0,134.0,124.0,179.0
009687.jpg,bottle,203.0,131.0,43.0,65.0
009687.jpg,bottle,28.0,190.0,30.0,69.0
009691.jpg,motorbike,112.0,175.0,222.0,98.0
009691.jpg,person,94.0,117.0,76.0,214.0
009692.jpg,bird,88.0,130.0,26.0,54.0
009692.jpg,bird,112.0,121.0,43.0,55.0
009693.jpg,person,91.0,111.0,94.0,204.0
009693.jpg,person,158.0,183.0,49.0,58.0
009693.jpg,sofa,118.0,136.0,211.0,176.0
009695.jpg,train,113.0,150.0,213.0,119.0
009698.jpg,horse,123.0,158.0,125.0,133.0
009698.jpg,person,166.0,113.0,90.0,223.0
009698.jpg,person,88.0,102.0,46.0,133.0
009698.jpg,person,48.0,129.0,54.0,190.0
009699.jpg,car,107.0,99.0,178.0,140.0
009699.jpg,car,202.0,58.0,43.0,56.0
009699.jpg,car,23.0,58.0,45.0,64.0
009699.jpg,car,151.0,42.0,67.0,37.0
009700.jpg,sheep,118.0,99.0,111.0,92.0
009702.jpg,aeroplane,169.0,45.0,37.0,24.0
009702.jpg,aeroplane,107.0,56.0,36.0,30.0
009702.jpg,aeroplane,112.0,103.0,36.0,24.0
009702.jpg,aeroplane,40.0,68.0,38.0,25.0
009702.jpg,aeroplane,54.0,106.0,35.0,24.0
009702.jpg,aeroplane,56.0,159.0,34.0,23.0
009703.jpg,bicycle,34.0,175.0,65.0,65.0
009703.jpg,bicycle,112.0,163.0,69.0,60.0
009703.jpg,bicycle,179.0,148.0,54.0,59.0
009703.jpg,person,187.0,127.0,42.0,82.0
009703.jpg,person,111.0,137.0,34.0,81.0
009703.jpg,person,73.0,116.0,18.0,75.0
009703.jpg,person,103.0,98.0,8.0,34.0
009703.jpg,person,171.0,108.0,12.0,47.0
009703.jpg,person,28.0,143.0,51.0,84.0
009706.jpg,diningtable,131.0,179.0,159.0,91.0
009707.jpg,cat,79.0,151.0,87.0,95.0
009709.jpg,bottle,189.0,112.0,70.0,223.0
009709.jpg,bottle,120.0,111.0,83.0,221.0
009709.jpg,bottle,42.0,110.0,84.0,219.0
009710.jpg,cow,122.0,141.0,205.0,165.0
009711.jpg,car,104.0,112.0,175.0,153.0
009711.jpg,car,207.0,111.0,35.0,43.0
009711.jpg,car,11.0,111.0,21.0,40.0
009711.jpg,car,13.0,91.0,26.0,27.0
009711.jpg,person,150.0,146.0,17.0,70.0
009711.jpg,person,178.0,153.0,19.0,59.0
009712.jpg,person,96.0,162.0,25.0,124.0
009712.jpg,person,120.0,166.0,25.0,116.0
009713.jpg,dog,116.0,120.0,131.0,171.0
009713.jpg,person,157.0,33.0,50.0,65.0
009713.jpg,person,82.0,32.0,46.0,63.0
009713.jpg,chair,192.0,54.0,62.0,103.0
009717.jpg,cow,27.0,131.0,52.0,55.0
009717.jpg,cow,154.0,181.0,73.0,85.0
009717.jpg,cow,101.0,150.0,39.0,81.0
009717.jpg,cow,74.0,139.0,27.0,38.0
009717.jpg,boat,179.0,85.0,53.0,69.0
009717.jpg,boat,129.0,79.0,45.0,55.0
009717.jpg,boat,85.0,77.0,38.0,48.0
009717.jpg,boat,62.0,86.0,20.0,28.0
009717.jpg,boat,13.0,81.0,24.0,23.0
009717.jpg,boat,65.0,29.0,17.0,10.0
009717.jpg,boat,112.0,33.0,12.0,8.0
009717.jpg,boat,212.0,76.0,24.0,14.0
009717.jpg,person,49.0,157.0,17.0,69.0
009718.jpg,train,67.0,133.0,132.0,35.0
009718.jpg,car,172.0,197.0,21.0,17.0
009718.jpg,car,90.0,212.0,35.0,21.0
009718.jpg,car,222.0,205.0,5.0,14.0
009718.jpg,person,45.0,215.0,6.0,13.0
009718.jpg,person,40.0,201.0,7.0,20.0
009718.jpg,person,209.0,216.0,7.0,16.0
009718.jpg,person,194.0,217.0,6.0,14.0
009718.jpg,person,97.0,217.0,4.0,14.0
009718.jpg,person,92.0,218.0,4.0,13.0
009718.jpg,person,86.0,219.0,6.0,10.0
009718.jpg,person,80.0,220.0,7.0,8.0
009718.jpg,person,74.0,218.0,4.0,12.0
009718.jpg,person,51.0,220.0,5.0,8.0
009718.jpg,person,55.0,221.0,6.0,7.0
009718.jpg,person,63.0,219.0,4.0,10.0
009718.jpg,person,63.0,215.0,5.0,8.0
009718.jpg,person,62.0,208.0,5.0,17.0
009718.jpg,person,213.0,185.0,4.0,17.0
009718.jpg,person,211.0,183.0,4.0,11.0
009719.jpg,horse,148.0,141.0,153.0,167.0
009719.jpg,horse,95.0,131.0,185.0,185.0
009721.jpg,chair,110.0,134.0,112.0,112.0
009721.jpg,person,81.0,140.0,131.0,145.0
009721.jpg,person,34.0,106.0,67.0,146.0
009724.jpg,cat,115.0,113.0,200.0,223.0
009726.jpg,person,152.0,120.0,96.0,137.0
009726.jpg,person,80.0,122.0,106.0,157.0
009726.jpg,person,18.0,175.0,35.0,99.0
009726.jpg,bottle,140.0,192.0,17.0,62.0
009726.jpg,bottle,168.0,189.0,15.0,64.0
009726.jpg,diningtable,124.0,201.0,191.0,47.0
009726.jpg,diningtable,26.0,119.0,52.0,51.0
009726.jpg,person,19.0,177.0,37.0,95.0
009729.jpg,car,107.0,108.0,121.0,133.0
009732.jpg,horse,102.0,128.0,148.0,157.0
009732.jpg,person,117.0,76.0,55.0,120.0
009733.jpg,car,124.0,109.0,181.0,212.0
009734.jpg,bus,106.0,108.0,104.0,99.0
009734.jpg,bus,216.0,111.0,15.0,44.0
009734.jpg,bus,173.0,107.0,10.0,15.0
009734.jpg,person,191.0,151.0,28.0,87.0
009735.jpg,chair,52.0,178.0,31.0,29.0
009737.jpg,sofa,115.0,147.0,216.0,152.0
009737.jpg,car,201.0,29.0,46.0,56.0
009738.jpg,person,149.0,163.0,74.0,98.0
009743.jpg,cat,110.0,114.0,86.0,33.0
009745.jpg,car,174.0,123.0,38.0,27.0
009745.jpg,car,70.0,137.0,52.0,45.0
009746.jpg,chair,81.0,160.0,100.0,127.0
009746.jpg,tvmonitor,104.0,87.0,41.0,58.0
009746.jpg,tvmonitor,153.0,97.0,15.0,17.0
009747.jpg,bicycle,148.0,179.0,42.0,58.0
009747.jpg,person,109.0,158.0,48.0,90.0
009747.jpg,bicycle,37.0,168.0,19.0,49.0
009748.jpg,dog,105.0,127.0,149.0,151.0
009749.jpg,bird,153.0,165.0,52.0,70.0
009749.jpg,bird,48.0,58.0,75.0,72.0
009754.jpg,person,134.0,135.0,109.0,122.0
009755.jpg,sofa,142.0,154.0,164.0,137.0
009755.jpg,person,119.0,128.0,46.0,80.0
009756.jpg,person,131.0,93.0,78.0,157.0
009756.jpg,motorbike,121.0,119.0,135.0,140.0
009758.jpg,diningtable,164.0,117.0,64.0,36.0
009758.jpg,diningtable,149.0,96.0,27.0,12.0
009758.jpg,diningtable,87.0,106.0,44.0,24.0
009758.jpg,diningtable,66.0,91.0,23.0,14.0
009758.jpg,diningtable,28.0,105.0,44.0,31.0
009758.jpg,diningtable,97.0,174.0,120.0,98.0
009758.jpg,chair,211.0,116.0,17.0,31.0
009758.jpg,chair,184.0,143.0,27.0,52.0
009758.jpg,chair,161.0,167.0,24.0,72.0
009758.jpg,chair,138.0,124.0,26.0,34.0
009758.jpg,chair,178.0,99.0,9.0,13.0
009758.jpg,chair,126.0,99.0,12.0,26.0
009758.jpg,chair,112.0,97.0,4.0,9.0
009758.jpg,chair,106.0,112.0,18.0,21.0
009758.jpg,chair,86.0,90.0,10.0,8.0
009758.jpg,chair,58.0,110.0,14.0,24.0
009758.jpg,chair,30.0,110.0,22.0,25.0
009758.jpg,chair,9.0,127.0,17.0,29.0
009758.jpg,chair,24.0,176.0,45.0,83.0
009758.jpg,chair,103.0,208.0,72.0,32.0
009761.jpg,bicycle,125.0,112.0,198.0,202.0
009762.jpg,bicycle,153.0,179.0,19.0,61.0
009762.jpg,person,89.0,112.0,5.0,17.0
009762.jpg,person,84.0,113.0,4.0,15.0
009762.jpg,person,79.0,111.0,4.0,19.0
009762.jpg,person,74.0,117.0,8.0,24.0
009762.jpg,person,97.0,113.0,6.0,25.0
009762.jpg,person,105.0,114.0,6.0,21.0
009762.jpg,person,55.0,117.0,8.0,18.0
009762.jpg,car,5.0,111.0,9.0,10.0
009762.jpg,bus,43.0,107.0,52.0,32.0
009763.jpg,sofa,112.0,112.0,224.0,223.0
009763.jpg,cat,171.0,119.0,91.0,82.0
009763.jpg,dog,84.0,105.0,131.0,171.0
009764.jpg,bus,162.0,141.0,108.0,125.0
009764.jpg,bus,61.0,131.0,95.0,159.0
009767.jpg,horse,108.0,138.0,94.0,173.0
009767.jpg,person,92.0,92.0,77.0,139.0
009772.jpg,cat,113.0,144.0,221.0,159.0
009773.jpg,person,107.0,94.0,45.0,104.0
009773.jpg,chair,130.0,131.0,76.0,110.0
009773.jpg,chair,170.0,91.0,26.0,42.0
009773.jpg,chair,213.0,98.0,21.0,39.0
009774.jpg,car,113.0,110.0,202.0,216.0
009774.jpg,car,186.0,47.0,38.0,37.0
009774.jpg,car,213.0,51.0,21.0,29.0
009776.jpg,person,115.0,124.0,58.0,190.0
009776.jpg,motorbike,99.0,143.0,164.0,140.0
009776.jpg,car,34.0,103.0,67.0,78.0
009778.jpg,train,41.0,109.0,65.0,82.0
009780.jpg,dog,186.0,139.0,77.0,146.0
009780.jpg,person,112.0,118.0,224.0,212.0
009780.jpg,sofa,112.0,49.0,224.0,95.0
009781.jpg,motorbike,128.0,108.0,157.0,139.0
009781.jpg,person,138.0,90.0,76.0,141.0
009785.jpg,car,105.0,129.0,143.0,173.0
009789.jpg,person,52.0,149.0,103.0,150.0
009789.jpg,person,164.0,129.0,120.0,191.0
009790.jpg,train,110.0,100.0,210.0,136.0
009792.jpg,chair,39.0,152.0,56.0,124.0
009792.jpg,chair,118.0,162.0,100.0,86.0
009792.jpg,person,93.0,136.0,51.0,90.0
009792.jpg,person,134.0,135.0,43.0,144.0
009792.jpg,person,196.0,155.0,56.0,109.0
009792.jpg,person,214.0,136.0,19.0,113.0
009794.jpg,cat,98.0,115.0,194.0,218.0
009796.jpg,person,155.0,133.0,55.0,173.0
009796.jpg,person,113.0,142.0,63.0,165.0
009796.jpg,person,102.0,95.0,111.0,88.0
009796.jpg,person,62.0,139.0,56.0,169.0
009797.jpg,dog,83.0,119.0,47.0,170.0
009797.jpg,dog,138.0,142.0,78.0,136.0
009800.jpg,bird,37.0,127.0,9.0,14.0
009800.jpg,bird,44.0,125.0,7.0,19.0
009800.jpg,bird,53.0,127.0,7.0,17.0
009800.jpg,bird,60.0,125.0,8.0,20.0
009800.jpg,bird,77.0,123.0,9.0,22.0
009800.jpg,bird,110.0,124.0,7.0,19.0
009800.jpg,bird,117.0,125.0,8.0,15.0
009800.jpg,bird,68.0,140.0,22.0,25.0
009800.jpg,person,149.0,158.0,42.0,131.0
009800.jpg,person,202.0,151.0,44.0,146.0
009800.jpg,person,14.0,149.0,27.0,149.0
009801.jpg,car,100.0,137.0,50.0,24.0
009801.jpg,car,8.0,139.0,14.0,14.0
009801.jpg,car,75.0,133.0,18.0,14.0
009801.jpg,car,173.0,135.0,16.0,9.0
009805.jpg,cat,110.0,122.0,132.0,85.0
009807.jpg,horse,149.0,132.0,127.0,182.0
009808.jpg,horse,99.0,118.0,175.0,197.0
009809.jpg,person,103.0,112.0,151.0,223.0
009810.jpg,car,110.0,108.0,199.0,133.0
009813.jpg,sofa,112.0,154.0,223.0,140.0
009813.jpg,person,153.0,124.0,141.0,91.0
009816.jpg,sheep,55.0,148.0,31.0,25.0
009816.jpg,sheep,77.0,137.0,19.0,13.0
009816.jpg,sheep,116.0,141.0,22.0,27.0
009816.jpg,sheep,154.0,132.0,22.0,20.0
009816.jpg,sheep,190.0,121.0,26.0,20.0
009816.jpg,sheep,202.0,116.0,22.0,19.0
009816.jpg,sheep,220.0,114.0,8.0,22.0
009816.jpg,sheep,149.0,123.0,22.0,17.0
009816.jpg,sheep,120.0,129.0,23.0,14.0
009819.jpg,diningtable,168.0,72.0,64.0,90.0
009819.jpg,chair,187.0,66.0,43.0,92.0
009819.jpg,cat,138.0,95.0,68.0,129.0
009822.jpg,car,74.0,109.0,17.0,15.0
009822.jpg,car,59.0,111.0,17.0,20.0
009822.jpg,person,157.0,121.0,7.0,22.0
009822.jpg,person,54.0,113.0,11.0,12.0
009822.jpg,person,69.0,121.0,10.0,30.0
009822.jpg,motorbike,69.0,127.0,10.0,19.0
009822.jpg,person,93.0,123.0,9.0,27.0
009822.jpg,motorbike,24.0,157.0,28.0,44.0
009822.jpg,motorbike,57.0,162.0,26.0,45.0
009822.jpg,motorbike,88.0,176.0,26.0,55.0
009822.jpg,motorbike,126.0,192.0,34.0,60.0
009822.jpg,motorbike,107.0,142.0,21.0,35.0
009822.jpg,motorbike,44.0,145.0,17.0,36.0
009822.jpg,person,128.0,171.0,26.0,68.0
009822.jpg,person,89.0,160.0,19.0,56.0
009822.jpg,person,58.0,146.0,22.0,48.0
009822.jpg,person,27.0,142.0,21.0,50.0
009822.jpg,person,44.0,134.0,14.0,39.0
009822.jpg,car,195.0,155.0,57.0,76.0
009822.jpg,motorbike,136.0,132.0,15.0,20.0
009822.jpg,motorbike,147.0,134.0,5.0,11.0
009822.jpg,person,135.0,126.0,11.0,27.0
009822.jpg,person,145.0,121.0,6.0,17.0
009822.jpg,person,7.0,120.0,9.0,29.0
009822.jpg,person,17.0,117.0,10.0,16.0
009822.jpg,person,33.0,111.0,8.0,13.0
009822.jpg,person,37.0,109.0,6.0,10.0
009822.jpg,motorbike,34.0,124.0,8.0,19.0
009822.jpg,motorbike,16.0,135.0,12.0,23.0
009822.jpg,bus,31.0,89.0,8.0,10.0
009822.jpg,person,176.0,126.0,7.0,23.0
009822.jpg,person,171.0,128.0,8.0,23.0
009822.jpg,person,185.0,127.0,10.0,13.0
009822.jpg,person,107.0,131.0,14.0,36.0
009823.jpg,dog,112.0,113.0,222.0,221.0
009825.jpg,chair,79.0,143.0,36.0,35.0
009828.jpg,chair,51.0,94.0,18.0,18.0
009828.jpg,chair,47.0,98.0,25.0,21.0
009828.jpg,chair,44.0,103.0,26.0,21.0
009828.jpg,chair,41.0,112.0,34.0,32.0
009828.jpg,chair,36.0,123.0,47.0,33.0
009828.jpg,chair,31.0,135.0,59.0,37.0
009828.jpg,chair,31.0,161.0,61.0,49.0
009828.jpg,chair,27.0,197.0,52.0,52.0
009828.jpg,chair,12.0,96.0,23.0,13.0
009828.jpg,person,123.0,113.0,139.0,222.0
009830.jpg,car,99.0,99.0,160.0,177.0
009831.jpg,train,155.0,120.0,137.0,177.0
009831.jpg,train,83.0,122.0,112.0,134.0
009832.jpg,bus,174.0,108.0,100.0,202.0
009833.jpg,chair,216.0,204.0,17.0,39.0
009833.jpg,chair,171.0,197.0,39.0,54.0
009833.jpg,chair,113.0,194.0,32.0,60.0
009833.jpg,chair,96.0,162.0,19.0,14.0
009833.jpg,chair,75.0,197.0,36.0,53.0
009833.jpg,chair,51.0,184.0,25.0,53.0
009833.jpg,chair,50.0,215.0,27.0,18.0
009833.jpg,chair,15.0,181.0,29.0,48.0
009833.jpg,chair,15.0,156.0,17.0,11.0
009834.jpg,car,120.0,119.0,162.0,138.0
009836.jpg,boat,111.0,116.0,49.0,65.0
009839.jpg,car,118.0,144.0,94.0,79.0
009839.jpg,car,200.0,118.0,21.0,36.0
009841.jpg,person,56.0,130.0,41.0,54.0
009841.jpg,horse,118.0,107.0,80.0,103.0
009842.jpg,sheep,199.0,56.0,51.0,111.0
009842.jpg,sheep,130.0,99.0,99.0,198.0
009845.jpg,car,218.0,135.0,12.0,23.0
009845.jpg,car,197.0,133.0,32.0,22.0
009845.jpg,person,96.0,154.0,13.0,59.0
009845.jpg,person,87.0,130.0,8.0,23.0
009845.jpg,bus,119.0,110.0,98.0,114.0
009848.jpg,person,97.0,127.0,65.0,157.0
009848.jpg,bicycle,84.0,175.0,117.0,99.0
009848.jpg,car,199.0,9.0,48.0,17.0
009851.jpg,horse,103.0,122.0,74.0,73.0
009851.jpg,horse,76.0,120.0,71.0,78.0
009851.jpg,person,107.0,96.0,16.0,57.0
009851.jpg,person,84.0,97.0,20.0,48.0
009851.jpg,person,208.0,108.0,6.0,15.0
009852.jpg,cat,142.0,148.0,147.0,152.0
009855.jpg,train,136.0,108.0,176.0,171.0
009858.jpg,aeroplane,84.0,120.0,85.0,29.0
009859.jpg,person,102.0,125.0,105.0,197.0
009860.jpg,train,124.0,107.0,190.0,187.0
009862.jpg,car,113.0,136.0,223.0,175.0
009863.jpg,car,133.0,90.0,88.0,48.0
009863.jpg,car,98.0,148.0,163.0,101.0
009865.jpg,cow,163.0,129.0,44.0,72.0
009865.jpg,cow,87.0,158.0,39.0,126.0
009865.jpg,cow,31.0,159.0,62.0,129.0
009865.jpg,cow,120.0,142.0,43.0,95.0
009867.jpg,tvmonitor,181.0,137.0,86.0,165.0
009867.jpg,tvmonitor,69.0,120.0,138.0,207.0
009867.jpg,person,156.0,62.0,136.0,124.0
009868.jpg,person,103.0,124.0,108.0,124.0
009869.jpg,person,80.0,114.0,157.0,220.0
009870.jpg,dog,165.0,119.0,87.0,145.0
009870.jpg,dog,76.0,105.0,129.0,154.0
009872.jpg,chair,39.0,165.0,43.0,41.0
009872.jpg,chair,94.0,165.0,47.0,36.0
009872.jpg,chair,144.0,162.0,40.0,37.0
009872.jpg,chair,173.0,203.0,69.0,41.0
009872.jpg,chair,87.0,204.0,72.0,39.0
009872.jpg,chair,20.0,204.0,39.0,41.0
009874.jpg,horse,125.0,149.0,86.0,150.0
009874.jpg,person,124.0,101.0,120.0,101.0
009877.jpg,person,98.0,135.0,192.0,178.0
009877.jpg,person,200.0,132.0,38.0,99.0
009878.jpg,sofa,100.0,140.0,134.0,137.0
009878.jpg,bottle,14.0,210.0,16.0,28.0
009878.jpg,person,69.0,108.0,60.0,88.0
009878.jpg,person,178.0,128.0,41.0,127.0
009878.jpg,person,135.0,143.0,48.0,162.0
009878.jpg,person,101.0,138.0,49.0,144.0
009878.jpg,pottedplant,40.0,64.0,65.0,124.0
009879.jpg,car,98.0,124.0,59.0,28.0
009879.jpg,car,215.0,122.0,17.0,47.0
009879.jpg,car,201.0,117.0,45.0,38.0
009879.jpg,person,170.0,131.0,22.0,67.0
009880.jpg,person,176.0,90.0,54.0,46.0
009880.jpg,person,199.0,96.0,50.0,68.0
009880.jpg,person,59.0,99.0,59.0,92.0
009880.jpg,person,118.0,139.0,198.0,169.0
009880.jpg,person,147.0,79.0,14.0,29.0
009881.jpg,tvmonitor,182.0,169.0,83.0,109.0
009881.jpg,person,29.0,144.0,56.0,161.0
009881.jpg,person,110.0,136.0,73.0,174.0
009882.jpg,tvmonitor,194.0,70.0,57.0,68.0
009882.jpg,tvmonitor,103.0,25.0,43.0,48.0
009882.jpg,person,179.0,149.0,65.0,150.0
009882.jpg,person,153.0,134.0,73.0,179.0
009882.jpg,person,124.0,64.0,41.0,104.0
009882.jpg,person,80.0,89.0,51.0,151.0
009882.jpg,person,30.0,97.0,51.0,146.0
009882.jpg,person,67.0,159.0,121.0,131.0
009884.jpg,pottedplant,109.0,135.0,141.0,177.0
009886.jpg,cat,108.0,111.0,138.0,142.0
009887.jpg,pottedplant,127.0,179.0,15.0,28.0
009887.jpg,pottedplant,109.0,173.0,19.0,33.0
009894.jpg,train,109.0,113.0,25.0,17.0
009896.jpg,cat,114.0,136.0,104.0,113.0
009897.jpg,cow,157.0,115.0,103.0,149.0
009897.jpg,cow,88.0,131.0,64.0,88.0
009898.jpg,car,112.0,112.0,222.0,221.0
009900.jpg,car,123.0,121.0,202.0,206.0
009900.jpg,person,204.0,28.0,36.0,55.0
009900.jpg,person,170.0,21.0,30.0,41.0
009900.jpg,person,112.0,13.0,22.0,24.0
009900.jpg,person,60.0,19.0,27.0,36.0
009902.jpg,bottle,61.0,55.0,13.0,42.0
009902.jpg,bottle,52.0,62.0,11.0,42.0
009902.jpg,bottle,65.0,50.0,9.0,37.0
009902.jpg,person,134.0,85.0,60.0,91.0
009902.jpg,person,51.0,138.0,91.0,158.0
009902.jpg,person,192.0,119.0,64.0,111.0
009904.jpg,car,69.0,164.0,53.0,21.0
009905.jpg,aeroplane,114.0,103.0,189.0,86.0
009905.jpg,aeroplane,23.0,112.0,44.0,43.0
009908.jpg,cow,143.0,134.0,61.0,65.0
009908.jpg,cow,81.0,113.0,65.0,94.0
009908.jpg,bird,133.0,102.0,18.0,12.0
009908.jpg,bird,73.0,56.0,16.0,29.0
009908.jpg,bird,54.0,136.0,9.0,33.0
009911.jpg,aeroplane,110.0,113.0,153.0,72.0
009913.jpg,car,109.0,102.0,182.0,107.0
009917.jpg,diningtable,114.0,185.0,219.0,77.0
009917.jpg,chair,146.0,102.0,65.0,57.0
009917.jpg,chair,46.0,115.0,81.0,81.0
009917.jpg,person,47.0,83.0,91.0,136.0
009917.jpg,person,169.0,88.0,67.0,115.0
009917.jpg,bottle,213.0,129.0,22.0,145.0
009918.jpg,dog,91.0,153.0,76.0,141.0
009918.jpg,person,145.0,89.0,127.0,137.0
009918.jpg,person,52.0,36.0,59.0,71.0
009918.jpg,person,60.0,111.0,120.0,221.0
009920.jpg,car,111.0,142.0,209.0,92.0
009920.jpg,car,61.0,95.0,70.0,13.0
009923.jpg,cat,82.0,162.0,63.0,124.0
009926.jpg,person,80.0,110.0,53.0,120.0
009926.jpg,person,177.0,109.0,86.0,211.0
009926.jpg,bicycle,80.0,143.0,91.0,99.0
009926.jpg,bicycle,166.0,156.0,65.0,137.0
009932.jpg,car,105.0,184.0,129.0,78.0
009935.jpg,person,159.0,157.0,73.0,130.0
009935.jpg,person,63.0,99.0,34.0,49.0
009935.jpg,person,17.0,119.0,32.0,78.0
009935.jpg,tvmonitor,198.0,125.0,21.0,67.0
009935.jpg,tvmonitor,173.0,105.0,20.0,48.0
009935.jpg,tvmonitor,58.0,85.0,23.0,26.0
009935.jpg,tvmonitor,22.0,91.0,23.0,32.0
009935.jpg,chair,43.0,178.0,56.0,91.0
009935.jpg,chair,63.0,139.0,29.0,78.0
009935.jpg,chair,143.0,182.0,48.0,84.0
009935.jpg,chair,17.0,148.0,33.0,77.0
009938.jpg,motorbike,102.0,118.0,82.0,170.0
009938.jpg,car,127.0,16.0,37.0,30.0
009939.jpg,sofa,74.0,101.0,112.0,66.0
009939.jpg,sofa,164.0,140.0,97.0,106.0
009940.jpg,bird,136.0,146.0,76.0,156.0
009940.jpg,bird,112.0,152.0,103.0,145.0
009942.jpg,person,52.0,70.0,94.0,139.0
009942.jpg,person,82.0,115.0,163.0,218.0
009942.jpg,person,171.0,113.0,105.0,223.0
009944.jpg,motorbike,93.0,139.0,108.0,116.0
009944.jpg,person,101.0,111.0,72.0,171.0
009945.jpg,sheep,221.0,123.0,6.0,7.0
009945.jpg,sheep,211.0,122.0,6.0,7.0
009945.jpg,sheep,186.0,130.0,23.0,19.0
009945.jpg,sheep,163.0,128.0,21.0,15.0
009945.jpg,sheep,151.0,121.0,8.0,5.0
009945.jpg,sheep,146.0,127.0,9.0,8.0
009945.jpg,sheep,133.0,128.0,17.0,14.0
009945.jpg,sheep,134.0,118.0,5.0,5.0
009945.jpg,sheep,126.0,124.0,7.0,5.0
009945.jpg,sheep,121.0,121.0,6.0,7.0
009945.jpg,sheep,114.0,129.0,17.0,14.0
009945.jpg,sheep,106.0,123.0,10.0,8.0
009945.jpg,sheep,82.0,118.0,8.0,6.0
009945.jpg,sheep,70.0,124.0,14.0,13.0
009945.jpg,sheep,50.0,128.0,18.0,18.0
009945.jpg,sheep,26.0,121.0,12.0,7.0
009945.jpg,sheep,17.0,120.0,8.0,7.0
009945.jpg,sheep,3.0,123.0,6.0,13.0
009945.jpg,sheep,5.0,114.0,7.0,5.0
009946.jpg,person,87.0,109.0,5.0,12.0
009946.jpg,person,85.0,119.0,8.0,26.0
009946.jpg,person,98.0,131.0,17.0,46.0
009946.jpg,train,155.0,143.0,137.0,116.0
009947.jpg,boat,123.0,93.0,91.0,103.0
009947.jpg,person,118.0,134.0,14.0,11.0
009949.jpg,sofa,141.0,141.0,167.0,137.0
009949.jpg,chair,156.0,184.0,137.0,80.0
009949.jpg,person,101.0,120.0,180.0,133.0
009949.jpg,person,120.0,89.0,57.0,82.0
009949.jpg,person,115.0,82.0,20.0,26.0
009950.jpg,train,112.0,113.0,224.0,223.0
009950.jpg,person,119.0,104.0,30.0,59.0
009954.jpg,horse,133.0,135.0,95.0,101.0
009954.jpg,person,73.0,93.0,19.0,31.0
009955.jpg,boat,117.0,115.0,154.0,39.0
009955.jpg,boat,139.0,133.0,67.0,15.0
009958.jpg,person,177.0,136.0,45.0,129.0
009958.jpg,person,81.0,99.0,29.0,53.0
009958.jpg,person,53.0,82.0,27.0,128.0
009958.jpg,person,50.0,55.0,32.0,57.0
009958.jpg,bicycle,57.0,147.0,45.0,131.0
009959.jpg,car,117.0,98.0,62.0,27.0
009961.jpg,dog,103.0,105.0,145.0,204.0
